126;11;57;21;56;150
137;166;168;193;166;137
76;9;9;9;43;76
96;96;41;41;41;30
43;75;43;75;86;75
159;75;58;183;145;156
74;87;74;87;159;74
180;135;107;118;96;121
43;45;105;43;45;53
26;60;153;81;39;167
99;99;68;68;26;99
67;162;150;67;56;150
194;194;23;86;166;23
93;123;31;31;123;93
28;64;33;33;64;33
15;48;15;15;5;5
63;138;33;33;63;33
83;175;190;68;171;158
179;44;112;179;132;112
82;26;70;26;82;82
31;20;31;20;31;24
66;49;49;66;14;66
144;19;170;117;144;19
58;39;39;10;39;10
23;71;23;71;23;120
96;54;54;54;115;96
49;73;49;49;73;196
92;74;58;74;92;92
14;61;14;189;61;14
70;38;38;29;73;29
63;90;63;82;90;63
122;53;45;53;45;45
81;129;186;71;86;79
29;7;29;7;7;92
10;140;74;74;74;10
46;46;16;46;174;16
94;18;18;18;14;14
37;23;23;37;23;37
30;83;30;83;193;83
146;103;103;84;84;193
14;63;14;14;63;70
77;60;57;27;11;126
61;61;13;13;13;68
139;172;73;132;194;113
148;53;53;187;148;191
91;167;71;91;71;91
25;25;175;127;45;175
146;39;33;33;33;39
21;35;33;158;119;112
53;53;53;53;53;143
99;99;99;169;77;77
31;31;31;49;49;53
14;63;14;63;14;123
54;54;48;30;48;30
65;137;34;153;74;84
15;82;15;15;58;58
59;88;88;91;91;88
38;106;188;38;38;93
47;15;156;47;15;15
25;51;178;71;47;154
183;159;175;184;123;26
5;5;25;160;5;25
48;186;14;159;106;141
78;187;121;104;121;187
26;26;70;70;70;28
78;78;101;49;78;49
106;93;25;93;25;25
159;101;86;193;18;54
190;49;63;49;63;190
63;63;51;51;51;143
72;197;85;156;85;72
184;6;6;54;54;6
12;188;12;173;173;136
10;10;193;193;48;48
7;7;107;9;7;9
23;23;32;23;32;80
24;24;86;55;55;55
17;42;42;17;42;172
114;5;5;25;25;25
36;46;146;36;46;46
38;60;60;38;60;137
23;31;31;23;110;110
135;134;165;165;200;200
28;23;71;71;23;23
139;25;7;25;7;7
149;98;45;149;45;109
93;157;63;10;10;157
75;91;26;91;26;26
200;20;85;20;85;20
171;189;46;198;46;189
126;42;32;42;32;126
31;175;31;175;64;114
48;48;73;149;48;73
21;18;21;18;23;53
13;80;80;72;13;80
22;197;22;100;197;100
154;15;140;187;188;170
81;81;73;101;73;73
62;161;37;20;88;150
161;77;56;77;56;56
53;42;42;183;53;42
63;61;62;114;97;194
32;78;20;78;32;32
161;85;114;85;114;128
39;24;30;195;40;94
104;69;86;69;69;20
138;138;169;26;68;169
40;73;47;97;136;181
148;148;88;148;23;16
56;97;47;163;163;47
95;97;84;97;97;84
55;55;153;110;170;170
43;159;157;159;184;157
60;60;64;64;151;60
46;46;16;11;36;46
175;188;152;54;25;173
136;191;16;16;63;136
63;75;63;75;31;75
90;90;90;90;117;90
173;135;56;166;113;199
173;33;33;85;85;85
58;143;131;181;46;44
189;118;200;44;183;48
123;91;172;29;91;172
99;99;15;15;15;80
181;11;182;106;37;78
98;90;90;182;90;98
182;72;199;199;106;72
146;40;40;146;88;27
127;131;170;170;144;127
26;61;118;61;26;61
49;49;49;87;39;39
77;74;77;149;74;74
64;96;96;5;96;5
80;11;173;161;62;150
15;87;15;87;103;15
14;31;31;31;35;35
61;86;61;17;86;86
98;98;92;157;98;92
80;144;144;36;147;186
108;177;177;19;19;108
126;105;158;11;11;105
32;32;32;80;13;80
156;90;30;156;30;161
160;83;62;62;62;83
138;156;167;167;131;138
97;47;47;121;97;97
70;13;70;70;13;150
87;62;62;87;79;62
6;6;82;82;40;6
44;68;163;199;105;132
92;92;92;32;53;32
150;78;107;120;57;32
84;54;54;149;84;84
176;16;24;111;119;77
47;106;106;16;101;16
144;39;51;144;39;147
64;187;19;165;147;152
44;44;155;93;163;93
165;47;47;25;25;25
51;134;100;134;100;121
51;190;57;57;101;190
68;97;68;159;68;97
114;106;47;33;58;194
52;184;128;52;53;52
9;41;9;41;9;173
47;172;97;105;61;76
86;183;183;171;183;91
25;25;48;92;92;25
64;81;81;11;64;81
27;32;172;147;126;54
42;197;192;59;184;56
38;38;17;38;168;34
44;132;11;44;11;11
44;44;141;141;78;110
17;74;20;74;17;74
177;159;119;65;193;180
154;45;122;41;154;45
85;99;85;85;99;41
31;31;14;14;192;14
64;64;17;84;17;64
37;37;110;6;6;6
74;59;74;49;52;52
65;95;89;152;26;151
171;152;193;17;42;52
28;83;28;28;83;191
99;66;115;30;113;53
26;26;99;28;26;28
87;25;25;171;25;87
30;60;30;94;60;60
157;157;155;197;68;197
79;163;108;179;77;126
72;85;72;85;88;85
60;81;81;199;60;199
99;148;130;133;14;100
47;151;85;97;85;47
26;26;61;61;43;26
70;70;14;14;12;39
117;178;118;53;150;79
82;122;82;158;117;122
54;181;35;54;54;35
134;42;42;83;57;57
93;81;19;29;75;107
77;121;74;77;74;77
89;198;19;198;19;126
98;44;98;98;127;44
72;72;57;72;57;166
19;51;51;12;12;51
43;89;89;43;152;89
58;74;74;58;106;58
144;49;20;49;20;20
197;171;151;84;72;25
64;178;64;89;64;89
121;10;116;48;184;133
37;190;91;52;78;70
11;142;118;118;172;11
40;193;53;53;40;53
162;95;162;194;163;194
158;37;36;37;36;37
46;39;46;39;88;46
65;28;65;65;28;91
186;143;180;37;172;94
59;59;43;82;59;43
25;95;55;102;15;145
38;17;31;26;31;38
83;57;83;49;49;49
20;66;49;66;20;66
96;76;76;96;120;76
197;174;197;142;106;142
194;70;194;70;177;177
139;129;177;139;177;129
157;144;169;153;95;173
140;68;140;173;70;68
30;49;53;30;53;53
96;57;108;96;96;57
88;150;13;116;83;81
5;46;5;46;133;5
108;87;58;78;85;104
45;141;63;63;45;178
13;141;60;13;60;60
77;81;81;77;77;110
26;193;163;126;26;163
28;96;85;28;85;28
195;195;193;195;44;178
148;130;140;174;140;148
50;50;95;95;95;165
20;53;53;53;42;20
43;121;87;87;43;196
41;76;33;33;76;76
18;18;51;51;18;180
171;67;67;36;36;36
190;135;166;95;139;68
179;196;21;90;62;122
168;46;49;93;27;53
180;40;50;125;91;121
80;42;42;72;80;42
16;16;29;144;29;29
24;49;66;24;66;66
43;13;13;11;13;11
132;111;164;111;164;21
175;133;83;152;37;127
24;93;93;24;23;24
38;96;72;96;72;72
32;38;32;38;38;131
70;70;70;26;197;26
39;82;39;27;82;27
12;73;157;12;73;12
86;18;18;22;18;22
42;134;169;38;36;190
122;21;126;21;51;126
60;85;85;73;73;85
166;173;173;58;173;39
151;75;75;22;22;75
51;71;51;71;89;71
175;192;20;20;175;35
15;15;41;104;15;41
14;8;14;14;8;59
96;38;96;77;96;38
133;30;138;56;142;195
30;82;82;30;30;133
149;35;73;35;73;35
91;65;34;65;65;91
82;103;47;82;172;47
127;62;99;42;109;198
27;27;170;81;27;81
19;101;101;45;45;134
110;79;110;104;129;129
46;96;46;96;183;96
33;33;149;149;176;196
160;39;107;61;130;155
125;16;14;125;98;98
54;30;30;169;30;54
169;130;39;39;145;169
119;16;16;73;73;73
136;10;197;129;38;104
103;160;199;160;24;24
33;55;102;159;34;114
37;73;37;150;58;150
9;9;13;51;51;51
12;56;12;74;12;56
81;89;89;61;89;61
183;39;173;146;198;171
25;84;84;84;104;25
67;90;44;90;90;44
105;84;48;105;196;48
50;50;8;80;50;8
56;70;80;119;172;197
11;82;11;90;11;90
37;37;95;95;95;200
43;43;80;80;43;58
69;69;59;56;61;61
75;160;17;17;75;17
57;148;103;99;96;45
58;136;69;142;174;63
182;88;88;38;38;41
160;124;147;124;160;147
107;134;89;134;92;107
190;20;151;141;38;136
59;68;68;59;188;59
107;107;98;187;187;98
62;62;37;70;70;70
72;72;72;38;199;38
32;52;32;52;81;32
60;40;60;40;26;40
18;14;104;123;110;40
144;43;54;54;54;43
159;102;174;102;92;176
174;174;75;82;52;82
46;46;31;111;111;31
185;70;134;134;134;185
14;14;14;93;93;187
46;46;21;46;174;21
152;5;5;5;29;29
20;19;76;19;19;76
198;185;129;13;117;171
76;76;48;34;48;76
182;59;127;103;57;155
164;74;57;83;74;57
112;29;112;194;29;167
41;35;35;98;35;98
174;108;114;174;105;105
191;180;178;72;180;178
97;152;40;97;152;40
15;188;43;71;197;134
134;191;185;168;179;125
133;185;143;102;87;72
154;93;93;56;175;154
59;14;168;14;69;59
182;89;89;61;61;89
11;11;94;94;45;11
154;153;153;37;154;37
124;193;67;28;89;43
96;96;96;85;96;96
76;76;81;81;81;64
35;174;35;64;64;64
86;30;96;96;49;30
17;73;62;113;155;75
44;72;72;72;71;44
132;14;89;89;23;132
182;194;196;129;148;23
5;157;67;5;67;67
7;24;7;163;24;24
29;145;156;157;120;122
31;90;61;31;90;31
72;72;72;54;86;86
13;182;13;75;75;13
27;20;27;123;83;20
34;164;17;34;17;17
144;45;45;15;15;45
49;98;120;98;49;49
39;9;39;90;39;9
117;109;29;23;29;23
77;194;65;77;77;65
36;61;36;12;36;12
90;26;20;20;26;26
35;57;57;35;57;132
52;10;33;33;33;10
102;52;55;52;55;55
147;173;19;147;147;85
150;134;47;150;134;192
30;27;30;27;30;54
54;18;18;80;54;18
50;50;149;162;50;149
71;32;49;32;32;71
74;74;49;123;74;49
65;64;65;65;132;64
121;182;85;85;182;169
19;179;179;185;185;118
83;16;16;25;70;70
96;27;58;144;188;139
86;86;14;14;86;86
28;76;76;62;62;76
100;65;65;105;129;105
52;96;131;168;120;13
75;75;75;12;12;179
138;47;113;46;179;151
68;198;17;17;68;17
46;46;159;99;46;99
180;82;75;185;33;21
88;56;193;108;175;193
42;144;57;42;57;144
169;72;72;169;87;171
169;118;199;200;200;169
101;177;177;100;35;100
55;15;46;132;55;15
142;182;92;133;133;92
104;128;104;92;92;128
174;28;28;100;100;160
134;169;86;169;134;86
71;154;102;196;174;39
16;16;21;16;68;21
115;163;160;115;160;74
11;11;12;10;10;11
89;89;185;44;44;44
147;93;192;93;47;192
140;183;147;57;116;12
142;159;60;159;60;142
122;99;99;89;89;122
5;20;5;61;5;61
82;82;107;88;88;82
60;57;57;72;180;60
36;38;38;38;36;22
148;44;44;84;199;84
79;79;18;79;44;44
59;162;118;118;162;178
20;20;61;61;20;192
39;41;195;199;17;46
45;90;82;90;82;82
167;167;116;126;44;44
51;101;7;51;51;7
26;67;160;26;67;67
179;70;70;58;165;58
98;117;144;123;103;158
187;57;19;57;19;57
25;17;25;25;17;30
84;14;14;84;182;84
49;49;28;149;49;28
131;11;11;80;80;80
84;169;16;84;16;16
166;148;166;31;31;116
178;161;18;180;91;20
83;49;82;188;57;192
80;12;80;181;12;36
31;24;182;95;44;167
73;17;134;181;17;73
9;69;73;9;69;9
28;94;175;126;85;34
60;32;99;184;124;190
29;93;29;29;50;50
150;150;108;181;79;181
195;39;25;195;182;145
46;29;29;120;30;46
58;58;52;136;52;58
36;36;83;16;83;83
121;70;121;148;152;152
195;73;76;93;76;73
86;130;200;86;130;178
21;64;139;64;21;64
122;115;37;165;62;39
31;27;31;31;25;27
33;50;32;50;32;32
38;25;145;25;38;38
91;26;91;26;26;75
135;75;79;79;75;79
178;98;178;168;112;168
49;27;27;49;177;49
17;48;59;59;17;59
128;36;65;65;36;65
158;52;52;52;70;70
167;68;136;94;68;136
84;105;84;84;47;47
44;21;42;21;21;44
24;198;131;197;197;198
161;192;134;161;192;16
18;35;35;18;140;18
72;72;51;72;85;51
195;142;46;115;46;115
10;10;47;47;70;47
163;71;163;71;164;172
87;87;87;87;146;87
189;189;50;156;187;50
68;30;144;68;30;68
175;111;151;158;129;180
80;80;80;139;80;80
45;45;11;45;12;12
56;56;29;29;56;170
53;66;53;66;139;66
165;55;117;55;152;165
76;151;5;5;5;76
43;67;43;43;27;67
40;40;89;9;9;40
166;27;67;21;21;67
109;199;53;156;122;152
57;57;105;57;19;19
34;13;194;34;13;13
58;31;58;188;58;31
79;115;45;195;90;119
124;64;66;64;66;66
96;83;146;96;83;83
161;106;161;170;170;186
34;54;15;34;34;54
80;28;80;104;28;28
19;128;47;19;19;47
44;83;32;32;32;44
92;73;92;144;73;169
5;5;32;5;97;32
22;175;22;95;22;95
69;69;166;39;58;69
86;76;89;197;29;78
24;115;140;145;24;140
94;98;94;98;25;98
159;119;83;100;84;118
34;12;145;137;170;152
174;122;111;142;30;184
11;131;192;190;192;131
183;62;49;49;62;62
55;55;55;49;35;35
190;69;166;150;188;125
173;173;138;106;164;106
16;52;52;16;31;31
72;11;179;131;146;182
11;173;127;139;11;173
164;197;135;99;138;96
51;54;54;30;30;54
51;173;185;17;148;31
134;110;76;186;128;38
27;123;32;51;111;40
189;83;192;165;109;10
191;34;38;34;38;191
83;170;89;186;16;11
43;89;43;185;43;89
81;48;138;153;81;48
102;45;125;102;125;45
119;51;119;71;195;71
56;56;80;56;61;61
146;27;138;146;139;138
116;116;128;116;53;184
123;92;123;83;83;174
55;117;25;191;79;97
67;7;176;67;7;7
46;92;92;63;92;63
183;173;29;127;39;19
110;76;42;76;76;42
33;33;16;16;192;16
197;98;56;120;120;18
73;30;73;128;30;30
5;19;5;60;19;19
129;123;114;139;133;120
152;63;152;60;63;127
76;27;191;139;53;113
63;92;198;85;196;97
94;125;62;120;94;125
6;69;86;69;6;6
23;203;203;16;88;203
43;18;43;18;74;43
173;131;173;179;197;131
18;59;122;18;59;18
83;138;27;98;76;175
8;93;93;30;8;8
33;34;34;33;179;34
8;197;91;8;91;8
186;38;132;38;38;120
96;96;88;46;46;46
135;41;61;61;41;41
174;186;75;75;158;158
71;31;92;28;28;71
111;55;93;93;156;55
99;99;66;66;52;99
65;14;43;14;14;43
199;14;87;192;87;199
13;84;134;84;13;13
121;157;159;157;38;159
78;79;78;171;78;79
157;110;61;56;58;123
26;70;14;70;70;14
43;128;97;97;128;151
98;110;114;162;50;176
51;190;87;87;87;51
30;170;115;184;54;141
91;91;23;23;23;182
53;64;27;53;64;64
68;191;166;166;157;68
40;25;40;25;90;40
94;94;94;13;15;13
47;27;129;47;47;129
107;107;60;16;16;60
33;33;74;33;94;94
79;35;88;79;35;35
71;99;40;40;99;99
156;74;156;86;41;86
163;13;108;104;163;104
44;63;63;44;63;195
83;83;83;103;55;55
31;117;31;28;28;31
89;39;39;78;39;89
114;30;52;30;30;52
85;85;36;36;36;37
27;79;159;27;116;159
141;68;68;61;68;61
40;40;92;92;40;144
40;40;51;51;40;159
10;200;199;165;165;10
105;103;16;82;46;65
27;44;149;31;44;149
99;45;127;99;45;99
64;64;64;97;123;97
191;38;44;44;38;38
121;22;22;56;56;56
102;80;76;150;120;90
39;65;65;10;65;10
65;124;188;97;23;188
107;78;167;87;94;45
23;134;93;149;23;149
52;175;52;90;90;90
60;12;12;60;30;60
92;119;92;44;44;92
195;49;49;76;76;76
33;86;33;196;33;86
121;33;180;170;60;34
104;135;84;135;162;162
52;48;52;48;48;48
14;25;14;25;23;25
39;39;94;94;189;94
81;102;160;124;147;52
69;142;10;142;69;10
51;70;51;17;70;51
71;71;170;71;17;17
192;73;118;16;28;197
21;21;51;71;21;71
35;58;68;58;35;35
137;73;67;137;73;50
80;89;89;121;80;89
19;85;19;85;85;159
59;126;51;30;121;115
79;79;87;87;48;87
52;58;52;58;52;196
74;175;49;109;184;108
47;32;32;32;35;47
93;158;21;21;21;93
42;42;26;154;42;26
12;9;122;12;12;9
58;92;58;94;34;34
55;34;55;34;34;149
108;108;139;170;139;170
98;86;98;98;86;136
154;49;42;71;49;154
72;39;79;79;72;72
60;60;91;162;162;30
56;91;56;91;91;186
85;85;53;85;19;19
12;137;18;130;22;91
95;95;95;75;75;124
21;21;75;75;54;21
120;165;64;127;128;188
19;70;70;70;19;143
195;195;45;45;11;52
59;195;33;134;66;47
80;26;80;172;26;80
49;126;17;17;49;49
65;92;135;65;199;199
13;34;37;37;34;37
29;15;29;29;15;70
53;183;184;183;128;183
75;62;75;42;42;62
142;82;82;75;75;75
43;115;188;135;72;77
26;174;149;149;26;140
93;15;18;93;15;15
135;107;43;167;135;107
15;15;15;69;180;69
172;199;172;172;52;101
81;152;68;81;152;186
148;148;110;45;132;45
59;166;42;60;177;23
32;63;63;32;168;63
64;123;194;194;123;64
77;75;109;40;72;32
77;101;174;12;118;70
17;85;85;70;17;85
13;86;73;188;142;163
44;131;133;199;21;72
148;46;120;188;72;30
31;79;79;64;79;64
29;91;29;91;140;91
20;20;49;88;88;20
142;160;37;116;116;107
72;197;55;103;14;167
74;86;86;86;110;74
66;66;30;187;30;30
172;172;131;175;175;58
109;50;166;166;109;98
83;55;83;55;149;83
31;31;71;31;71;158
90;30;90;30;86;90
106;25;184;12;93;90
169;157;169;157;45;45
27;16;55;191;137;179
95;49;49;130;49;95
194;23;194;192;23;192
52;56;52;56;137;52
176;65;200;176;200;111
159;179;101;25;109;39
106;106;43;106;182;105
36;55;36;81;81;81
50;50;55;55;80;55
8;72;137;72;72;8
54;54;64;115;64;54
11;178;66;66;66;11
172;12;8;8;8;12
16;7;89;89;7;89
88;190;174;190;187;174
100;139;16;67;142;20
173;184;184;44;173;98
194;55;22;55;22;22
176;153;70;155;25;167
147;29;98;150;150;98
84;86;84;19;19;84
67;67;67;84;28;84
28;28;181;94;94;94
189;140;141;27;141;140
36;199;73;36;73;36
9;49;24;24;9;9
71;198;169;100;60;167
54;76;76;76;117;54
16;34;40;16;16;40
12;12;12;39;12;12
58;136;78;53;128;52
64;29;29;29;64;29
158;52;169;162;158;162
24;24;73;73;36;179
128;166;34;12;128;12
89;29;108;36;108;89
63;130;31;31;31;63
15;15;15;136;47;47
93;52;93;52;93;172
11;103;59;59;59;11
89;154;132;149;93;100
46;62;72;61;61;46
176;200;186;171;112;155
40;187;187;37;148;37
99;99;59;121;44;44
123;123;163;13;163;48
83;189;167;40;40;167
62;176;62;69;69;62
29;138;16;72;29;16
10;36;10;36;36;147
40;40;180;40;92;92
94;18;18;139;94;83
32;186;88;32;88;88
81;81;121;119;97;121
52;28;183;88;115;167
95;189;10;123;10;95
135;157;157;63;135;136
63;33;96;84;114;13
193;96;47;96;47;96
79;20;20;20;180;79
142;41;32;12;142;32
53;42;53;10;10;10
29;29;29;29;29;59
187;47;187;47;29;121
5;6;6;111;5;5
156;140;54;184;123;173
164;35;53;53;53;35
79;79;54;72;54;79
15;111;61;104;194;50
33;196;174;122;174;196
73;162;37;194;182;61
71;138;138;124;44;124
13;13;35;96;96;13
129;137;131;179;129;184
8;64;58;64;8;8
114;67;63;63;63;67
102;168;163;63;86;190
36;36;14;14;20;14
49;115;91;49;91;91
77;35;77;77;35;45
144;95;91;144;105;105
49;91;91;88;88;91
87;87;166;85;85;85
169;94;89;94;89;89
81;81;81;43;38;38
72;40;62;92;72;62
99;144;99;92;99;92
80;30;102;151;95;61
14;50;14;14;10;10
135;49;60;49;60;49
198;139;51;152;152;198
33;42;33;42;33;22
98;80;80;124;98;80
162;152;51;19;50;64
100;84;165;20;165;84
9;86;9;9;136;86
64;16;65;65;64;64
37;37;100;36;36;37
24;7;24;7;7;200
30;30;56;30;83;83
88;25;89;89;25;25
45;77;77;86;77;86
11;96;65;96;97;97
159;173;159;84;173;50
89;100;139;141;165;169
98;98;35;80;80;80
188;188;77;119;77;119
95;30;16;95;95;30
16;16;82;82;16;13
47;14;185;47;47;14
49;22;22;49;22;136
43;43;49;107;108;74
68;82;68;56;82;82
115;157;148;47;68;38
195;112;113;49;93;136
69;23;23;69;87;23
172;43;172;41;41;133
85;85;77;85;134;77
96;72;72;96;72;174
50;36;50;36;114;50
82;82;82;11;78;11
141;80;141;80;53;53
98;61;97;98;97;97
61;23;55;23;55;55
21;21;21;82;11;11
23;103;24;181;172;50
35;88;88;140;88;150
121;15;53;15;53;15
105;59;171;168;168;105
155;40;53;53;40;41
79;116;91;48;134;165
138;123;123;136;136;138
185;112;178;89;89;178
75;48;75;75;48;54
145;64;105;61;82;68
7;49;7;99;49;49
52;153;153;52;118;121
29;67;124;67;29;29
24;24;40;40;38;40
70;120;14;70;14;14
65;6;65;44;6;6
112;104;193;193;104;30
68;68;191;55;191;106
22;83;95;95;22;95
39;166;29;199;136;51
87;82;82;136;87;87
65;20;87;87;65;87
79;136;118;105;23;195
145;84;145;100;84;86
154;155;155;154;156;156
167;108;53;129;23;73
48;22;48;193;22;48
190;150;76;11;31;68
97;97;97;67;112;67
59;14;59;153;59;14
55;22;22;9;9;9
21;98;114;187;144;36
156;129;130;188;63;146
8;29;8;8;119;29
73;73;98;98;98;71
95;56;54;54;95;95
77;43;43;77;43;66
60;126;30;52;126;30
38;38;38;79;170;79
133;78;190;11;134;59
164;176;141;81;77;26
51;51;51;40;173;40
16;32;178;187;73;132
84;32;84;32;32;130
52;21;21;21;52;25
141;172;54;156;172;159
59;195;59;167;195;167
120;134;108;58;190;10
151;41;43;163;77;110
56;18;56;18;97;56
78;57;125;96;182;110
170;157;119;86;82;156
67;67;125;44;44;44
8;154;7;7;7;8
89;89;24;36;36;36
75;51;49;196;196;49
38;35;38;35;188;38
147;110;193;147;128;193
27;153;21;158;148;101
63;82;100;191;187;55
55;150;41;125;41;150
81;87;81;81;87;96
88;154;100;154;126;126
49;20;147;92;49;20
30;30;95;30;31;31
82;43;82;82;82;82
85;53;85;85;53;57
33;76;76;76;96;96
96;161;140;96;140;161
83;65;83;139;83;65
89;148;133;30;163;10
31;55;31;55;31;128
151;68;16;16;68;16
88;88;33;33;60;33
173;173;77;80;170;80
57;34;34;34;17;21
90;127;71;55;121;125
90;85;77;77;90;196
37;37;152;6;6;37
61;109;143;51;109;51
5;5;15;15;174;15
148;43;43;89;89;148
163;67;163;57;186;57
14;14;14;101;75;75
15;15;97;97;75;97
85;129;85;52;85;52
63;67;42;67;63;67
41;58;61;61;41;41
62;103;62;62;48;48
113;158;196;196;76;158
152;7;93;93;93;7
15;15;175;60;60;60
97;148;157;147;147;157
174;199;174;101;174;52
59;182;59;38;59;38
104;28;98;28;104;83
56;44;130;65;136;192
155;150;108;155;108;194
79;89;89;133;79;79
55;17;77;77;17;77
23;23;151;49;23;49
111;134;111;55;187;134
113;113;64;73;64;103
40;200;200;200;113;29
31;54;45;145;146;56
169;133;103;194;169;194
82;48;68;82;68;68
13;12;60;60;60;13
84;75;84;93;75;93
99;96;96;15;99;96
24;162;174;60;71;40
22;72;135;72;22;72
170;66;170;88;74;88
181;119;73;119;73;197
180;39;181;66;185;126
98;77;85;29;85;98
27;137;47;27;54;137
89;133;30;89;30;30
32;56;56;88;88;56
67;98;98;98;105;67
49;28;28;28;137;49
156;73;73;36;36;73
52;29;44;44;52;43
72;91;173;110;141;55
45;198;19;39;32;80
67;67;76;21;21;67
82;121;144;159;12;196
165;54;27;27;27;54
68;143;101;101;45;45
37;43;198;99;57;122
94;127;81;112;64;166
10;18;18;18;32;32
28;133;93;130;50;115
121;75;121;194;172;75
163;80;163;41;41;200
147;66;143;147;66;161
18;64;30;128;64;128
48;12;12;172;48;12
87;87;87;78;78;41
151;33;189;156;151;189
90;101;37;37;90;37
165;35;113;41;84;89
24;6;6;96;96;6
133;133;188;185;185;57
143;87;143;197;197;174
168;107;138;80;138;107
24;62;92;24;92;92
82;151;169;141;35;29
103;177;165;86;200;120
8;16;8;153;16;16
125;47;59;124;109;138
86;20;85;104;85;85
35;20;35;35;20;188
66;66;58;56;56;66
67;90;78;90;78;90
150;96;59;127;140;99
56;80;180;137;24;189
11;141;168;141;74;168
156;139;156;156;92;155
151;29;69;167;105;52
67;67;67;101;29;29
145;171;97;171;195;195
33;22;22;33;33;150
101;29;29;29;83;83
62;28;83;64;129;48
104;14;123;123;167;167
90;61;90;150;90;61
95;74;95;74;74;20
93;5;5;5;93;31
53;53;63;63;49;53
97;56;70;56;97;56
17;162;180;163;192;78
98;49;79;48;51;135
16;106;17;144;147;143
146;72;72;85;85;85
83;139;16;162;111;88
105;157;105;184;138;157
48;109;67;48;67;67
35;147;147;16;142;142
48;48;48;45;45;48
47;90;57;57;47;47
42;21;64;45;148;49
23;23;60;47;47;47
38;87;14;87;87;14
52;144;52;25;25;52
109;83;83;83;45;45
171;52;119;120;17;29
13;77;158;77;77;13
87;52;103;27;92;126
46;88;46;31;88;88
35;84;84;57;167;167
107;156;190;190;107;156
125;159;28;159;28;125
100;33;35;33;35;33
117;45;132;13;117;45
46;13;63;25;52;152
126;47;118;118;51;126
184;74;43;50;103;116
147;11;34;11;34;11
71;12;71;99;99;71
97;97;8;121;8;97
31;13;89;189;136;136
79;53;53;84;79;53
76;76;76;34;76;34
138;138;72;65;72;65
97;36;169;142;84;66
48;117;194;187;117;48
6;45;6;6;41;45
73;112;93;48;60;59
120;67;61;67;67;61
69;48;69;48;48;139
59;87;59;59;13;87
139;93;91;127;78;161
50;50;19;19;50;94
98;49;98;98;80;49
96;58;58;58;65;96
90;199;111;55;160;46
188;153;176;151;178;139
122;175;46;122;148;175
60;60;60;181;69;69
154;50;21;151;190;129
93;81;93;156;81;93
52;83;173;11;69;51
7;10;10;26;7;7
125;165;113;150;27;126
77;148;77;26;77;26
61;22;43;41;120;178
84;34;166;52;110;29
64;55;64;55;55;41
91;91;191;164;173;164
116;108;116;131;131;108
91;41;190;70;190;41
171;146;86;146;146;91
43;89;89;43;43;68
108;121;56;108;20;56
47;47;87;87;72;72
81;81;35;186;81;35
44;76;76;76;44;76
84;79;84;156;79;79
43;70;164;86;90;86
139;122;70;156;200;48
111;164;12;126;143;178
55;13;13;55;17;55
72;88;88;72;69;72
153;106;164;119;181;36
200;104;188;104;116;116
43;156;128;121;155;19
179;68;77;77;68;68
126;21;119;22;65;187
6;6;53;53;6;116
96;72;97;96;96;72
188;51;40;40;74;74
107;29;29;107;38;173
45;45;72;45;55;55
62;134;33;62;134;55
19;19;19;97;189;97
76;88;69;88;88;76
133;60;26;80;142;143
20;61;135;110;92;167
74;129;129;144;144;186
60;60;161;47;47;60
148;140;148;69;134;134
113;27;85;112;27;113
43;140;44;49;89;123
84;43;84;70;70;84
59;34;59;48;48;59
49;95;49;20;49;95
182;128;128;129;88;182
8;94;140;8;94;94
79;108;79;104;134;108
37;73;37;73;159;73
97;141;164;19;112;93
155;144;126;76;155;126
7;27;7;27;194;27
127;108;136;29;108;29
39;39;23;23;39;64
75;69;75;75;69;121
80;61;42;140;127;137
42;60;42;55;55;55
74;47;47;99;99;99
88;75;88;75;88;98
89;112;112;119;47;47
63;105;23;25;25;23
30;29;96;96;30;30
181;191;191;99;193;193
18;18;139;18;82;82
81;85;81;188;85;85
106;129;140;106;140;39
5;8;5;8;5;174
188;53;99;184;190;193
67;179;43;179;183;40
84;84;82;87;82;61
54;54;187;187;76;163
26;151;35;123;123;26
90;36;75;36;90;36
64;50;50;172;50;64
24;20;93;93;93;24
90;87;46;125;103;105
58;58;58;114;19;19
19;47;40;47;70;70
196;107;23;73;195;89
177;12;14;187;133;148
139;28;107;28;139;143
96;83;83;96;129;96
192;173;126;20;126;192
22;69;174;137;122;111
12;86;144;12;86;86
40;56;40;113;56;40
78;39;95;95;95;39
25;38;38;16;25;38
148;20;20;22;22;20
54;33;33;33;99;99
62;112;89;89;62;62
152;177;177;152;28;14
7;8;95;8;8;7
130;153;200;153;200;188
125;117;82;191;27;79
12;76;16;16;12;16
105;135;195;140;140;105
175;175;43;173;173;156
82;64;26;152;84;70
169;192;165;188;61;24
84;151;84;180;180;10
63;6;37;6;6;63
62;62;62;141;62;62
140;93;78;93;78;93
44;150;44;186;109;186
186;41;95;95;95;41
5;17;17;5;5;144
24;32;70;68;68;70
162;95;95;17;95;17
69;41;41;41;126;69
43;43;91;13;13;13
46;40;50;40;50;40
138;80;80;53;53;80
203;97;203;203;178;22
26;23;152;23;26;152
195;14;14;14;10;10
84;9;9;84;22;9
25;65;62;40;24;12
158;71;166;87;89;128
59;59;75;45;45;119
35;168;18;98;161;127
31;56;131;46;92;47
17;57;111;111;111;21
168;24;137;198;152;10
154;112;22;184;184;112
53;28;28;14;53;28
187;129;132;129;132;187
47;84;84;47;84;68
63;71;63;8;8;63
122;160;160;117;122;192
137;137;161;55;55;67
81;82;81;82;82;103
156;98;59;149;146;37
18;54;54;18;18;57
50;91;116;168;123;78
59;7;38;38;38;7
81;81;106;92;92;81
141;165;93;16;45;151
48;48;142;65;86;65
153;78;50;50;50;78
106;112;25;14;163;55
74;16;25;74;25;74
41;6;41;58;6;41
141;66;79;79;66;66
53;79;128;184;79;79
147;32;30;30;32;30
132;132;39;20;135;20
83;83;88;55;55;55
174;109;24;84;108;89
122;95;26;26;122;75
77;61;61;37;164;37
21;21;89;21;197;21
81;63;49;63;49;49
88;62;62;88;62;187
23;26;26;23;73;26
36;36;36;22;15;22
32;62;27;32;27;62
17;17;140;140;175;175
110;22;71;110;157;71
82;85;45;85;85;82
21;13;21;21;13;64
102;151;78;17;131;27
79;27;181;27;27;79
49;54;26;26;49;26
28;28;98;98;92;98
55;39;55;184;55;39
68;190;43;68;190;124
37;57;37;57;37;109
98;9;98;9;179;98
54;96;54;96;54;32
113;60;113;113;60;53
147;90;81;147;90;81
55;107;44;63;75;158
31;166;62;66;62;166
127;95;103;141;195;127
159;51;82;51;82;82
194;58;162;194;162;140
81;81;109;81;63;63
44;8;60;8;60;8
83;121;101;22;174;57
78;188;78;188;97;97
11;12;120;11;12;12
132;193;162;132;97;193
61;60;60;72;60;72
17;55;53;53;53;17
88;28;164;113;134;157
180;107;137;145;68;121
174;43;92;129;96;25
97;97;97;86;30;86
156;30;197;197;98;98
52;129;93;52;93;93
165;68;53;169;172;140
16;16;16;98;16;16
56;86;126;56;86;56
25;8;8;25;8;28
69;68;68;48;48;48
66;42;42;66;42;97
107;107;59;161;59;129
20;20;47;20;71;47
108;137;142;14;101;105
19;58;65;63;27;113
142;142;195;194;146;194
74;107;107;164;74;145
19;21;149;19;19;21
123;157;61;157;162;61
29;38;38;29;29;108
69;91;91;153;166;166
43;27;27;27;43;49
83;69;181;69;83;83
68;68;152;60;68;60
15;15;13;13;15;41
17;61;17;17;129;61
97;18;102;97;18;18
59;48;157;48;40;157
104;86;107;107;20;107
57;51;62;51;62;57
164;83;83;60;164;92
6;6;92;6;92;63
8;63;152;8;8;63
59;31;113;114;114;113
62;92;112;92;62;62
49;176;59;127;198;92
111;74;12;12;12;74
66;80;124;167;193;128
97;76;112;131;76;112
35;160;35;82;82;82
80;133;80;139;86;133
101;154;21;101;106;154
25;163;163;84;25;103
49;144;65;192;116;13
43;32;43;43;52;52
72;72;81;36;36;36
33;44;180;33;33;44
28;28;16;28;21;16
186;43;43;178;79;186
73;83;73;83;73;73
78;192;197;198;115;27
14;39;92;45;92;14
84;104;84;85;85;84
176;56;101;101;56;106
49;26;49;31;49;26
181;76;76;109;181;40
118;130;130;165;130;118
180;92;180;157;71;92
62;65;62;97;97;62
84;9;84;84;194;9
102;182;150;182;155;102
98;72;119;98;20;119
51;126;51;126;160;190
24;11;24;24;95;95
87;84;59;84;87;84
43;43;73;73;123;73
77;75;77;77;75;62
53;53;90;53;90;116
132;158;85;142;61;130
74;171;94;171;94;102
37;37;31;31;84;84
10;40;14;10;40;10
53;66;8;66;66;8
20;20;137;20;10;10
70;33;70;98;33;33
43;33;43;43;98;98
93;35;93;35;148;35
80;22;61;61;13;13
84;84;72;67;84;72
56;56;39;27;39;56
50;16;16;80;80;16
41;50;120;42;27;156
8;196;8;53;53;53
79;61;18;57;91;115
29;63;160;166;63;166
107;163;107;124;124;121
32;160;55;32;55;55
14;76;76;14;127;14
144;144;33;71;120;90
64;79;64;79;62;79
128;128;43;133;133;43
97;109;117;97;109;125
41;41;49;49;41;19
142;47;110;110;145;142
111;26;135;137;52;145
200;106;200;178;12;178
41;41;104;41;86;20
191;75;191;75;74;164
61;61;34;34;127;34
168;31;95;69;168;31
62;58;62;58;58;93
53;97;97;53;53;165
67;67;33;84;67;33
37;47;47;37;97;47
182;141;131;182;120;131
17;17;59;59;59;91
180;99;81;137;160;153
70;107;107;196;196;76
9;51;51;72;9;9
99;18;99;69;69;197
55;55;55;38;38;143
76;103;141;95;76;95
83;154;157;118;30;159
65;75;75;75;189;65
52;91;52;52;28;91
89;43;56;56;43;43
14;14;96;76;76;76
152;152;81;71;118;118
29;55;55;29;55;13
49;49;24;129;25;129
23;98;103;149;97;173
47;44;47;44;47;27
67;155;96;96;67;96
116;159;132;116;132;156
69;70;17;17;17;69
92;98;166;16;198;57
94;36;36;36;95;94
180;120;160;105;124;40
80;59;80;59;61;59
89;89;188;136;185;185
17;17;48;48;48;94
94;94;195;77;94;77
64;150;17;150;48;48
60;15;60;149;60;15
130;170;163;170;103;103
29;76;29;76;145;76
43;16;17;43;43;17
182;62;28;35;148;186
93;93;167;194;51;51
156;158;158;42;42;182
11;11;65;125;39;39
137;49;76;76;134;49
94;73;66;94;94;73
99;59;99;59;189;59
87;67;67;87;67;20
44;181;137;189;137;189
84;165;36;36;36;84
85;65;85;119;65;85
167;6;42;6;42;6
74;167;119;123;113;54
149;40;112;121;78;153
33;33;127;38;144;144
88;85;88;85;85;93
103;113;113;64;126;103
20;109;78;20;154;109
200;194;181;113;183;22
8;8;8;124;63;63
64;195;58;58;114;114
47;49;49;27;49;27
35;12;35;35;12;192
52;52;75;75;52;107
187;56;154;145;187;145
32;97;72;194;200;86
65;65;98;185;98;65
18;95;93;93;95;95
25;25;86;25;73;86
137;129;129;88;88;200
200;147;46;170;164;164
54;54;54;18;10;18
107;188;130;89;188;107
119;99;44;44;99;99
46;17;34;46;46;168
95;41;41;41;95;112
92;82;82;82;92;108
62;106;31;177;95;45
25;25;148;91;25;91
169;149;100;100;149;194
27;33;27;33;148;33
57;14;57;14;14;174
65;65;21;17;17;65
46;200;23;46;23;46
82;180;169;82;180;169
182;124;135;28;134;89
22;22;22;54;57;54
164;72;192;188;29;124
197;87;87;55;87;55
42;53;42;42;51;53
74;16;10;74;10;10
43;43;70;16;43;70
101;47;60;47;60;60
46;46;46;15;15;70
82;57;82;82;89;57
92;92;139;92;84;84
196;60;196;85;60;154
24;24;87;196;87;24
81;104;162;196;14;199
95;97;97;153;95;95
23;175;173;18;198;39
7;7;27;7;174;27
29;66;43;43;29;29
116;119;45;116;44;116
124;120;44;20;158;147
57;70;57;57;41;41
75;75;32;32;75;108
174;174;132;120;186;174
109;140;77;122;12;108
195;90;144;25;172;14
175;110;86;155;64;137
42;10;32;54;42;54
73;73;73;17;17;200
60;29;36;60;36;60
178;11;11;69;69;69
193;17;88;17;17;88
68;31;31;36;40;40
96;131;200;200;200;96
62;111;172;80;62;172
16;16;85;147;147;85
98;98;82;82;146;98
163;44;105;139;144;96
173;40;183;40;42;42
93;41;93;91;91;161
8;8;22;115;8;22
108;108;111;94;24;94
117;78;50;67;50;67
55;55;22;39;55;39
42;42;42;63;63;84
25;25;12;25;60;12
104;43;92;43;92;92
65;36;73;73;65;65
118;25;97;73;97;118
88;39;39;146;88;88
52;11;35;52;52;35
142;46;46;157;142;161
120;65;200;107;107;200
16;16;135;50;16;50
88;48;32;88;32;32
40;40;81;81;31;40
32;41;174;32;41;32
34;34;74;74;34;147
161;141;103;19;166;102
112;72;43;91;65;46
148;89;64;61;89;64
198;115;80;118;108;168
22;129;129;170;144;119
126;39;53;142;129;91
57;79;57;162;79;57
141;54;45;53;143;190
95;66;66;62;95;66
174;46;174;91;51;51
60;141;92;60;92;92
52;52;31;31;52;165
12;44;44;12;162;44
7;7;83;7;83;55
64;53;171;184;141;90
17;17;17;69;69;102
12;134;114;178;133;99
34;56;56;34;56;54
27;176;19;53;138;39
55;63;81;198;81;55
128;21;21;132;128;132
176;125;176;125;38;74
121;139;124;44;44;121
15;15;15;56;75;56
30;141;58;30;58;58
29;149;94;29;186;186
196;175;129;196;175;196
59;138;113;138;113;59
82;109;53;53;82;196
31;70;59;31;59;70
68;85;85;68;93;85
41;117;180;41;180;187
91;91;170;170;30;30
32;30;30;174;30;32
82;82;37;32;32;82
53;16;96;53;96;53
143;193;193;105;72;72
30;89;30;119;89;198
51;61;61;51;127;51
82;82;31;49;49;49
84;33;33;84;74;33
22;56;22;22;56;10
26;45;26;45;182;26
76;76;105;61;61;61
17;17;190;17;57;57
35;188;188;113;23;113
170;72;62;190;36;52
193;65;172;124;124;193
65;120;174;110;170;170
97;99;97;107;99;99
62;18;114;62;18;62
20;198;20;49;49;20
181;49;62;36;29;157
29;33;80;80;33;33
64;46;97;119;190;113
10;93;93;10;93;35
8;8;110;43;43;43
194;84;162;80;162;80
122;54;71;152;72;98
113;200;164;134;22;158
130;136;119;119;130;112
167;186;124;167;37;124
17;69;69;56;17;69
41;61;41;61;41;55
166;63;114;114;166;196
43;43;78;78;43;114
29;93;65;29;65;65
28;32;142;32;28;32
57;59;57;57;59;162
79;104;79;86;20;79
67;11;112;178;142;52
76;76;76;168;81;81
143;143;139;139;148;14
69;69;90;69;109;90
6;6;32;182;32;6
57;57;54;19;54;19
67;67;53;67;53;168
41;42;42;41;197;41
82;82;44;119;82;45
99;99;71;49;71;99
147;29;81;78;169;124
25;25;25;193;73;73
122;176;151;126;174;191
50;50;56;56;50;170
37;56;56;56;132;37
21;66;21;66;66;104
33;124;33;124;33;108
17;17;8;17;8;13
17;42;171;42;17;17
79;129;53;129;79;53
47;64;64;47;86;64
5;40;40;13;5;5
50;50;87;87;145;87
69;172;28;172;69;131
91;195;91;195;72;72
86;72;72;60;60;60
120;178;144;74;123;23
98;92;131;131;129;129
88;67;30;51;30;67
187;193;170;194;155;85
89;25;70;25;70;25
157;155;155;105;155;190
101;65;70;70;98;101
75;168;98;86;98;75
97;12;88;12;12;97
94;195;190;157;71;37
39;200;110;167;188;17
43;8;8;8;102;43
104;16;37;37;16;37
5;19;19;122;5;5
106;106;183;37;156;106
149;8;8;8;10;10
9;9;71;71;9;102
17;85;85;85;17;11
75;192;20;75;20;20
67;127;67;67;41;41
94;195;22;185;22;94
67;187;23;197;133;65
105;197;152;98;44;15
28;70;20;42;28;20
106;18;106;145;151;151
145;176;20;74;145;74
29;27;27;29;29;147
41;89;89;68;68;68
99;72;115;72;99;99
193;65;64;64;65;64
81;185;82;49;53;162
52;74;52;74;52;86
50;98;50;98;98;184
199;83;65;65;83;65
77;159;69;83;88;169
20;159;41;75;75;41
73;73;73;86;200;86
61;72;51;61;51;51
120;55;190;120;63;190
44;59;130;152;51;94
20;155;120;178;121;92
33;159;33;147;59;59
80;80;80;11;11;121
144;140;20;39;170;148
83;28;147;28;83;28
23;44;44;115;23;44
105;32;70;70;32;32
28;147;20;28;28;20
93;51;73;121;121;51
124;73;73;124;124;97
90;97;90;20;97;97
69;76;199;199;80;76
82;81;81;168;81;82
65;57;139;151;177;33
148;85;63;63;85;85
53;59;59;53;199;59
32;151;21;32;21;32
88;179;157;88;157;123
32;32;32;84;84;107
130;78;123;148;116;28
81;81;46;59;59;130
67;17;67;78;78;78
82;76;82;82;76;67
23;7;7;23;97;23
56;160;157;199;160;199
161;9;9;50;9;50
164;164;157;65;59;157
60;176;134;174;64;152
77;77;23;73;73;14
141;29;151;60;60;141
57;195;45;57;45;45
162;142;185;142;162;86
67;46;159;46;46;67
197;176;137;176;168;168
50;54;50;50;109;54
55;91;91;33;91;55
139;185;175;139;185;175
41;41;69;136;125;133
74;144;74;19;144;19
114;184;184;114;77;75
99;150;187;161;32;69
28;12;28;40;12;28
90;36;74;74;74;90
25;25;81;178;81;81
70;196;70;109;109;196
63;139;72;35;139;170
20;24;20;24;167;140
69;69;74;74;42;74
191;181;184;184;181;111
56;195;51;56;51;51
137;132;148;140;162;81
30;90;90;30;151;90
181;168;168;181;34;77
70;64;64;64;43;70
139;184;139;37;184;37
11;73;83;11;35;35
80;16;80;117;80;16
76;150;76;20;150;20
164;187;82;187;44;69
92;92;159;109;42;42
33;33;69;63;63;33
43;48;14;48;14;48
123;192;152;74;123;74
74;36;194;90;194;96
54;21;54;54;17;57
46;176;107;113;51;144
92;179;40;40;92;40
73;73;22;73;22;55
28;113;28;47;47;47
68;24;75;75;75;24
64;65;173;65;64;64
16;92;16;92;73;92
56;56;37;37;150;56
46;48;46;117;48;46
90;23;23;90;146;90
108;198;198;182;182;108
148;131;108;16;123;170
34;34;172;34;24;24
80;80;78;89;89;80
47;144;29;47;29;47
179;114;99;186;68;86
63;39;39;149;39;63
66;72;86;72;66;72
24;23;177;24;23;23
165;52;31;52;31;52
53;41;53;41;53;131
58;25;25;7;7;25
45;50;45;50;50;29
129;40;12;40;40;12
80;81;80;54;54;81
133;48;48;17;17;48
163;117;139;75;69;17
179;18;113;75;18;33
157;82;86;82;157;183
95;87;87;55;116;116
88;187;33;88;88;33
75;75;98;98;98;156
60;60;121;77;60;77
94;94;122;156;89;156
10;41;157;41;10;41
156;132;165;165;132;156
27;21;21;50;21;50
79;85;64;64;64;85
65;10;65;65;10;30
12;25;32;12;12;25
36;26;26;26;36;166
163;143;83;83;114;163
44;127;87;87;145;44
98;33;33;98;33;33
51;82;13;51;82;82
183;185;200;14;185;200
18;172;77;77;18;18
88;86;154;133;154;86
99;71;99;71;99;144
46;96;46;96;46;96
44;79;43;113;85;158
187;21;11;21;11;21
88;57;83;83;57;57
136;186;112;112;189;197
58;134;80;147;26;79
51;51;51;26;26;37
53;158;53;87;53;87
128;181;190;128;141;190
194;160;62;164;172;121
19;109;78;121;121;78
51;65;97;51;65;51
83;83;74;26;26;83
182;138;53;192;192;53
97;97;91;97;157;91
30;167;139;188;55;177
127;184;179;161;184;127
42;42;130;143;154;130
50;48;189;48;50;50
60;60;200;138;200;138
119;105;199;61;181;38
181;53;53;24;24;24
34;98;98;34;34;132
153;17;120;17;48;100
23;11;11;84;84;11
17;164;176;29;48;150
67;67;16;67;179;16
185;182;29;124;182;29
90;90;80;160;80;80
87;54;87;73;54;87
85;68;6;6;85;85
199;90;45;90;45;90
121;190;12;127;134;72
39;93;39;39;95;95
28;184;116;184;116;28
26;72;26;26;90;90
46;48;48;46;46;68
33;31;33;77;33;77
90;90;90;12;12;45
10;154;30;154;140;30
87;87;143;143;69;69
145;121;177;69;121;69
40;33;99;40;99;99
55;5;5;55;79;55
60;50;60;50;28;60
33;33;34;74;34;33
83;57;83;83;29;29
85;66;85;66;41;66
111;177;165;165;65;65
92;197;109;25;47;24
98;98;98;156;49;49
119;86;146;20;40;104
103;21;89;21;89;89
175;115;178;115;178;70
80;134;59;45;58;97
36;94;8;8;8;36
54;68;68;197;54;68
66;154;66;49;49;66
43;111;72;72;72;43
58;73;58;73;58;151
36;36;45;30;30;30
20;32;69;56;190;56
63;34;63;63;10;34
140;161;98;161;171;44
40;22;31;90;88;124
85;183;130;174;127;14
94;94;162;91;94;91
166;162;178;85;72;79
120;41;145;170;127;154
181;76;76;142;142;181
12;87;12;12;48;48
156;25;156;182;175;182
56;139;16;56;56;16
41;24;68;68;68;24
65;52;10;52;65;65
54;156;94;94;54;54
37;28;200;37;28;28
43;73;126;190;139;167
47;19;19;19;47;71
84;146;86;142;86;142
139;57;23;39;91;159
56;58;56;58;64;58
66;66;96;46;66;46
20;40;24;161;74;142
90;112;112;90;50;83
77;46;77;56;77;46
68;20;60;60;60;68
184;178;194;13;13;178
83;56;23;83;83;56
195;92;92;92;57;57
12;67;47;84;47;132
159;24;18;182;88;42
62;62;29;38;38;38
176;26;26;38;184;176
116;57;98;183;116;183
40;74;93;119;93;74
148;7;7;7;70;70
104;67;97;113;152;47
17;114;59;15;15;17
194;194;35;35;31;31
184;44;174;27;196;150
92;92;92;94;19;94
97;17;97;97;152;17
165;76;104;115;122;156
172;106;19;122;64;13
134;66;42;66;42;42
159;16;159;159;16;63
29;20;20;18;18;18
57;57;12;12;12;186
15;43;43;185;15;43
53;104;175;159;25;165
190;188;57;163;72;195
63;34;68;68;68;34
93;15;15;15;130;93
67;93;185;67;67;93
170;180;63;21;131;195
196;49;49;16;16;16
29;29;109;157;147;73
75;28;28;75;193;22
42;46;53;76;169;11
162;192;180;182;162;192
134;190;103;190;103;176
98;136;189;153;136;98
104;166;148;166;104;148
52;121;42;107;52;121
36;169;36;169;29;36
23;39;39;23;178;23
70;110;123;152;152;123
192;192;192;193;101;101
14;144;50;139;51;36
27;42;27;42;27;188
197;34;75;34;34;75
85;85;56;56;175;85
68;13;13;65;13;65
33;134;94;200;105;130
80;162;28;20;14;84
25;25;77;56;56;77
103;33;195;68;167;148
77;64;67;67;64;67
12;61;34;12;61;61
45;144;47;45;45;47
17;95;95;17;95;103
17;14;17;110;17;14
86;77;77;86;77;22
16;16;34;16;87;34
163;121;181;121;15;163
74;97;46;169;24;14
102;76;76;110;111;110
136;122;54;148;57;106
45;86;86;45;166;45
83;45;65;194;177;55
74;183;74;191;25;25
195;163;195;193;190;92
143;25;68;105;142;51
18;18;38;10;69;10
75;68;75;68;16;68
170;55;138;138;36;138
10;19;64;110;49;13
167;76;191;50;136;85
94;17;145;145;17;94
32;40;40;146;32;32
33;47;47;33;80;47
30;30;93;93;95;30
88;84;190;110;70;100
49;18;178;89;128;127
73;34;197;138;39;127
18;145;115;194;163;38
64;64;49;49;46;64
105;29;29;52;63;52
97;170;12;12;12;97
44;92;44;92;39;166
70;34;137;90;155;114
78;75;75;95;95;75
152;92;198;36;184;133
20;15;20;20;183;15
159;173;194;194;66;66
10;10;20;10;118;20
77;13;77;160;13;13
68;122;75;68;68;75
51;67;168;67;67;51
41;41;37;41;49;49
174;70;70;34;34;34
35;35;35;155;33;33
20;42;20;42;20;128
94;54;94;54;54;168
46;55;46;95;95;95
74;74;101;79;79;74
195;17;30;17;30;17
138;123;123;40;138;40
119;159;54;54;155;119
181;181;47;68;189;189
82;26;82;26;26;132
99;34;99;99;32;32
83;83;93;83;93;100
55;86;47;117;189;178
57;69;133;68;11;166
136;100;64;184;136;64
146;184;198;24;157;83
24;52;178;46;157;18
31;38;51;81;70;87
72;193;72;135;190;190
92;36;45;45;18;36
27;95;109;19;85;173
137;130;134;24;20;168
85;115;64;64;64;85
98;98;68;68;181;181
66;77;66;32;32;32
56;77;77;137;56;77
120;96;84;151;100;92
58;58;65;61;65;65
41;175;193;192;30;174
32;187;32;32;19;19
92;35;35;81;92;35
52;90;147;145;78;196
17;17;69;17;69;81
138;11;11;97;97;11
49;166;95;135;143;37
113;27;27;90;27;90
32;15;15;32;153;153
42;172;26;26;109;172
70;90;70;178;195;26
164;140;167;14;178;145
47;77;43;162;144;19
137;55;78;55;78;78
46;46;137;60;60;60
178;172;172;178;70;71
186;58;126;186;58;193
79;79;94;33;108;94
52;52;68;166;68;68
68;199;72;121;160;84
20;20;34;20;34;41
82;64;64;67;67;64
142;197;142;46;29;29
71;71;20;40;40;71
6;6;80;80;6;133
62;35;35;163;62;62
42;48;48;130;42;48
33;9;87;9;33;33
134;14;22;14;14;22
117;45;20;45;117;20
37;45;45;37;37;95
37;145;21;63;104;190
101;70;70;35;70;35
41;7;41;40;7;41
94;148;70;116;148;94
17;129;17;85;85;17
200;200;71;71;55;55
70;99;22;155;173;175
178;154;107;178;154;154
148;107;107;67;64;64
78;83;28;165;83;78
88;23;61;61;16;61
136;78;136;185;110;110
122;122;155;106;87;106
56;85;85;56;47;81
159;151;171;187;159;171
50;50;93;185;27;93
32;88;88;88;88;32
45;45;128;28;71;71
85;89;180;85;89;89
23;25;25;25;85;85
78;41;118;78;41;78
140;54;140;110;15;15
82;82;12;12;82;12
31;158;31;34;34;31
90;145;90;62;90;62
80;14;14;135;77;14
95;186;172;93;130;177
12;60;80;66;26;195
29;47;47;47;12;29
127;65;158;42;22;74
140;89;117;140;138;89
154;49;50;49;49;50
41;55;55;55;32;32
191;122;18;122;191;18
18;18;39;64;64;18
48;73;47;55;93;107
82;48;48;48;82;173
149;15;22;15;168;22
57;94;57;94;168;94
45;16;66;45;45;66
88;146;46;46;88;103
39;72;140;72;39;72
65;65;65;134;65;65
55;36;104;55;36;55
11;197;18;18;18;11
180;27;27;92;27;92
17;89;183;168;149;169
28;85;85;85;28;102
13;78;13;78;15;13
41;41;41;57;183;57
90;38;118;189;67;49
23;196;125;121;122;103
196;143;70;103;189;196
51;86;86;51;199;75
112;33;33;112;69;128
26;156;112;58;184;185
81;113;50;81;50;81
67;98;67;98;200;98
16;189;167;167;16;26
63;67;63;30;63;67
162;33;123;136;141;154
19;64;64;19;64;129
42;47;30;47;42;47
173;53;166;111;53;111
25;154;25;11;154;72
198;113;113;198;136;170
59;89;59;89;189;189
199;28;177;22;175;164
92;60;110;92;60;60
96;96;12;96;166;12
138;81;56;62;81;56
52;90;90;52;142;90
35;35;95;44;95;95
120;42;53;53;42;53
50;65;65;65;128;50
46;39;39;46;46;116
35;35;25;25;124;35
11;118;169;118;11;169
88;80;160;80;88;88
170;32;156;84;43;48
120;124;116;63;120;124
113;54;90;113;54;122
116;170;55;177;144;172
70;70;191;7;7;70
27;9;9;27;166;27
101;45;40;121;121;40
82;82;18;18;82;194
132;172;113;168;44;185
46;127;46;193;169;169
78;81;81;78;81;38
124;88;52;52;88;88
140;58;140;77;58;133
191;115;144;38;61;173
18;73;73;73;18;18
86;86;97;97;97;183
92;92;88;88;92;144
108;92;22;141;95;146
77;114;132;29;132;77
74;44;189;178;189;178
52;52;52;171;88;88
16;19;145;95;55;96
5;5;131;84;84;5
83;83;83;67;67;54
191;181;147;29;162;61
87;188;20;188;20;69
66;82;66;66;130;82
50;102;96;195;96;10
169;82;82;169;178;190
13;37;37;13;65;37
74;14;74;14;14;141
33;42;57;42;42;33
36;31;130;183;155;138
172;177;177;57;57;172
191;73;61;73;61;73
59;106;106;21;21;59
39;39;183;115;92;115
91;91;71;71;57;91
65;65;75;65;21;21
132;20;197;84;162;163
58;111;111;56;56;133
170;68;177;108;121;98
94;24;10;10;94;148
52;81;81;81;52;24
75;141;75;76;76;75
89;83;89;76;89;83
58;58;183;74;74;74
194;96;65;194;194;16
97;97;34;34;13;34
44;71;11;71;44;71
167;143;26;19;72;113
183;127;26;50;117;28
113;113;175;107;193;193
50;76;68;76;76;68
33;97;97;33;84;97
104;70;104;64;180;104
66;23;66;52;23;23
10;77;60;77;60;109
164;87;143;30;192;159
30;171;30;88;88;88
92;19;19;34;92;92
127;127;97;179;179;164
8;95;95;95;162;8
13;53;36;122;182;113
151;143;30;30;93;93
41;41;20;20;66;41
32;7;32;7;32;128
57;57;17;17;57;50
29;42;42;112;29;42
72;72;168;54;54;72
55;18;18;190;55;18
45;64;158;45;64;64
95;55;95;95;55;25
17;17;17;27;43;27
54;55;116;55;54;54
40;40;40;40;74;74
73;40;73;40;40;105
63;63;14;100;27;27
186;131;169;98;95;55
18;18;56;56;18;150
179;92;180;159;109;65
96;96;7;7;7;19
95;11;23;23;23;11
107;73;69;199;199;69
59;96;97;97;97;59
38;38;51;92;158;158
199;65;65;65;36;36
34;125;34;94;94;94
58;165;7;7;7;58
28;167;28;159;77;167
28;38;38;38;28;103
11;11;11;94;94;70
155;106;106;106;92;139
10;76;76;10;76;147
136;88;136;57;88;60
163;61;61;61;61;61
29;68;116;138;68;116
170;170;48;169;196;196
12;26;152;173;12;152
16;41;181;139;108;94
66;160;49;140;40;142
167;67;55;87;67;87
45;144;144;119;44;144
142;31;31;88;130;130
87;48;48;133;87;133
81;60;5;81;81;5
6;120;79;79;79;6
164;13;113;131;94;21
77;29;20;77;20;77
32;53;53;59;59;53
49;56;70;56;70;70
64;88;40;40;64;40
44;44;23;102;132;102
61;36;36;196;61;196
171;24;132;171;132;117
189;126;53;46;96;42
41;41;21;41;21;183
18;18;57;18;86;86
16;49;49;53;53;53
171;171;24;187;122;190
24;169;69;24;69;24
183;70;65;191;102;182
5;42;42;5;66;42
97;97;38;97;20;38
79;79;29;117;79;182
45;52;130;45;52;45
34;33;34;151;33;151
84;131;187;84;120;23
15;81;81;139;167;15
24;24;85;85;85;115
79;139;130;137;66;48
144;179;32;152;111;174
34;31;34;69;31;34
33;34;33;33;34;93
64;59;125;26;75;175
165;51;20;24;84;75
28;45;21;142;142;45
130;130;115;145;58;58
126;117;137;117;126;57
70;70;70;169;68;68
77;77;156;32;32;77
162;73;162;70;88;73
135;44;103;154;71;54
24;69;69;140;24;24
188;22;22;22;93;106
180;11;180;137;38;137
92;144;92;148;160;160
20;185;20;179;185;116
94;63;78;180;148;94
49;5;5;12;49;49
5;76;76;76;5;192
23;134;154;134;23;161
46;172;60;147;195;178
96;96;96;75;82;75
111;111;57;57;18;98
190;16;76;173;197;134
51;188;79;41;125;25
90;55;25;25;90;55
89;81;50;89;81;81
178;62;33;139;66;55
9;9;70;23;9;23
85;86;86;169;85;169
128;60;17;128;139;139
16;125;94;135;125;16
16;81;81;134;16;81
117;78;117;148;148;117
79;57;79;57;57;43
24;24;24;58;184;58
85;93;93;26;85;17
7;83;83;83;115;7
95;26;167;95;26;95
75;80;75;80;75;90
9;17;17;17;9;93
58;58;65;94;94;94
73;127;38;38;83;127
67;67;199;67;98;98
192;42;21;42;21;21
63;169;88;63;88;88
40;73;40;73;73;93
74;31;74;138;47;31
16;95;14;14;16;126
12;108;12;71;71;12
116;106;106;61;116;26
81;21;43;43;43;81
81;33;73;73;33;81
102;64;64;166;91;166
156;95;185;28;34;64
14;44;14;7;7;14
68;128;138;192;138;68
24;6;24;6;49;6
51;15;151;80;74;19
200;15;121;60;101;100
18;152;22;106;62;113
113;125;34;34;85;85
97;80;77;97;135;97
26;43;26;119;26;43
152;102;102;166;166;152
114;199;97;24;194;173
68;82;52;52;68;68
16;25;25;19;19;25
32;32;162;162;119;180
194;79;95;177;193;122
96;133;133;103;96;104
133;96;133;96;159;13
40;93;40;40;112;93
36;86;86;23;36;36
45;156;134;108;86;58
33;33;33;175;51;51
36;37;36;92;36;92
135;59;135;90;90;59
33;158;33;86;86;33
108;60;139;163;88;185
118;39;180;91;180;39
34;34;9;47;34;9
50;14;14;40;14;40
87;87;78;54;54;87
67;59;59;59;166;67
55;55;70;108;159;108
42;94;87;87;94;87
47;47;43;160;43;43
60;28;60;28;127;60
82;67;151;67;82;82
199;69;164;199;164;145
118;27;27;27;68;68
21;81;90;72;81;72
131;152;186;186;175;131
38;29;38;29;127;38
49;90;90;49;23;90
51;77;157;51;77;77
103;80;58;80;58;80
37;28;193;193;37;28
80;99;99;99;139;80
129;10;90;10;168;168
27;148;40;159;114;189
92;81;84;57;74;123
162;76;34;106;106;34
124;122;47;139;94;192
8;15;89;15;8;15
35;167;64;50;50;35
56;177;56;98;98;98
87;66;171;186;91;99
95;91;91;71;95;91
49;109;55;175;119;130
89;196;44;161;55;197
21;168;34;21;21;17
82;82;82;92;139;155
50;40;50;50;40;189
113;89;73;89;73;89
110;22;198;52;157;12
134;89;53;53;89;53
40;171;31;31;33;40
190;71;190;71;155;155
83;77;42;77;77;42
72;175;76;76;70;175
57;153;69;104;69;153
167;146;39;41;75;23
55;55;55;20;128;20
145;196;145;189;189;135
158;33;143;171;176;41
178;138;63;138;63;67
121;73;37;99;108;85
18;18;40;40;138;40
26;50;50;169;50;26
47;22;75;141;46;45
196;41;41;196;42;119
16;35;108;16;35;197
141;48;48;141;199;200
62;43;62;43;115;43
92;181;19;88;88;92
115;131;142;142;26;115
62;24;24;62;117;24
132;154;14;33;132;33
124;22;124;178;178;84
55;55;73;92;49;92
45;66;52;66;45;45
156;156;103;144;144;103
69;40;152;21;56;51
98;98;67;107;67;67
13;7;129;7;13;7
173;80;162;125;30;68
24;179;22;24;24;22
102;72;42;102;72;140
65;122;65;122;20;171
47;24;71;47;71;47
139;41;45;41;45;41
120;42;190;190;120;61
169;75;85;164;192;42
97;97;185;127;185;92
70;70;36;36;64;36
158;188;116;11;132;75
87;157;68;167;25;87
19;110;47;166;151;153
181;161;73;73;34;161
80;74;80;80;122;74
72;22;72;72;190;22
11;114;138;114;11;196
22;145;42;163;25;32
131;108;76;43;43;131
37;37;169;169;36;11
86;86;86;150;140;35
17;27;123;17;17;27
68;19;19;19;68;24
133;154;11;184;33;81
179;119;97;84;119;84
168;59;18;18;59;18
52;37;37;67;67;67
149;18;191;18;149;109
56;30;30;104;56;30
23;195;155;195;121;121
44;44;21;132;21;21
167;83;83;94;94;94
124;17;124;124;168;34
114;23;45;22;151;28
94;48;94;48;48;163
85;194;195;195;194;85
162;48;48;71;184;71
72;72;75;99;72;99
94;19;94;129;94;19
135;87;77;87;80;87
51;98;51;98;124;159
172;69;73;79;26;108
133;135;106;111;168;67
36;91;82;82;36;36
138;50;20;20;50;58
111;175;41;85;166;141
22;107;107;181;145;145
197;187;57;50;29;87
32;42;32;32;65;65
110;34;99;34;34;99
117;169;19;54;125;175
117;185;41;156;105;82
52;52;146;52;12;12
22;22;52;22;52;44
46;40;31;40;40;46
30;150;82;26;82;26
27;121;196;20;27;20
23;105;147;165;131;161
10;175;175;111;10;76
74;74;95;60;74;95
90;90;12;12;12;90
30;164;6;30;6;30
66;154;154;34;116;66
82;40;82;40;176;82
75;38;75;75;77;38
52;97;97;52;97;69
95;80;80;15;95;80
74;74;31;31;121;74
155;176;90;148;30;183
96;96;33;13;13;96
107;143;98;76;152;93
70;70;36;34;70;36
163;124;67;124;196;67
111;120;186;132;111;111
87;53;53;65;87;53
33;68;61;68;33;68
176;165;165;196;196;119
26;26;26;179;63;63
33;33;33;19;19;131
89;95;13;89;13;13
153;153;112;143;125;125
131;59;74;175;126;98
84;84;25;84;90;25
44;68;44;103;44;68
45;74;26;45;74;71
8;27;8;8;194;27
49;190;49;36;49;36
36;52;36;196;52;52
51;37;36;140;96;132
14;14;5;93;14;5
34;35;35;37;37;34
187;42;101;77;42;101
50;70;74;74;70;158
10;170;10;51;51;10
29;29;55;119;29;55
47;59;59;70;47;59
60;31;31;60;60;75
84;93;94;94;84;94
16;25;16;24;25;16
139;51;45;45;51;51
186;143;20;146;11;163
138;138;105;138;157;190
143;33;137;33;143;116
36;12;200;58;129;61
176;113;113;166;124;124
72;55;102;160;90;111
97;102;150;66;66;150
89;89;42;179;42;42
148;148;23;109;114;23
121;42;121;70;19;19
23;197;180;180;197;140
119;119;110;110;42;163
20;192;95;121;88;115
13;89;89;196;13;106
63;44;59;44;77;59
83;159;100;159;83;130
70;45;45;48;48;48
24;104;82;24;24;82
63;63;63;15;15;122
55;67;67;159;55;55
147;114;191;102;13;179
22;180;22;22;12;12
57;146;17;16;109;21
20;52;14;20;14;88
7;139;46;46;7;46
43;36;198;200;49;131
145;90;90;90;34;34
139;137;23;10;162;36
88;172;172;94;94;56
73;73;55;143;55;73
85;107;62;62;62;85
46;77;36;195;170;178
178;47;37;37;191;47
67;19;19;67;34;19
37;81;81;11;37;37
128;196;196;128;104;131
93;200;45;96;179;145
95;83;83;169;95;83
131;164;107;164;94;131
85;195;118;90;37;154
192;95;95;53;95;53
60;14;158;60;14;60
28;28;32;41;32;28
125;78;151;192;158;135
21;21;130;96;96;130
15;15;58;5;5;5
33;33;113;75;33;75
154;160;88;133;23;21
99;47;97;99;47;99
122;149;122;149;149;94
41;41;41;41;41;78
180;25;109;25;180;109
79;107;25;79;25;140
5;93;5;92;5;92
17;11;17;11;200;11
94;58;87;68;94;58
104;60;104;177;31;177
13;68;13;93;13;68
85;144;37;37;37;85
188;150;150;148;67;67
193;100;116;41;93;56
77;77;34;172;77;34
98;98;69;98;69;101
51;14;14;51;152;51
59;93;93;93;70;59
50;69;50;51;50;69
31;31;105;62;31;62
27;33;27;33;27;19
193;167;132;54;199;132
128;190;135;184;135;128
147;172;85;143;85;147
40;89;89;40;40;49
65;37;193;65;65;37
188;119;90;76;51;102
126;55;27;53;174;172
81;65;88;115;42;54
71;21;16;71;21;71
13;5;13;13;71;5
60;60;83;200;83;60
44;64;187;64;44;44
82;145;145;178;61;178
48;22;22;162;48;22
184;146;141;184;28;146
23;23;41;102;41;41
167;36;11;167;167;16
27;21;14;14;27;14
60;56;60;56;143;143
87;6;87;56;6;87
196;37;62;37;68;62
76;6;51;51;6;6
14;14;13;21;13;14
65;98;98;66;65;98
65;179;71;71;65;65
70;7;7;31;7;31
53;91;87;53;87;87
85;51;159;58;199;40
71;125;125;115;178;115
53;60;60;60;53;124
59;48;59;59;48;178
193;48;112;149;65;118
79;77;77;77;79;162
21;21;83;89;83;56
13;95;133;106;149;130
17;6;17;179;6;17
70;70;15;5;5;5
74;102;43;198;65;176
122;114;122;59;101;59
74;193;159;113;124;128
29;44;29;165;29;44
5;11;145;11;5;11
124;178;41;114;178;41
88;15;88;27;15;88
87;158;198;135;186;91
21;188;141;170;165;132
95;86;86;65;95;86
92;74;9;9;92;9
68;58;61;98;132;83
30;30;30;67;177;67
12;12;51;195;51;63
131;56;178;69;124;107
69;69;140;80;140;122
18;70;70;109;70;18
125;92;20;92;20;39
89;33;33;69;33;69
78;43;78;129;43;43
99;99;199;83;83;83
98;82;134;134;65;65
72;11;89;89;109;72
33;33;33;16;165;16
65;65;43;43;106;65
20;52;65;52;20;52
16;16;14;16;14;41
131;73;123;68;109;91
37;37;68;68;140;37
82;33;33;62;82;62
91;8;8;8;91;144
188;111;111;188;157;23
81;25;81;97;81;97
81;163;81;157;157;195
78;64;55;78;55;55
16;16;46;46;16;55
144;29;91;117;182;117
67;133;190;84;32;142
151;104;156;190;164;179
53;44;64;44;64;44
50;181;50;42;188;42
42;42;99;42;33;33
170;115;174;163;174;163
192;192;136;138;42;136
119;79;8;8;79;79
84;36;84;36;162;36
199;10;10;88;106;199
16;143;21;16;21;21
165;110;110;165;78;78
10;10;94;94;10;94
89;6;89;33;6;89
112;152;62;135;135;197
43;28;70;43;43;70
92;7;42;42;7;42
131;97;112;157;200;132
22;80;23;23;23;80
118;170;47;111;159;146
158;178;91;10;91;158
7;7;45;7;16;45
16;99;99;16;16;100
166;31;91;31;166;91
36;150;36;36;35;35
84;42;133;133;42;74
117;44;105;160;50;121
93;53;53;105;138;138
73;73;64;69;69;69
89;32;190;169;147;196
20;84;38;84;38;84
17;42;42;17;42;189
180;178;178;70;178;64
80;160;48;80;48;80
155;155;164;23;30;23
52;52;52;11;11;174
170;124;170;129;185;124
59;59;6;59;18;6
112;15;54;15;15;54
74;192;70;70;74;74
185;12;107;107;12;185
44;92;92;44;190;44
52;69;52;137;69;69
42;117;87;91;97;174
184;179;120;85;104;44
23;69;23;69;69;25
146;9;16;9;16;9
30;85;30;19;173;30
142;114;164;200;97;110
87;56;107;107;38;56
77;49;49;20;20;49
99;99;121;60;60;21
41;68;68;119;17;17
102;129;60;51;51;60
74;39;158;178;93;149
17;82;194;181;122;21
11;5;85;11;5;5
98;51;64;51;51;98
31;34;193;56;32;73
90;49;151;193;61;170
85;181;135;163;137;176
90;68;80;168;129;140
45;48;163;197;85;33
41;29;41;41;29;34
28;33;28;18;33;33
98;182;45;48;45;98
115;199;80;80;115;114
73;73;109;109;12;12
75;168;171;171;168;163
79;66;66;84;79;66
189;87;96;87;87;96
82;167;82;176;167;176
21;21;42;98;42;42
140;151;147;180;48;87
166;64;166;168;168;64
17;108;142;107;108;17
51;42;42;51;42;17
65;81;22;22;81;22
135;22;101;48;145;10
168;75;75;16;16;16
162;128;121;138;166;139
43;170;64;126;170;126
127;125;97;60;55;173
96;21;143;21;143;45
78;8;78;78;180;8
91;124;59;91;91;59
183;77;135;80;183;183
91;101;131;100;167;30
109;34;168;169;11;123
48;48;76;70;70;70
46;131;26;46;25;131
75;65;65;75;65;51
159;159;172;172;156;156
95;83;54;37;187;112
174;81;7;7;81;7
82;87;87;63;82;87
69;130;81;81;81;69
187;12;50;12;50;50
137;19;19;6;6;19
31;31;88;31;96;96
81;81;81;67;74;67
34;160;198;34;120;160
56;56;84;54;84;84
56;188;56;25;25;82
46;46;13;13;13;46
79;18;134;197;79;18
19;152;186;181;159;39
39;39;30;39;81;81
52;94;94;160;52;52
50;47;47;144;77;144
32;84;79;84;84;32
71;92;22;92;71;92
52;52;37;71;71;52
40;29;131;181;127;104
117;176;184;167;58;172
66;18;163;132;20;57
45;31;31;31;152;45
64;53;69;153;15;127
64;64;64;85;48;48
134;25;22;150;20;84
115;86;86;115;129;25
7;7;7;141;81;81
16;16;174;174;82;110
46;79;59;59;46;46
82;82;17;82;17;178
18;7;20;18;7;7
42;37;37;37;144;42
89;89;79;122;79;89
56;168;93;93;93;56
129;147;16;80;56;123
13;22;22;101;13;22
42;92;42;92;12;92
40;10;40;40;10;12
119;88;114;62;43;158
54;65;65;109;54;54
5;53;5;53;36;5
193;199;116;161;71;127
70;30;30;70;30;99
120;65;90;65;90;90
25;36;25;102;36;25
107;79;79;76;76;76
96;96;77;96;90;77
111;20;200;111;111;91
84;89;45;89;84;84
74;85;85;22;85;22
167;15;47;87;104;171
64;7;64;7;7;166
190;177;177;190;34;109
124;8;94;94;94;8
41;35;41;147;41;35
73;100;73;74;74;74
175;128;66;178;14;66
49;66;77;77;49;77
179;11;84;54;71;108
97;97;80;98;98;98
194;70;116;194;116;55
83;32;83;88;32;83
29;26;29;26;29;13
196;37;37;37;23;23
52;99;99;52;53;52
86;69;69;69;86;101
76;156;23;91;172;196
35;35;75;75;90;75
105;72;105;146;72;52
127;45;127;119;44;127
69;57;42;69;42;69
97;97;34;134;97;34
59;84;88;88;59;59
119;11;48;11;11;48
79;79;79;47;163;47
17;18;18;51;51;51
49;47;47;47;49;138
103;97;21;21;21;97
72;28;163;65;28;82
27;64;27;64;27;191
140;69;69;35;121;140
136;74;168;18;74;168
99;99;37;27;99;27
94;56;104;89;105;179
71;22;22;147;71;22
133;42;102;185;189;38
115;77;77;30;30;30
96;53;53;53;55;55
31;91;91;31;71;91
83;24;24;156;83;24
99;27;27;14;14;27
84;50;64;50;64;50
161;77;192;192;161;151
78;78;78;36;44;44
17;17;76;17;76;95
134;26;99;26;26;99
20;59;184;103;68;40
182;116;171;48;182;116
98;61;97;61;98;98
28;194;104;146;28;104
85;97;97;85;85;82
15;92;92;164;15;15
56;56;56;74;74;102
19;120;53;53;120;19
32;27;32;29;27;32
170;188;188;170;33;54
59;12;178;34;86;43
62;35;62;62;35;70
178;68;69;96;169;17
138;79;79;149;32;32
148;198;148;81;198;37
53;115;137;159;129;36
20;61;61;61;91;200
23;149;26;17;168;102
184;41;128;41;41;53
121;129;129;158;192;121
54;15;54;15;54;117
10;91;91;10;82;10
67;71;27;71;67;108
179;51;199;37;154;157
106;115;192;115;17;141
35;27;133;27;35;27
19;159;101;159;19;101
79;119;45;79;44;79
87;75;87;75;173;75
130;64;93;93;64;64
22;110;22;22;44;44
65;65;118;22;65;22
123;63;83;123;63;66
15;15;170;91;91;91
73;118;73;145;145;117
83;62;177;46;128;13
130;119;157;116;116;142
33;74;53;53;74;74
63;188;165;109;95;185
37;171;99;76;95;14
129;36;86;78;196;59
78;116;99;145;78;145
159;22;164;159;102;22
179;82;179;131;169;131
173;24;12;24;12;12
71;71;13;40;13;71
26;64;64;64;26;102
49;118;76;146;173;31
108;108;128;53;108;184
32;55;26;32;26;26
163;29;26;29;26;29
74;42;91;74;74;42
189;121;158;157;169;85
18;18;148;138;138;148
171;81;171;68;23;68
153;102;109;55;144;200
67;171;151;64;62;121
92;176;176;65;112;97
62;183;73;183;62;109
151;55;196;142;139;181
198;20;47;47;47;20
82;45;67;45;67;45
49;63;49;190;63;63
155;111;122;121;182;39
94;94;110;94;55;55
191;97;191;46;46;44
106;95;22;95;95;22
180;180;193;193;143;151
51;22;39;175;175;22
190;144;190;139;139;190
60;33;77;41;118;188
20;45;20;45;170;16
64;47;119;64;47;47
28;99;28;28;99;139
54;54;93;126;54;93
48;47;48;47;48;91
106;167;56;151;192;21
71;71;25;33;33;71
5;62;5;62;5;75
31;66;66;31;70;66
46;178;118;118;163;163
28;57;28;57;28;196
80;89;71;71;71;89
119;83;28;51;32;26
80;80;13;13;13;68
193;10;150;12;150;193
199;199;181;93;189;93
20;112;28;20;20;28
43;21;113;21;43;43
122;196;122;196;48;160
84;84;67;56;56;84
160;160;86;86;187;187
13;49;13;13;72;49
100;127;190;35;90;64
52;52;73;52;52;73
66;30;30;14;30;66
36;65;50;50;36;35
56;112;45;115;115;112
8;58;58;74;8;58
30;30;14;14;92;30
20;65;89;20;20;89
74;183;183;94;89;89
91;188;151;182;190;159
72;67;72;72;99;67
95;77;89;16;58;161
124;90;176;176;47;90
54;153;160;153;160;54
189;147;54;135;156;71
70;188;163;163;188;34
79;70;183;79;70;79
141;129;62;176;59;152
8;126;8;49;8;49
62;109;46;65;129;19
161;95;82;164;79;47
96;114;59;65;165;139
13;171;120;120;171;13
95;196;130;95;130;81
83;113;83;162;26;113
138;112;94;62;91;127
120;109;109;181;120;149
33;33;75;114;33;75
97;52;86;47;147;136
75;98;58;198;37;144
73;99;99;73;73;10
58;32;124;58;124;189
16;16;150;77;77;77
29;63;63;29;162;29
138;9;23;9;9;23
56;166;78;194;82;143
70;130;174;170;187;190
25;53;53;25;25;25
95;142;162;110;140;96
70;70;44;29;44;44
32;32;181;32;85;85
46;7;7;70;46;46
188;187;188;134;187;162
21;21;21;50;50;198
40;83;87;40;83;83
18;136;18;18;60;60
168;57;111;192;15;108
98;159;22;87;159;87
56;56;56;57;16;16
53;74;53;53;59;59
41;41;41;149;130;41
148;123;184;184;27;27
56;12;32;75;89;80
34;14;56;34;14;34
48;86;86;86;173;48
182;127;38;166;143;108
151;67;146;67;146;164
198;123;118;145;123;145
175;147;102;102;92;92
103;166;74;140;87;142
19;64;64;19;64;82
195;90;95;90;95;90
58;58;11;11;82;11
169;96;96;139;109;139
127;37;165;16;97;199
166;39;58;41;41;41
70;14;70;14;164;97
118;25;151;118;48;108
25;40;40;109;25;22
135;135;33;171;32;171
38;129;38;129;139;38
193;141;103;156;129;188
37;32;32;164;37;32
136;165;13;136;169;169
136;62;65;65;62;65
58;38;160;38;58;58
189;97;128;97;20;128
164;36;140;166;140;166
174;168;34;174;174;17
96;96;86;86;96;184
185;135;156;185;156;98
197;28;28;28;6;6
73;21;55;73;73;55
50;95;50;95;101;28
11;11;63;11;63;97
42;95;95;150;42;42
15;15;90;24;24;24
73;67;28;171;151;166
117;74;93;167;117;74
19;19;62;19;62;165
63;121;103;122;122;63
28;15;28;15;28;67
23;115;115;115;88;16
78;57;57;171;78;57
148;110;189;109;109;148
189;119;101;167;130;13
18;68;68;18;48;68
78;72;80;80;74;81
168;167;167;167;17;34
70;11;49;11;49;49
105;144;105;144;144;183
130;52;130;178;160;160
52;76;76;52;167;76
191;200;191;111;82;200
34;190;16;16;34;34
131;107;107;181;29;107
49;49;69;69;69;187
65;192;69;63;63;65
102;148;102;148;144;76
89;89;89;54;54;129
108;33;108;33;131;93
148;152;78;148;152;120
73;38;73;38;101;38
177;49;143;143;165;49
193;81;159;193;81;182
132;97;135;132;135;97
170;192;186;44;114;100
165;23;156;132;165;156
165;37;42;165;42;168
11;11;166;166;62;94
103;105;105;71;139;71
22;126;53;126;22;119
183;147;115;59;115;147
191;126;126;126;126;95
125;97;52;14;37;15
61;109;76;109;76;186
18;55;84;129;28;20
24;47;32;141;141;47
13;43;43;98;43;98
198;64;17;64;17;64
41;41;32;32;110;32
32;32;86;86;86;43
16;37;16;37;188;37
93;17;17;93;185;93
72;68;80;72;68;80
131;111;124;64;129;167
116;114;113;131;37;144
21;82;21;82;84;82
90;65;90;65;90;156
173;159;123;99;28;73
55;34;55;83;83;55
188;120;165;102;32;132
146;200;189;95;187;79
52;158;52;28;28;28
194;65;19;19;19;65
52;51;52;52;95;51
68;15;68;90;90;90
69;54;69;63;54;54
98;47;127;98;47;127
17;17;128;56;17;56
66;153;99;12;137;133
63;103;63;99;103;99
151;81;12;82;14;177
156;93;156;188;106;156
22;62;62;12;62;22
88;88;39;39;88;135
21;81;78;49;114;11
34;168;146;17;146;146
105;173;43;136;43;173
23;117;21;117;23;21
99;181;16;16;99;16
145;45;45;65;65;65
13;40;13;40;83;31
90;81;81;152;90;90
9;85;9;91;85;9
77;115;69;174;90;19
40;179;40;70;74;179
82;82;44;140;82;44
84;186;84;47;84;47
119;99;170;17;28;59
31;31;69;31;83;69
26;111;133;90;118;23
46;84;84;46;84;103
76;84;155;188;113;100
67;132;159;67;76;159
6;72;72;6;72;174
196;189;73;35;141;137
101;90;195;86;140;77
115;72;72;72;16;16
182;171;130;182;130;129
96;14;14;74;96;96
117;111;194;194;184;117
52;52;85;85;52;159
90;90;20;12;90;20
41;44;44;191;41;168
32;73;73;32;73;148
42;42;54;54;42;179
30;48;30;48;30;30
30;30;97;30;97;90
32;32;94;32;32;94
42;90;42;90;76;90
91;100;91;113;113;157
56;35;56;35;15;35
91;53;11;91;121;121
148;186;94;114;114;148
18;15;132;99;132;15
45;57;49;154;153;79
60;60;61;178;60;61
93;51;51;93;126;126
16;26;26;16;26;119
95;119;151;95;151;119
61;11;33;33;61;33
36;63;36;63;63;93
48;87;143;48;174;143
54;70;116;116;54;70
92;92;176;58;58;92
91;16;181;91;91;16
38;38;39;10;39;38
27;159;159;74;74;178
21;133;21;19;11;19
121;40;157;157;165;165
146;148;26;82;127;148
73;73;67;23;73;23
20;133;48;104;152;119
65;54;124;124;87;65
136;150;63;66;168;143
50;50;98;43;98;50
118;145;137;143;13;66
58;6;58;58;143;6
165;45;176;143;99;133
137;186;137;134;186;134
11;11;110;41;41;11
66;62;66;62;66;15
55;30;55;30;30;87
150;67;85;73;150;85
54;54;138;168;172;168
55;55;65;65;55;150
63;70;70;70;63;19
65;28;65;28;72;28
81;169;81;90;81;90
129;129;147;83;147;164
59;59;129;51;51;51
17;193;21;17;21;17
56;52;56;52;56;185
70;64;155;156;200;122
33;6;33;15;6;33
63;63;78;66;66;63
77;77;36;77;57;57
29;59;59;29;40;59
86;86;40;86;88;40
34;57;47;47;34;47
180;199;180;199;99;89
191;57;78;156;191;156
193;125;101;101;97;193
33;198;33;61;61;33
73;10;35;10;10;73
195;182;94;54;120;12
50;79;50;50;79;44
25;53;25;25;79;53
66;136;76;76;66;76
77;148;133;77;59;133
50;11;50;50;33;33
92;136;63;92;92;63
117;96;117;96;157;15
10;41;150;73;10;150
94;94;94;59;59;115
184;78;74;78;157;74
186;94;104;148;132;158
67;67;67;63;108;63
86;86;86;97;97;179
80;52;82;82;86;181
44;44;31;142;31;44
84;84;94;92;94;96
15;76;195;173;117;154
90;49;90;54;49;49
6;50;128;50;6;6
51;51;45;61;61;45
36;55;39;54;55;39
25;10;10;10;59;25
191;172;115;128;168;126
92;95;81;95;95;92
33;42;42;33;27;33
46;24;46;197;197;183
122;66;90;131;28;189
74;181;74;50;50;74
84;186;84;84;31;31
33;85;99;99;85;99
87;61;74;87;74;74
40;7;7;40;172;40
58;22;58;58;88;22
12;12;18;18;58;12
54;54;199;54;99;99
110;118;154;109;64;167
49;126;26;99;125;102
32;76;40;76;76;32
118;54;54;118;185;23
37;37;66;66;182;66
147;34;98;64;21;15
50;50;175;87;175;83
75;75;77;77;77;99
148;169;133;148;14;169
79;87;79;87;79;156
91;149;32;32;91;91
120;78;197;93;18;97
58;74;23;74;58;74
43;192;43;82;22;22
22;22;36;126;36;22
78;161;78;55;55;161
82;16;16;47;16;47
5;5;85;191;85;85
18;55;178;63;55;178
160;100;71;103;100;71
127;116;127;173;173;115
16;87;16;87;87;166
166;128;128;167;166;167
35;34;20;176;49;141
142;168;83;36;90;56
110;19;180;36;76;163
80;80;32;48;32;32
29;94;12;12;94;94
110;143;110;98;93;143
95;104;172;95;104;172
88;78;131;78;88;78
45;45;40;40;132;40
40;54;143;40;40;54
79;79;93;57;93;86
36;100;69;99;26;174
59;59;6;6;59;91
195;100;194;100;86;195
21;72;72;192;21;72
93;117;149;138;196;111
108;63;76;108;75;63
168;15;57;57;57;15
65;196;70;65;70;70
65;44;117;65;44;65
92;128;128;92;137;137
200;88;20;91;88;88
121;115;47;172;115;47
106;106;106;96;16;65
30;92;92;19;30;19
89;58;53;53;53;58
118;22;167;58;167;22
41;41;41;53;184;128
11;11;151;50;11;50
32;32;89;32;89;145
19;25;25;19;25;162
104;143;80;104;152;152
26;199;132;146;77;27
86;86;86;74;74;27
200;107;96;107;200;45
86;137;129;86;137;176
41;58;33;58;41;58
61;96;168;16;61;16
31;77;31;77;135;31
17;189;17;72;72;72
71;147;43;104;176;61
174;159;124;75;144;16
43;55;89;43;55;55
14;14;63;63;63;199
122;67;42;67;150;122
63;156;89;149;149;89
28;100;91;91;12;12
163;117;175;184;194;68
5;93;5;93;5;135
155;139;156;156;92;156
91;31;31;193;91;31
18;18;18;85;81;85
77;26;77;26;26;154
151;65;182;182;65;163
124;33;33;135;124;18
16;45;157;97;79;126
19;59;176;19;59;19
90;140;13;140;190;90
75;99;51;29;51;29
129;82;23;23;82;82
99;75;75;99;99;15
25;56;25;56;56;66
77;55;55;55;77;174
54;68;68;171;68;54
191;88;88;66;66;191
34;34;48;46;46;46
81;81;120;81;27;27
10;80;10;80;122;80
147;147;171;171;127;127
78;78;14;78;57;57
57;59;59;57;165;59
56;190;53;56;34;190
189;26;43;192;189;43
46;46;68;187;46;68
164;6;5;5;5;6
194;141;174;141;105;105
79;59;79;59;79;61
142;68;31;59;90;106
74;21;21;21;74;125
84;139;84;194;194;152
79;115;28;57;66;100
42;59;42;59;66;42
28;165;77;28;28;77
97;27;97;97;185;27
27;104;27;39;27;39
136;40;20;124;20;136
29;45;153;45;29;29
76;13;13;146;13;76
45;83;83;83;45;144
185;166;117;71;20;30
74;74;156;183;183;156
99;119;139;107;107;139
90;182;90;29;90;117
119;53;10;10;53;155
64;87;87;138;64;87
73;87;87;73;73;99
118;89;87;170;87;118
132;29;175;175;78;78
99;80;148;182;147;168
88;80;7;80;7;7
94;64;64;70;70;64
82;27;27;82;114;27
159;94;81;81;81;94
82;17;63;17;17;82
138;138;47;178;138;138
63;56;56;63;56;109
91;62;91;49;91;62
115;169;91;61;192;153
71;22;68;22;71;71
116;159;16;88;120;51
196;84;196;129;54;54
66;127;155;89;146;127
173;92;29;177;110;86
182;142;30;190;166;169
26;26;52;25;52;52
177;103;113;103;177;40
117;163;16;163;16;117
134;187;81;80;134;187
29;168;36;29;36;29
79;79;22;72;22;79
122;128;84;128;34;122
19;107;107;25;51;51
36;97;11;97;16;97
107;140;36;140;115;36
49;54;189;171;81;134
97;97;90;97;156;90
181;191;60;145;175;128
76;76;177;76;55;55
22;92;22;22;92;142
16;119;86;16;86;86
31;31;75;116;75;75
55;121;65;54;185;14
183;183;130;20;20;34
84;76;106;76;106;13
70;25;25;108;70;108
130;85;117;117;29;29
127;192;124;47;145;99
112;87;156;148;68;193
68;29;68;29;90;29
11;92;104;11;92;11
180;180;137;137;49;49
76;85;76;85;32;85
8;45;85;8;45;8
6;159;25;25;6;25
180;44;33;44;33;44
40;97;97;47;40;40
48;48;58;48;103;58
97;97;97;190;97;97
78;17;162;17;116;116
194;183;194;177;177;183
15;15;39;93;39;39
18;9;18;181;18;9
10;77;121;77;10;77
24;86;51;24;51;51
61;17;56;189;80;28
164;66;66;66;65;65
29;29;167;85;85;85
45;9;55;45;9;45
120;196;120;196;176;176
10;180;167;77;124;64
20;20;78;20;36;78
154;43;49;151;43;154
109;119;109;44;65;44
32;32;16;16;134;16
180;186;186;71;180;76
25;25;25;90;170;90
67;110;37;37;67;67
62;62;61;29;61;62
117;196;67;151;167;33
21;193;136;135;118;44
93;65;65;71;93;65
45;45;75;75;130;45
57;30;178;57;30;30
80;129;28;28;65;129
99;99;99;17;41;17
199;114;199;103;169;57
23;87;39;23;39;39
72;21;93;21;93;93
87;159;33;87;33;33
59;94;94;86;59;94
52;64;64;52;64;97
24;158;164;113;55;21
25;91;135;25;25;91
137;31;186;195;38;58
17;53;17;45;53;53
198;123;107;123;81;81
168;58;37;37;58;58
65;43;65;75;93;43
136;137;22;136;125;22
19;71;19;35;19;35
85;42;42;42;141;85
200;200;183;200;156;37
145;141;141;132;132;42
5;176;52;5;52;5
96;97;89;89;89;96
70;115;70;72;115;89
35;89;89;96;89;96
168;102;168;102;32;184
109;109;109;180;87;162
13;50;49;49;49;13
83;27;27;66;27;83
36;59;37;59;37;182
6;99;6;144;6;99
130;151;184;107;70;181
54;28;54;28;28;191
67;35;192;35;35;67
123;166;68;171;92;150
143;143;183;49;191;191
115;115;105;115;157;190
68;76;31;31;68;68
83;12;12;87;12;83
119;121;121;150;119;115
9;9;99;9;181;99
90;90;89;195;89;89
51;51;75;75;51;180
64;51;149;62;64;149
78;92;78;96;92;96
55;111;185;55;111;63
165;86;22;22;86;86
21;21;31;31;31;40
138;119;44;45;138;138
10;89;10;89;10;163
138;16;138;16;80;108
29;29;73;29;80;80
120;100;113;50;130;81
21;70;70;70;21;10
112;36;169;164;154;137
76;90;76;178;90;90
38;80;36;153;132;112
6;6;71;71;180;71
61;194;192;61;61;194
126;147;111;70;178;71
168;140;182;198;195;179
92;9;92;9;92;27
136;87;18;18;170;136
72;62;121;112;45;153
40;74;74;196;74;40
34;81;81;66;66;81
50;76;79;79;50;50
114;78;10;114;90;90
25;25;84;84;86;84
34;91;135;135;97;34
95;106;160;44;192;115
14;14;6;14;124;6
138;116;163;165;110;154
37;37;88;88;74;88
62;62;11;11;36;62
40;9;46;46;9;9
108;104;82;58;160;96
45;48;48;176;45;45
46;46;90;20;46;90
17;112;30;183;72;142
95;151;181;152;152;151
92;56;56;92;197;56
17;57;57;69;17;17
66;194;74;159;180;73
29;59;59;29;93;29
18;61;61;18;184;61
154;166;20;94;94;20
27;27;27;23;23;144
104;180;57;57;180;137
90;41;31;41;31;31
67;67;30;30;105;30
70;71;70;70;71;68
60;25;25;60;60;185
139;127;127;155;92;127
187;70;169;169;153;187
84;84;142;66;66;84
70;70;44;170;70;44
81;139;42;81;42;42
43;43;157;130;141;141
92;52;90;142;52;92
15;53;53;37;15;53
189;189;12;176;176;12
12;12;12;45;16;45
129;52;69;65;18;43
44;44;122;57;57;57
41;151;151;42;75;42
87;98;73;73;98;98
70;72;72;81;81;81
65;51;65;51;65;200
38;139;89;89;89;38
38;38;38;46;46;124
57;86;130;160;160;130
14;38;39;191;191;38
18;181;115;112;91;62
111;188;110;110;111;188
105;52;58;34;105;52
35;35;81;81;20;35
133;56;133;98;34;98
96;188;106;96;96;93
55;89;130;89;89;55
192;145;23;63;41;193
32;50;84;106;84;50
83;89;37;83;83;89
87;87;61;61;20;87
179;190;184;173;10;114
157;178;109;166;140;170
89;48;48;89;89;31
62;22;62;24;22;62
12;61;12;12;61;61
65;32;32;6;6;6
32;193;119;173;119;193
47;47;24;24;26;24
166;28;174;174;131;28
176;166;126;125;56;75
166;143;124;10;75;119
158;125;102;102;12;125
130;68;156;37;183;173
25;25;98;25;98;11
50;5;50;112;50;5
109;10;196;196;109;168
82;82;120;33;82;33
99;67;167;67;99;99
172;154;55;70;27;69
72;72;72;137;94;94
77;25;77;50;25;77
50;50;152;53;50;53
29;29;50;50;29;137
69;43;43;195;43;69
95;86;86;103;95;86
167;69;67;69;167;47
7;92;65;7;92;7
29;140;198;165;169;71
169;15;51;51;15;51
145;67;10;191;125;118
94;94;10;10;94;166
101;164;185;101;48;48
197;89;89;48;48;197
97;69;69;145;69;97
56;57;53;53;57;57
170;178;170;97;22;170
29;29;84;88;29;88
91;34;91;34;185;91
66;132;127;66;127;109
81;9;81;9;42;9
75;193;27;193;27;145
140;98;90;90;98;98
95;63;63;9;9;9
63;80;63;128;80;63
52;187;18;52;86;86
33;39;33;39;39;44
119;119;137;98;98;137
82;82;82;77;77;13
97;126;97;97;12;12
80;189;94;80;94;94
26;163;37;111;37;111
146;197;166;125;166;125
29;20;139;29;20;20
173;50;155;155;117;117
185;84;85;85;85;84
111;111;119;183;142;142
6;101;99;99;99;6
30;30;13;31;13;30
156;65;55;130;156;130
66;91;91;147;91;66
30;50;50;50;30;78
72;190;31;63;169;115
92;92;92;79;124;79
51;22;111;22;51;111
74;76;76;85;85;76
101;137;107;53;99;13
59;45;61;59;61;112
81;196;196;81;150;150
87;87;82;79;82;82
36;10;41;36;10;10
82;28;82;11;28;28
96;134;96;42;42;42
145;45;135;86;99;81
94;38;38;53;38;53
70;6;70;172;70;6
37;37;80;114;80;80
65;44;200;48;64;149
69;99;99;45;69;69
28;34;28;28;76;76
26;89;26;105;89;26
168;89;168;158;179;89
104;97;190;139;104;139
102;195;14;34;17;168
111;102;51;51;128;111
181;188;14;160;71;44
10;75;77;39;181;159
44;148;17;148;121;121
20;61;20;161;61;61
85;85;16;101;85;16
41;37;41;37;125;37
53;53;43;55;55;55
58;132;58;105;132;105
54;54;54;18;37;37
98;98;146;98;11;11
91;141;91;91;22;22
153;172;153;172;49;22
94;144;25;122;122;25
44;44;38;38;44;195
35;200;98;162;79;21
31;31;90;90;90;50
65;77;77;61;61;77
23;173;23;23;89;89
59;58;58;33;33;33
30;30;30;30;193;30
59;59;10;27;59;27
200;136;64;62;31;126
95;95;63;87;95;87
168;163;14;168;14;176
44;45;87;45;44;44
185;144;10;144;35;185
74;152;74;22;22;74
145;55;88;55;55;88
66;84;66;84;66;143
163;160;84;84;160;84
58;58;58;58;14;58
38;38;38;96;65;16
44;81;59;178;87;135
129;19;19;32;32;197
27;27;27;79;79;37
77;40;184;77;40;77
47;70;47;70;47;67
36;42;36;52;42;36
65;33;33;65;93;93
31;102;14;14;31;14
138;57;196;57;78;107
75;75;68;68;68;159
29;63;29;29;165;63
95;95;48;48;95;104
76;11;11;11;76;171
165;126;133;165;101;101
88;88;88;38;66;38
12;54;54;146;54;12
126;126;58;93;58;188
70;70;12;180;70;12
83;83;83;64;199;64
175;34;110;63;99;200
85;85;80;187;80;80
50;20;63;122;122;50
40;40;23;109;40;23
47;51;51;32;32;32
193;183;183;35;35;13
12;48;71;71;48;71
178;178;32;122;122;184
52;113;113;135;135;141
17;128;39;39;17;39
85;58;85;85;58;50
42;24;24;95;95;24
61;18;18;61;44;61
28;119;141;141;119;46
69;149;65;138;30;11
18;31;18;31;68;18
188;65;16;66;16;66
197;197;147;130;130;197
80;72;77;132;38;67
177;37;32;32;32;37
36;22;85;85;22;22
29;88;97;97;97;29
73;129;16;16;73;73
24;75;182;141;75;24
173;134;175;79;17;41
16;63;63;16;19;63
11;57;57;126;11;57
49;36;85;85;49;49
59;59;161;17;59;17
127;124;12;157;12;124
13;13;173;42;13;42
98;12;98;98;12;170
105;150;52;153;140;185
193;102;80;193;80;102
136;90;14;75;171;93
14;14;14;109;48;48
55;76;55;76;174;76
15;15;184;184;171;171
163;89;141;141;163;116
40;60;60;62;60;62
31;31;31;66;31;31
46;63;13;189;46;189
31;31;11;11;189;11
99;64;140;99;64;99
124;103;16;198;62;181
104;166;111;53;92;176
80;153;88;20;126;38
76;43;76;132;43;43
39;28;89;89;28;89
82;126;17;163;126;82
23;23;70;23;95;95
63;165;165;162;162;117
34;34;84;65;34;65
97;97;178;97;44;193
15;72;15;72;15;121
159;35;179;33;84;192
62;40;40;62;62;145
193;93;193;47;114;93
19;141;78;19;78;19
185;121;121;27;27;68
37;162;76;37;76;76
165;135;89;57;165;57
62;93;62;62;189;93
64;97;64;97;18;97
125;61;184;163;184;61
82;123;82;82;94;94
149;167;66;187;47;186
164;182;199;75;176;147
53;53;65;65;53;120
82;18;82;18;132;82
157;189;131;124;101;14
87;78;87;16;78;87
56;156;198;38;126;130
68;133;68;98;68;98
49;24;49;49;87;87
17;17;17;40;165;40
125;99;56;56;56;99
38;38;19;38;36;19
81;56;56;92;81;81
10;8;10;10;8;156
133;176;166;169;176;133
191;143;33;29;119;22
177;145;110;46;177;110
127;18;127;147;165;147
183;183;44;170;44;170
141;77;77;61;61;141
34;49;63;63;63;34
88;49;49;41;124;91
27;41;199;51;109;124
24;176;68;175;196;155
18;68;68;68;59;59
144;163;152;163;43;43
70;65;174;65;70;65
175;179;75;151;138;106
196;33;187;136;13;23
55;155;55;55;24;24
193;30;73;30;73;73
159;57;159;57;96;68
29;75;15;15;75;137
175;49;121;90;168;60
69;144;144;144;69;136
76;76;76;61;88;61
39;76;192;172;187;189
65;141;9;9;65;9
11;30;142;14;11;30
105;98;98;57;105;59
43;13;62;62;62;43
92;84;84;92;92;30
166;166;188;150;188;82
93;170;198;156;93;170
167;171;16;167;171;96
84;84;20;20;172;128
168;149;141;137;180;69
26;129;120;113;59;134
56;41;41;124;28;124
77;59;77;59;65;59
16;142;142;90;69;69
84;25;6;6;6;25
109;77;22;128;15;91
133;55;106;17;194;65
23;50;56;23;50;23
113;113;66;66;128;197
184;40;43;43;43;40
42;60;58;60;58;60
93;59;93;59;93;120
68;38;11;38;68;38
39;57;20;41;63;182
99;41;41;99;99;14
127;104;104;35;139;139
86;86;89;178;86;89
160;24;197;160;197;24
154;39;69;69;39;69
77;77;84;122;84;122
38;86;32;86;38;38
10;142;49;112;187;161
142;85;160;51;44;46
90;90;39;39;39;90
19;20;20;20;80;80
61;74;199;92;47;11
48;14;41;14;41;41
135;126;20;31;167;14
36;14;14;75;75;75
68;119;162;162;80;68
84;84;31;31;57;84
161;68;76;68;76;76
45;16;109;81;16;81
195;68;68;47;47;47
19;19;92;42;42;19
190;168;93;190;93;19
50;50;19;170;19;19
48;130;118;66;104;173
131;26;26;30;26;30
97;69;69;42;97;69
195;12;56;12;35;35
98;86;98;98;86;16
91;91;140;22;91;22
199;163;97;71;133;93
75;39;75;39;45;75
162;96;60;162;165;165
6;54;109;6;6;54
131;71;50;120;40;119
84;193;35;84;35;193
83;83;83;62;62;177
117;15;194;117;15;52
28;195;40;28;40;40
153;112;29;65;200;40
24;108;24;24;82;82
106;19;139;175;188;93
7;30;30;7;30;33
17;62;17;17;27;62
79;195;79;195;186;145
39;31;84;84;196;39
169;128;17;131;34;156
28;117;117;82;25;82
119;90;90;90;87;87
93;172;51;162;19;124
14;53;128;184;14;14
13;106;19;19;13;56
80;95;95;80;105;68
36;178;36;69;69;36
8;100;89;89;8;8
82;19;119;119;22;22
10;159;139;10;20;20
111;54;78;54;54;78
121;76;121;63;23;23
156;113;197;172;173;193
169;182;169;87;180;182
181;181;177;107;177;170
154;168;41;60;124;192
197;92;17;92;17;197
45;45;22;22;46;45
44;129;129;83;47;83
193;94;22;67;31;85
79;166;47;124;164;35
53;53;9;139;9;9
82;85;85;109;85;82
24;109;33;33;24;33
39;195;51;39;69;69
75;75;8;131;8;8
75;99;99;75;75;21
14;20;133;14;14;20
156;139;79;36;140;19
116;157;180;157;116;180
46;46;178;44;46;193
149;143;143;66;149;54
26;97;26;26;96;96
18;18;96;20;169;169
62;89;89;62;89;146
55;55;153;153;41;41
144;184;60;42;177;121
62;47;47;62;62;194
18;43;43;18;43;27
49;49;76;34;49;76
35;35;87;35;178;87
13;102;177;131;13;102
82;30;30;15;15;15
109;157;13;13;37;37
56;39;56;34;34;56
122;28;151;101;151;28
72;77;72;59;72;77
166;26;26;133;166;133
58;81;57;57;81;81
7;40;7;7;104;40
51;84;51;76;84;146
12;36;68;36;36;68
30;99;99;30;53;30
27;36;27;155;36;36
166;166;113;173;113;114
52;52;52;100;90;90
22;22;179;75;75;22
57;29;29;57;57;187
39;117;91;14;158;63
132;172;22;172;48;194
120;152;124;157;100;20
59;17;59;26;17;59
62;52;52;17;17;17
139;108;108;150;150;60
48;84;133;84;133;48
34;83;98;34;83;34
6;80;122;6;6;80
106;81;72;103;26;40
24;12;12;18;24;12
135;30;95;145;47;61
127;127;139;57;145;57
13;13;199;36;36;36
73;42;120;102;46;46
62;28;69;28;69;69
127;43;127;37;109;109
116;48;78;76;35;52
143;180;34;89;34;89
26;172;189;21;62;134
50;122;170;58;163;168
113;113;188;183;199;183
133;83;169;168;133;62
118;36;36;140;79;140
116;116;180;157;31;180
20;15;73;131;64;135
84;108;136;162;51;54
176;85;165;85;169;176
54;101;177;105;148;188
38;16;38;175;16;38
94;52;52;86;52;94
161;36;25;25;36;166
130;130;95;95;106;102
30;99;187;30;99;30
89;137;187;89;171;137
87;87;87;24;163;24
37;150;149;150;149;37
30;44;44;30;30;30
82;82;58;58;58;62
197;187;48;87;29;148
140;93;22;160;140;160
53;15;63;163;91;84
176;100;181;65;31;52
159;167;41;23;167;159
12;12;71;71;12;20
77;57;61;61;61;57
91;171;68;121;24;74
189;64;176;187;166;26
7;7;7;72;72;96
148;164;15;104;186;54
75;198;68;198;121;68
56;36;95;84;74;158
48;95;48;122;95;147
77;30;77;30;77;151
82;82;42;42;179;42
80;80;61;80;61;13
95;31;31;57;57;57
81;81;26;34;34;34
81;81;133;81;86;86
21;21;27;98;21;98
16;66;19;66;66;19
73;73;73;31;26;26
69;141;177;95;69;177
21;177;45;46;98;50
48;53;53;151;160;160
81;80;195;22;111;87
57;94;27;94;27;94
174;46;174;129;64;64
7;186;36;7;7;36
94;80;143;94;80;94
98;98;198;178;178;198
196;83;196;100;100;86
177;80;157;149;39;147
42;136;87;42;42;87
28;21;21;21;28;28
144;87;125;158;158;144
12;53;93;36;17;39
32;80;72;80;72;72
100;193;193;66;100;131
37;37;74;74;37;136
12;12;20;20;193;20
179;38;122;143;94;47
118;7;84;7;7;84
105;173;85;79;118;191
59;90;31;31;59;31
28;28;41;41;78;41
51;124;10;186;105;176
77;189;46;170;77;170
91;91;40;52;52;120
33;195;15;15;195;33
37;76;76;51;76;37
180;77;77;24;24;80
74;17;189;85;122;59
58;194;91;91;58;91
67;136;146;41;67;41
93;64;88;93;93;88
154;155;66;155;154;66
166;166;122;122;129;96
17;48;17;48;17;151
103;104;14;75;14;51
94;94;96;96;187;96
92;179;48;88;197;179
41;161;56;41;81;56
162;162;108;94;174;18
135;162;135;105;162;105
190;156;193;156;46;190
183;28;97;65;115;145
57;57;22;22;57;57
43;24;24;43;24;73
149;149;123;164;112;61
29;34;34;79;34;79
83;83;91;20;91;91
68;45;68;68;45;49
56;79;70;56;79;56
69;69;112;171;100;100
25;25;117;23;25;23
33;14;14;150;33;185
45;108;54;54;45;45
36;125;60;176;173;194
104;43;151;104;151;43
194;184;98;190;147;77
144;181;27;181;144;195
71;81;81;71;81;90
91;35;91;10;35;91
61;91;17;41;177;85
26;32;32;26;32;180
45;14;45;14;38;38
84;191;58;24;194;146
108;137;137;188;83;108
137;84;70;144;34;118
85;75;75;85;75;122
82;30;120;30;82;82
72;72;72;22;22;23
63;63;90;125;90;63
18;74;197;18;74;18
11;64;162;11;59;162
36;57;36;85;57;57
137;66;90;125;125;90
193;118;116;72;79;10
157;39;40;129;73;62
94;88;71;71;116;116
89;89;29;89;29;91
84;88;84;88;105;88
88;39;176;88;88;39
43;47;107;43;47;43
189;128;188;24;104;77
147;56;108;108;56;95
195;180;52;172;52;172
34;34;34;34;34;156
151;121;99;96;104;174
20;84;163;20;84;84
76;64;76;100;64;76
100;100;141;88;141;57
10;113;175;175;10;198
19;40;31;40;19;40
138;126;26;126;34;26
70;77;153;81;70;81
10;166;58;103;112;186
80;80;74;80;66;66
10;96;77;10;96;10
38;74;74;15;38;80
161;8;5;5;8;5
98;197;80;96;197;98
148;45;31;125;113;97
36;44;194;36;44;36
58;51;110;51;58;51
107;32;89;33;33;89
87;29;87;82;82;82
81;199;36;85;36;199
96;29;48;96;96;48
24;24;14;24;165;14
83;111;17;17;126;126
108;142;188;142;102;102
101;132;38;21;118;53
51;172;142;103;25;133
95;95;95;12;14;12
64;55;55;55;187;64
67;67;67;22;178;97
129;101;164;120;36;76
18;18;20;20;20;98
67;15;67;153;15;67
150;21;135;113;142;91
84;39;39;162;84;192
80;195;101;99;142;116
41;176;41;11;176;163
87;163;78;87;78;87
87;87;79;23;79;28
66;72;98;145;143;141
56;38;38;56;173;56
11;91;190;91;190;78
93;10;10;157;93;157
17;96;17;96;160;160
31;173;45;31;31;45
36;79;79;36;36;168
198;130;198;130;68;22
81;112;81;75;75;75
89;90;144;144;66;89
14;14;192;36;14;36
12;12;16;16;12;175
162;110;52;147;52;110
26;102;105;179;105;102
155;24;24;61;61;24
134;134;72;73;73;169
63;91;21;21;91;91
39;35;35;95;95;35
101;101;65;159;159;145
48;189;85;189;48;85
162;200;170;200;42;170
98;98;98;79;79;176
89;89;58;182;89;58
43;43;32;32;162;43
41;59;104;63;162;124
103;34;66;34;66;34
15;45;77;88;88;15
116;22;116;191;191;52
106;156;156;119;52;119
36;183;182;117;117;183
11;45;11;45;11;70
159;43;18;18;43;159
85;24;24;85;24;33
22;22;21;22;21;138
95;194;74;74;74;95
47;151;72;112;47;112
94;79;94;199;79;94
61;173;189;173;189;61
80;61;70;166;144;162
32;87;37;87;87;32
35;156;35;35;67;67
82;79;122;19;45;70
35;72;113;31;40;100
38;18;18;79;38;38
141;68;63;68;61;63
39;39;39;65;84;65
110;40;179;146;41;107
19;91;12;80;19;12
142;26;142;159;38;159
55;11;10;10;55;10
46;64;64;16;64;46
195;198;154;198;154;51
71;160;180;84;120;140
71;103;71;16;166;16
29;138;29;6;6;29
68;144;134;77;96;18
136;72;72;149;149;136
69;83;83;69;69;168
184;78;78;9;78;9
11;88;11;186;88;88
154;17;154;120;35;35
186;128;166;88;166;88
70;70;7;56;7;7
127;87;176;110;159;94
16;133;20;73;62;53
170;40;192;19;106;169
53;25;53;53;25;23
34;51;120;131;168;34
90;30;30;90;137;90
121;152;140;152;121;193
7;7;56;56;7;171
199;51;56;97;149;47
184;63;21;63;184;21
59;55;59;55;59;51
127;37;169;52;37;52
133;156;58;155;47;163
83;79;79;83;87;83
170;63;63;93;93;63
43;43;29;26;26;26
78;122;97;140;101;93
181;106;106;102;102;126
90;137;19;11;91;97
10;19;10;19;10;79
156;126;171;171;38;38
133;36;123;36;123;133
85;71;71;85;85;117
88;131;131;77;77;88
11;110;11;41;66;41
136;175;78;182;190;102
41;39;41;41;171;39
50;37;50;72;183;72
68;68;35;35;180;68
136;136;35;18;35;18
135;24;174;24;135;119
21;56;56;21;21;51
72;72;48;64;72;48
154;127;55;154;46;46
89;89;200;111;111;117
12;124;12;67;12;67
29;116;117;116;116;182
27;27;188;80;171;171
74;26;74;24;26;26
75;178;33;33;33;75
11;11;83;83;162;11
96;189;96;96;23;23
35;6;6;47;6;35
20;11;149;38;189;136
93;82;52;199;153;40
70;70;29;29;70;91
97;78;72;72;97;97
187;167;121;71;71;187
44;45;193;44;45;153
29;97;121;97;97;29
41;143;29;29;29;41
50;50;93;93;99;50
71;67;86;86;86;67
66;17;17;109;66;17
121;90;50;90;50;90
38;38;38;78;64;78
15;15;15;31;199;31
53;53;173;99;99;99
29;29;29;81;81;57
19;42;42;19;42;89
148;36;36;148;79;79
64;9;9;64;193;9
98;98;88;88;57;98
32;21;63;79;139;21
59;109;109;58;186;59
162;176;59;200;71;94
53;53;12;15;53;12
50;84;63;21;199;122
157;126;30;150;20;172
163;125;78;103;144;168
32;32;64;116;64;64
181;27;52;27;127;181
58;58;42;58;47;47
74;74;74;42;74;42
17;98;70;98;70;98
166;166;112;95;184;95
66;83;83;83;52;52
40;73;73;40;134;40
108;78;14;78;108;103
190;88;88;88;157;105
131;200;181;200;75;181
142;55;162;178;82;143
74;43;74;74;12;43
46;77;106;46;87;77
73;70;70;70;112;73
95;37;55;95;55;55
44;44;16;16;16;88
47;65;111;41;111;41
54;35;54;61;35;54
93;136;93;75;93;75
143;125;144;80;80;125
65;35;50;50;35;50
42;85;42;42;74;74
177;40;159;173;40;159
57;23;80;21;80;23
84;170;84;85;85;85
99;70;28;145;142;135
180;131;55;48;103;90
50;42;42;50;50;57
188;154;108;123;124;167
167;43;135;49;166;11
78;31;78;38;78;31
117;15;15;62;15;62
82;82;139;155;92;82
28;28;26;26;123;28
25;41;41;25;25;80
56;199;56;56;35;35
53;53;10;53;147;10
18;75;75;18;75;146
24;104;24;61;24;61
23;12;12;40;23;12
5;54;59;5;54;54
84;110;120;53;58;16
76;37;141;132;30;194
91;59;59;75;75;75
51;71;190;190;71;162
79;35;101;79;35;79
150;47;33;26;132;112
92;11;132;144;130;43
126;11;126;16;126;36
69;69;156;82;82;82
7;7;7;62;79;62
43;25;25;25;170;43
138;45;196;45;196;112
55;166;11;98;161;138
123;116;129;76;78;46
35;127;35;35;52;52
42;65;65;65;65;42
49;44;12;44;49;44
174;139;146;192;159;26
160;85;45;85;16;16
199;68;59;182;199;59
59;59;59;83;65;83
163;179;181;20;19;168
88;137;95;137;174;88
167;9;10;10;9;10
189;14;126;126;32;32
56;106;169;93;58;95
185;34;185;60;52;60
23;66;23;56;66;66
79;96;36;36;36;79
15;200;183;183;15;117
190;46;106;41;30;57
76;122;26;26;184;184
30;65;16;30;65;30
190;177;53;53;36;36
25;83;83;135;25;83
118;130;12;96;12;96
71;170;170;61;156;71
28;60;28;60;28;57
17;17;37;37;45;17
86;42;27;42;27;27
139;60;20;20;60;60
70;25;25;139;70;70
14;14;175;59;59;175
124;88;189;125;55;146
79;21;86;21;135;21
143;50;61;61;50;50
42;42;42;18;18;24
92;157;29;24;89;111
61;79;159;88;109;93
98;98;84;21;84;98
27;161;51;146;104;134
161;76;150;173;159;167
45;184;184;45;131;28
55;61;61;55;61;101
77;126;22;71;167;168
70;70;22;22;131;22
40;14;27;32;85;112
29;122;29;70;70;29
54;166;188;184;159;95
130;143;91;182;182;130
84;52;50;84;50;50
74;74;26;74;26;198
135;199;95;74;74;95
156;51;83;156;120;83
155;141;75;141;109;109
95;25;95;25;25;43
31;31;33;196;33;124
11;16;183;16;11;13
172;127;189;36;189;127
51;99;99;99;29;51
55;172;36;172;172;170
94;94;114;94;29;114
103;103;87;79;15;15
50;16;16;16;50;46
70;70;70;12;12;149
15;91;38;15;15;38
151;110;110;171;34;151
57;86;28;28;86;28
56;133;178;190;107;70
70;191;70;70;15;15
57;57;56;26;56;56
28;117;73;137;73;137
30;83;30;30;149;83
79;27;27;116;116;82
70;86;86;183;70;86
57;155;53;57;57;53
60;57;198;162;42;17
86;86;21;21;108;21
91;40;40;20;40;20
113;30;97;30;97;30
99;82;99;82;99;152
51;21;177;128;16;192
199;50;50;40;50;40
195;113;13;12;113;12
80;80;8;8;80;117
17;17;17;94;107;94
192;67;172;95;82;58
184;66;179;108;139;123
64;72;102;72;72;64
11;174;140;11;14;174
26;118;94;26;26;94
60;105;133;169;83;16
11;135;11;80;80;11
22;119;73;13;178;195
80;37;80;51;51;51
192;172;52;52;192;172
65;65;71;81;65;81
64;38;147;25;177;156
94;61;192;94;61;94
39;39;144;39;22;22
168;181;198;168;198;40
21;73;16;16;16;21
18;67;18;67;18;168
57;185;60;200;75;184
56;28;49;56;28;28
70;58;82;82;82;58
69;57;7;69;7;7
69;71;69;33;72;72
89;177;130;177;79;130
76;76;76;76;189;76
92;169;14;72;144;72
83;54;54;20;83;83
51;170;160;188;124;169
18;68;18;191;18;68
95;95;58;176;95;58
21;21;21;92;76;76
11;39;51;51;11;51
11;23;180;11;23;23
131;135;162;135;169;131
51;60;60;163;51;51
8;46;8;8;106;46
188;184;144;188;60;144
158;22;58;46;171;72
59;96;96;25;25;96
155;141;199;14;177;194
54;91;102;91;91;54
50;112;15;192;192;102
199;184;182;50;57;63
38;79;66;38;79;38
22;47;47;22;140;22
13;87;59;153;153;13
129;174;141;126;134;114
14;31;14;31;73;14
77;77;36;52;77;36
146;81;81;173;102;146
65;181;197;18;108;197
32;72;101;181;139;95
71;71;22;22;71;169
27;182;143;175;91;99
37;14;182;37;182;85
139;92;22;22;22;92
96;14;130;101;177;156
38;20;151;35;20;55
17;176;17;17;66;66
95;79;95;79;95;194
73;25;40;97;73;40
68;147;163;138;147;163
133;128;132;95;109;27
27;13;27;27;63;63
158;73;17;73;73;17
143;39;171;144;85;47
39;170;15;15;39;15
162;58;11;130;136;112
45;45;45;17;17;144
139;68;68;10;10;10
186;54;54;46;46;54
8;77;8;8;97;77
62;94;94;94;115;62
92;30;29;92;30;30
76;76;164;164;175;13
26;26;58;58;72;58
90;86;90;86;31;165
124;183;164;52;180;56
88;74;76;88;76;76
12;12;49;49;162;49
18;194;140;25;25;140
19;47;19;19;47;45
39;143;14;39;14;39
83;83;49;49;20;83
24;52;126;19;126;52
79;31;79;31;86;79
19;193;129;65;19;193
96;44;91;44;96;96
163;163;141;140;140;33
57;158;165;197;69;174
138;138;138;20;91;200
33;166;183;110;113;117
90;102;26;102;26;90
44;24;44;131;44;24
84;69;84;84;69;89
74;74;56;27;74;27
84;106;84;139;139;39
36;35;35;29;29;35
83;112;62;112;112;62
148;125;148;11;145;11
70;83;38;70;83;83
56;56;37;37;85;56
56;76;56;56;56;56
58;43;43;58;89;58
33;98;98;105;33;98
62;62;62;196;12;12
71;71;83;83;83;180
35;47;82;47;47;35
177;28;81;81;28;81
182;81;155;25;189;178
58;106;58;11;11;11
165;133;173;154;133;154
25;13;13;24;13;24
70;180;117;117;117;64
149;14;11;149;11;67
35;64;64;64;64;64
11;60;107;106;60;107
5;55;55;83;5;5
5;5;66;66;5;102
145;88;114;116;145;114
103;187;82;130;75;88
30;48;48;56;30;30
62;62;33;62;17;33
18;18;122;45;122;20
109;95;95;32;32;32
117;141;149;76;137;24
139;52;139;185;185;52
190;37;57;57;37;57
163;112;16;58;69;110
29;29;84;160;84;29
66;80;66;80;118;178
190;108;92;140;69;133
170;68;14;68;14;14
28;198;135;99;139;96
39;41;41;166;58;41
73;73;173;78;67;173
85;8;85;8;8;46
154;65;23;65;65;23
141;70;12;12;12;70
39;39;39;170;85;85
50;79;184;184;113;50
168;172;172;172;34;17
16;48;16;48;48;11
115;156;59;28;78;26
84;86;86;16;86;84
25;25;140;142;142;13
34;27;34;34;127;27
34;11;128;11;34;34
39;39;45;39;114;45
36;129;33;177;75;126
25;25;31;25;195;31
39;184;39;184;166;124
71;47;47;71;23;71
12;57;57;120;12;57
46;163;26;163;46;116
146;168;85;67;101;137
8;8;141;22;8;22
109;66;65;66;65;65
83;75;75;128;75;83
58;67;67;57;67;57
46;93;46;37;37;37
115;11;115;11;188;11
101;104;155;30;73;137
67;67;90;67;90;36
84;181;84;181;93;186
45;51;147;43;51;43
187;174;130;43;62;107
140;171;171;138;47;47
99;85;157;99;85;85
193;61;91;99;197;101
48;48;24;48;146;24
72;92;72;72;92;95
114;114;171;171;53;89
151;48;103;42;40;51
189;160;189;176;158;176
63;131;63;63;5;5
72;21;59;72;72;21
75;75;86;170;86;86
112;37;37;71;12;12
134;169;134;92;92;169
37;98;98;98;13;37
47;65;65;65;52;47
67;50;67;187;50;67
69;94;104;69;94;69
45;45;45;45;43;43
17;17;96;96;96;127
57;42;88;57;57;88
82;57;154;76;167;182
57;24;57;24;52;57
61;170;61;61;21;21
56;54;54;24;54;56
96;130;21;115;22;170
12;147;53;53;12;53
7;5;5;7;7;47
79;90;85;79;79;90
32;152;48;32;15;48
70;70;101;88;88;88
128;138;193;103;138;128
196;196;115;163;109;163
21;21;21;89;164;89
30;30;168;168;124;124
15;56;56;15;129;129
178;21;178;50;21;50
101;143;16;36;105;145
47;44;44;53;44;47
109;185;185;103;58;109
36;86;36;154;36;86
84;84;40;40;84;24
60;174;98;50;166;109
57;52;52;52;95;57
7;7;78;190;78;7
163;177;130;60;163;177
58;58;28;58;76;28
38;75;44;38;44;44
93;76;121;90;165;144
49;49;75;75;121;75
64;99;71;186;99;186
153;169;78;153;78;169
75;105;67;140;99;127
15;88;88;83;83;83
54;128;103;162;162;128
44;86;131;44;193;65
86;39;149;86;86;39
50;125;96;30;125;30
17;136;170;180;136;170
19;11;49;88;19;11
93;9;31;9;93;93
38;132;63;132;38;56
150;161;94;127;198;110
33;103;38;33;103;38
53;98;53;41;53;41
29;35;79;60;145;167
199;115;115;101;52;115
29;17;17;17;176;29
181;49;49;42;86;181
11;11;94;20;20;11
64;58;64;58;58;192
22;65;29;22;22;65
52;52;52;99;99;165
71;71;93;93;75;81
45;45;45;109;97;97
35;93;93;93;101;35
57;28;134;51;51;134
47;47;34;52;136;52
97;97;95;27;97;27
34;132;34;120;186;34
31;58;120;58;31;58
34;56;56;56;62;62
137;154;137;38;38;154
7;7;97;97;97;23
97;18;68;18;97;18
66;21;21;95;21;95
64;152;64;47;64;47
46;116;56;80;80;46
34;82;82;37;37;82
74;12;74;12;12;66
190;41;41;41;71;71
186;50;57;50;50;57
198;186;170;76;198;186
148;197;189;189;197;52
112;44;153;69;11;33
14;14;14;66;66;117
164;87;83;87;83;83
92;92;92;67;85;85
47;88;76;154;32;132
200;35;108;108;52;35
5;5;144;31;5;31
54;54;54;72;72;127
189;117;189;29;182;189
177;21;177;192;62;21
134;149;149;15;134;60
171;154;49;50;140;108
69;63;63;52;52;63
7;21;21;21;150;7
163;110;110;23;163;90
28;75;62;62;181;75
85;96;186;96;85;62
39;82;20;20;20;39
92;92;34;92;63;63
62;62;62;15;102;15
184;105;194;172;105;172
75;88;75;88;88;25
65;52;66;52;66;52
41;45;41;192;148;192
199;173;37;159;191;80
58;58;166;76;58;76
164;113;175;169;117;157
79;79;89;181;89;89
192;131;31;163;90;47
199;199;73;73;61;61
179;38;48;48;48;38
53;94;167;94;147;53
160;34;72;144;72;144
69;21;29;29;21;29
17;120;17;18;60;60
34;36;166;36;34;34
54;74;74;74;190;54
55;55;45;110;45;45
75;19;75;19;19;19
177;177;172;29;172;90
98;89;22;89;22;22
27;24;164;141;27;164
185;20;20;75;20;75
200;200;200;106;188;93
69;192;86;37;92;124
189;39;189;58;166;189
41;131;121;154;41;154
48;136;87;133;134;184
52;52;52;64;64;64
119;198;198;103;115;44
8;177;65;65;8;8
36;38;66;73;73;38
127;80;80;113;113;107
76;34;166;34;34;76
150;22;22;68;22;68
194;101;19;126;175;116
108;57;57;92;92;92
20;6;6;141;20;6
11;5;5;11;28;5
46;53;46;86;86;46
158;158;33;156;33;103
71;81;57;71;57;71
27;199;32;32;32;27
70;84;84;84;42;70
50;50;79;50;177;177
21;63;21;63;21;32
146;137;141;80;176;130
170;170;32;198;40;40
11;11;89;167;89;11
98;151;98;127;182;127
88;88;96;187;96;88
71;80;69;71;69;69
94;73;46;73;94;97
91;84;81;84;84;91
182;182;55;117;117;63
55;50;35;55;35;35
56;68;88;68;68;56
65;65;65;24;13;24
77;43;77;77;49;49
135;11;135;11;62;44
141;145;141;112;48;145
88;188;141;111;108;18
134;24;33;33;24;24
135;73;200;200;73;75
171;78;177;64;62;118
132;102;132;102;194;184
81;34;34;81;81;191
33;22;33;88;88;33
11;17;17;20;11;11
133;19;81;133;154;81
93;74;48;74;93;74
54;90;23;54;54;90
74;133;124;199;17;182
49;18;18;49;49;174
22;7;200;7;22;7
112;51;49;51;112;28
11;113;59;96;11;59
33;43;14;200;155;169
17;17;94;17;111;94
138;28;28;41;41;28
18;18;143;32;136;32
16;16;55;69;55;55
78;65;38;96;23;155
41;29;52;52;29;29
152;75;25;46;25;46
132;78;78;80;80;78
6;86;86;6;86;72
64;93;93;64;64;133
152;64;152;181;168;168
51;97;74;168;24;100
194;194;97;153;97;43
89;89;165;71;71;89
16;93;93;49;93;16
25;84;84;84;60;25
128;128;188;93;93;107
87;89;61;61;89;89
159;85;142;175;85;175
64;105;62;183;107;42
95;95;79;48;48;48
88;50;88;178;164;178
74;60;60;74;60;152
74;106;56;171;51;16
20;200;96;20;20;96
84;28;96;96;84;84
67;49;164;164;125;67
80;43;33;43;43;80
38;77;38;77;43;77
95;15;50;34;179;14
173;173;37;88;135;88
79;143;53;53;79;73
153;153;24;138;138;24
180;120;51;138;180;138
21;38;188;38;21;21
57;99;94;94;57;57
122;21;49;21;21;49
23;23;12;164;12;12
188;148;108;188;148;108
24;24;80;80;24;181
81;5;81;153;5;5
186;109;106;145;103;123
149;109;153;187;187;149
42;131;52;42;184;184
73;95;73;73;73;73
76;21;76;35;35;76
129;129;33;24;136;24
41;32;41;41;32;12
13;51;35;100;32;20
157;61;61;91;169;157
43;191;134;161;191;161
75;179;96;75;96;96
95;109;94;19;94;67
53;147;28;12;28;176
197;180;102;101;156;150
62;87;164;142;135;87
34;174;67;15;174;67
101;81;188;66;101;81
133;84;73;73;84;84
197;45;113;108;93;26
194;156;116;88;67;50
77;165;15;77;15;165
177;47;193;38;195;17
117;117;194;74;151;151
13;89;89;89;88;88
53;16;63;16;16;63
71;94;71;71;94;132
198;190;89;52;187;141
68;78;78;68;94;68
80;14;80;47;14;14
100;103;138;115;113;71
123;145;172;94;74;74
137;69;37;98;184;46
177;102;52;178;39;186
137;161;137;188;163;163
20;41;121;167;25;41
97;147;97;25;97;25
20;68;20;169;68;68
144;144;71;21;71;134
63;51;51;63;103;51
22;23;140;22;22;23
189;29;109;189;185;109
103;67;167;23;37;69
164;60;154;67;67;60
155;50;175;50;173;155
151;186;127;99;36;55
128;124;152;74;148;113
199;199;195;125;125;195
57;41;57;69;41;41
131;96;14;131;97;14
39;152;152;39;39;106
137;50;50;50;5;5
123;121;184;63;121;63
62;87;144;128;72;93
143;82;70;73;89;133
27;16;16;27;27;34
63;135;170;100;100;170
161;143;21;129;168;175
16;16;16;9;32;9
96;96;99;99;50;99
81;13;81;106;188;188
184;51;28;51;184;100
191;103;117;103;160;191
16;9;180;16;9;9
12;87;13;87;87;13
47;19;58;58;58;19
80;23;90;90;90;23
167;92;92;75;92;75
95;93;105;162;105;95
200;43;79;154;80;110
25;166;166;25;110;166
58;92;58;98;98;58
89;12;12;15;12;89
172;52;169;19;113;89
153;21;10;34;34;30
10;10;50;87;50;10
94;191;189;189;94;199
51;51;62;62;109;62
188;145;141;128;81;99
45;14;80;80;80;45
11;139;79;79;52;139
184;111;135;184;135;111
41;188;17;28;95;26
110;26;20;13;125;93
105;133;161;184;72;194
95;38;95;95;11;38
89;40;91;40;91;91
187;34;190;147;147;187
57;126;126;31;31;196
52;41;52;64;87;87
19;191;191;19;45;173
22;45;22;22;45;83
135;90;13;13;167;167
11;164;47;52;129;118
24;70;80;24;70;12
162;154;94;154;171;94
103;192;103;192;74;126
46;86;86;13;46;46
175;175;86;86;110;110
128;167;112;47;130;86
26;71;38;144;195;42
194;194;38;200;19;38
54;28;28;137;54;28
54;76;165;76;76;54
129;129;61;58;51;58
143;45;127;143;12;45
149;180;180;63;149;29
117;114;70;125;120;44
85;85;48;148;48;85
169;105;31;12;31;169
42;70;42;42;70;16
98;89;173;89;89;98
116;36;97;33;36;33
161;50;50;27;50;27
38;38;184;80;186;186
23;68;51;51;51;68
75;161;75;66;66;66
180;60;144;144;180;103
36;138;123;138;123;36
61;96;91;61;96;96
33;33;65;18;65;33
124;35;93;93;35;124
70;178;97;70;22;70
68;68;68;68;68;178
56;61;65;56;61;61
54;26;191;92;30;143
134;184;33;200;147;185
179;191;94;179;75;94
131;121;31;131;121;36
42;42;7;7;7;182
95;95;100;27;104;104
80;80;66;66;66;60
10;88;10;186;10;88
33;9;46;46;9;46
26;58;58;197;58;26
62;62;25;119;25;62
56;41;68;54;56;41
73;73;197;61;61;61
80;122;89;89;80;89
38;27;6;27;6;6
45;45;45;161;45;45
87;87;44;56;56;87
48;68;67;196;63;40
23;147;39;23;23;39
163;34;10;28;106;56
43;43;44;43;93;44
43;28;10;28;28;10
16;27;27;62;27;62
117;117;102;102;96;100
53;26;53;26;97;26
162;192;138;190;138;162
125;80;72;72;85;80
72;124;175;154;74;111
69;69;86;86;164;86
8;11;15;8;15;8
15;15;44;155;139;155
123;110;194;33;145;159
78;62;78;95;62;62
17;17;17;90;90;176
161;107;187;76;107;187
91;29;91;16;91;29
9;9;9;50;50;104
184;139;45;45;139;184
40;40;83;83;40;169
55;55;50;164;50;55
199;78;21;21;78;78
33;60;33;60;33;23
10;75;65;67;72;111
172;183;148;65;172;148
114;39;80;80;11;114
15;40;44;44;40;44
168;28;19;19;28;19
178;171;178;191;86;86
130;19;19;130;125;187
129;17;179;71;19;176
19;35;35;19;35;63
97;97;48;48;125;97
66;146;84;146;84;143
46;40;43;43;143;46
13;72;194;189;34;147
62;77;77;62;77;56
54;68;15;15;54;68
108;169;67;134;191;91
58;62;62;62;16;58
133;137;66;51;160;113
18;48;48;97;48;97
40;56;56;129;47;47
132;58;58;40;56;56
65;99;108;147;167;105
17;189;63;134;48;111
10;193;70;70;10;70
20;66;20;95;66;95
22;19;22;84;19;84
18;18;18;8;8;109
148;133;148;85;133;182
41;41;113;136;107;113
12;176;176;77;137;77
24;67;67;58;24;24
30;40;40;66;66;40
79;37;37;37;79;131
83;61;186;88;11;142
61;61;11;173;11;61
12;68;12;134;101;134
165;58;58;58;50;50
157;199;72;72;156;199
157;65;157;101;136;136
160;33;160;52;52;149
97;97;14;54;54;54
21;13;13;21;13;195
161;46;16;16;46;46
77;182;69;77;69;69
43;43;143;43;95;95
31;44;73;44;31;180
49;152;49;49;25;25
40;7;7;134;7;40
184;42;86;164;55;119
66;180;57;66;57;66
130;145;23;62;31;76
29;88;160;79;82;109
191;10;191;71;47;47
66;20;96;20;20;66
86;86;91;37;37;37
72;75;72;72;75;158
11;135;55;77;98;98
48;48;81;81;110;81
36;26;36;26;86;26
157;72;53;53;53;72
192;45;96;45;96;96
60;15;95;57;105;122
195;165;81;165;154;154
80;62;80;74;80;62
199;136;164;108;56;106
9;64;9;64;154;64
51;51;54;164;54;51
165;109;109;104;33;33
57;197;57;57;5;5
127;81;119;127;176;81
191;174;84;64;64;174
24;63;63;165;75;24
119;49;49;24;49;24
168;77;119;187;78;19
78;30;125;193;152;92
51;37;37;42;37;51
39;97;9;9;9;97
12;15;17;15;15;17
61;95;95;15;15;66
59;139;12;59;59;12
107;199;199;156;156;98
51;51;51;88;142;88
13;94;190;101;56;161
23;65;65;65;65;23
182;103;162;162;182;103
60;127;157;133;90;62
16;16;154;27;118;118
148;17;181;119;128;73
58;191;196;196;39;58
82;96;96;82;82;36
79;134;79;134;192;155
40;62;62;19;62;40
19;81;19;81;148;19
34;64;34;34;98;64
41;169;41;79;79;41
68;198;68;68;79;79
75;79;79;65;79;75
126;104;158;59;191;99
33;18;88;88;88;33
141;92;88;88;92;88
183;153;185;72;185;183
81;161;57;45;85;190
66;58;58;58;66;46
33;77;33;36;77;77
177;177;89;91;91;89
170;170;72;72;74;199
90;91;182;91;91;90
32;131;76;160;76;160
96;96;58;184;184;102
96;96;40;69;69;69
82;93;9;82;9;9
29;39;39;39;86;29
59;140;59;25;25;59
76;129;109;198;171;48
181;50;152;127;152;181
68;58;68;68;58;128
166;57;170;128;67;135
88;168;88;168;129;54
41;179;141;15;41;141
103;71;129;195;103;129
20;20;40;20;40;181
25;64;64;82;25;25
55;55;24;24;141;186
171;76;76;124;131;124
116;81;84;119;111;47
71;21;21;71;51;71
140;36;131;131;140;36
96;74;74;68;68;68
137;26;135;181;137;135
69;69;69;25;25;179
123;117;61;168;149;108
86;86;186;43;25;186
52;65;52;52;168;65
106;24;141;67;161;102
117;176;114;188;63;143
60;94;85;94;98;60
25;25;14;84;14;52
20;20;36;36;29;36
11;11;79;43;11;79
7;38;38;34;7;7
70;162;130;12;64;77
90;40;40;40;90;12
49;9;9;9;150;49
47;16;66;134;154;184
74;129;130;79;79;74
32;58;58;32;181;58
49;49;69;69;49;197
50;50;91;30;91;100
52;141;120;141;36;54
27;27;85;85;16;85
59;65;85;44;50;172
19;76;76;83;19;19
148;147;148;136;147;198
173;56;159;159;56;173
36;70;191;36;70;36
179;103;72;141;103;179
41;172;31;180;183;33
64;169;57;64;57;57
86;95;128;189;159;139
76;76;137;76;76;76
97;97;100;69;81;100
145;92;10;92;92;10
50;18;86;28;175;173
23;39;23;23;156;39
101;52;199;34;34;34
42;42;42;69;120;69
23;185;92;70;90;186
37;37;124;79;79;37
46;85;37;46;37;37
124;167;109;109;167;80
5;18;5;195;18;5
63;63;85;81;85;85
129;175;141;175;31;31
154;41;36;120;44;17
76;17;43;197;15;85
29;57;63;57;63;63
84;137;110;153;154;80
46;11;46;46;11;50
90;85;90;85;174;90
94;21;165;137;21;94
134;89;89;92;92;89
180;103;137;194;128;153
98;98;98;65;180;65
76;131;118;118;76;158
25;96;25;96;93;96
128;64;52;54;52;128
31;36;32;36;36;32
68;68;161;68;14;14
54;89;104;89;54;89
81;81;90;25;25;25
38;89;126;126;112;112
61;36;36;36;128;61
26;37;37;26;43;37
194;80;153;188;16;188
88;124;103;168;70;112
120;17;166;175;59;158
52;52;59;59;74;74
19;19;53;53;53;184
13;24;24;155;13;24
75;7;75;7;75;150
53;125;53;53;53;53
85;45;85;43;45;45
75;72;70;70;75;75
29;39;39;184;29;39
121;72;72;72;65;65
151;33;94;33;33;94
6;24;6;24;6;83
99;132;27;63;144;96
49;15;43;43;15;15
32;71;140;116;182;14
49;196;89;89;89;49
55;190;190;55;149;180
186;186;145;128;145;128
190;177;159;98;171;149
80;101;90;184;90;80
19;157;172;115;19;23
48;29;51;29;29;51
37;18;37;70;70;70
11;57;11;57;11;42
82;82;60;12;82;60
196;109;196;37;109;137
78;78;92;92;92;126
136;136;173;199;199;110
129;61;186;61;72;176
97;72;97;72;197;125
40;44;45;40;45;45
42;42;54;107;107;110
89;191;92;178;96;193
36;36;26;36;26;125
98;44;161;34;45;157
177;23;45;23;45;23
24;24;20;24;81;20
135;101;154;188;94;155
99;196;99;30;30;30
10;10;64;64;78;64
17;141;17;141;62;37
88;9;47;9;88;9
19;89;89;68;19;89
80;33;33;179;80;33
86;86;177;67;177;74
67;73;142;73;73;67
115;107;187;95;85;106
96;22;22;28;28;28
110;98;15;192;80;83
100;100;10;10;152;152
98;39;67;119;172;120
5;83;5;5;7;7
62;62;94;62;69;69
69;80;77;69;69;135
109;86;68;86;68;68
140;58;58;58;65;65
15;172;22;127;64;111
82;84;80;78;66;44
109;141;141;95;95;44
93;110;42;42;42;93
96;161;161;183;183;72
56;68;164;164;43;14
192;192;111;111;164;164
138;17;90;57;138;17
27;27;10;10;27;170
11;81;81;11;81;32
158;47;173;167;40;90
59;49;5;59;59;5
86;185;86;42;42;42
57;139;37;37;57;37
84;84;45;45;45;85
91;43;43;24;24;24
95;95;42;150;18;42
122;122;132;143;132;84
8;169;88;8;88;8
128;20;195;97;97;195
30;30;75;75;75;57
46;94;18;83;178;31
77;121;51;146;77;146
99;116;179;12;116;99
84;16;16;63;16;63
110;73;198;200;198;73
34;34;21;21;34;103
25;25;59;25;86;59
130;85;85;174;174;158
38;53;25;25;184;38
77;77;10;157;77;10
58;43;98;58;43;58
43;95;43;179;95;43
41;15;41;48;48;15
23;49;49;49;23;39
87;85;87;85;87;115
89;19;19;28;89;28
90;63;63;146;63;90
154;63;199;190;63;190
193;165;107;49;49;165
191;86;163;193;182;102
85;56;33;56;33;33
16;11;173;36;173;173
60;139;20;60;20;106
125;10;190;10;125;190
131;165;152;81;131;152
188;184;188;184;30;30
85;182;182;85;55;55
114;122;98;17;86;57
75;141;125;160;75;125
193;195;187;186;73;39
73;73;63;186;41;186
46;177;94;94;46;46
6;17;75;17;17;6
121;79;41;44;23;104
90;157;45;141;157;45
122;183;196;43;142;186
131;73;73;5;73;5
48;176;48;95;19;95
41;53;46;41;41;46
66;66;80;80;194;165
59;27;114;59;27;114
160;62;41;62;62;41
174;60;66;92;66;174
174;102;54;18;178;146
29;139;21;21;29;29
52;38;101;38;199;38
15;150;194;156;170;92
144;173;62;32;87;96
28;28;24;25;25;25
74;152;38;74;74;38
188;87;46;46;46;87
92;63;92;94;63;63
98;80;98;129;80;80
64;64;79;47;64;47
39;18;92;18;39;18
38;64;148;36;184;17
86;53;53;149;86;86
67;194;151;151;149;67
189;166;166;119;189;53
33;20;81;81;20;81
107;177;51;152;38;105
11;23;23;199;11;11
33;40;40;33;104;40
18;18;38;178;38;18
78;56;139;92;25;59
143;98;176;137;74;20
188;186;188;88;186;41
37;37;104;199;184;104
83;83;83;37;18;37
31;99;63;63;63;99
55;45;55;200;45;55
22;34;41;22;34;22
40;94;96;40;94;40
124;191;165;65;17;57
121;74;180;91;39;180
80;85;85;80;80;79
52;165;18;52;18;18
86;43;170;86;43;86
72;7;78;7;78;78
122;80;80;122;80;20
72;38;14;72;72;38
156;130;107;184;187;29
33;143;77;144;144;33
18;80;69;69;80;69
91;15;91;47;15;15
33;138;53;187;138;187
48;7;42;48;48;7
69;75;75;200;107;69
194;131;81;166;193;71
11;11;37;37;71;37
120;8;8;8;93;93
78;31;31;78;114;78
121;18;113;18;113;196
69;159;165;115;27;190
87;87;195;82;82;82
26;26;97;97;117;26
54;6;54;143;6;54
89;94;83;89;83;179
92;92;9;92;9;57
174;183;183;174;91;187
187;96;101;185;195;16
7;7;86;56;7;86
130;162;80;178;80;130
43;194;43;11;11;43
188;99;8;99;8;8
54;93;54;131;93;54
78;23;78;23;23;60
55;18;7;7;55;55
118;22;79;38;118;22
86;27;129;88;152;199
175;199;70;130;125;90
67;173;173;54;167;67
85;38;161;38;85;38
155;149;116;124;74;182
12;107;118;43;128;169
61;54;54;54;52;52
87;38;38;38;134;87
199;27;199;43;27;27
97;16;16;96;96;96
45;95;45;95;95;129
123;76;73;73;73;76
73;40;40;73;73;159
48;88;73;104;150;170
72;72;29;15;72;15
166;80;36;80;36;36
164;41;164;64;91;64
36;35;35;36;197;35
70;11;11;110;11;70
70;70;70;43;43;190
95;13;13;105;95;13
192;117;167;183;95;99
57;17;115;115;115;21
20;68;68;20;118;20
37;71;71;121;37;37
56;142;56;56;57;57
130;72;106;191;156;147
67;53;67;53;55;67
182;103;130;167;182;167
100;135;124;33;135;100
76;106;156;127;168;181
70;97;64;64;70;64
76;76;161;161;38;38
28;67;28;67;137;154
83;80;83;80;80;73
55;11;99;134;69;80
29;83;83;79;83;79
66;80;80;80;101;66
31;31;52;199;199;200
34;34;33;34;98;98
163;13;13;36;27;27
36;171;125;57;166;129
78;98;78;98;78;133
24;13;155;155;151;13
14;14;47;47;47;117
39;39;193;39;30;30
125;115;167;167;125;115
23;142;23;67;23;67
87;87;16;16;166;16
11;13;11;13;11;67
33;87;87;63;87;63
198;137;179;104;184;121
107;5;49;5;49;5
46;51;87;87;46;87
133;185;66;69;11;55
118;150;44;44;150;118
27;61;16;27;61;61
17;17;70;17;8;8
33;20;135;43;186;135
174;123;123;171;28;28
19;178;101;28;124;111
132;129;160;180;89;147
7;83;83;83;156;7
57;98;57;98;142;142
80;76;76;76;80;75
167;94;94;85;85;94
163;196;51;168;84;200
22;33;33;70;70;70
196;83;83;176;176;196
66;31;14;136;14;136
59;22;22;59;36;59
144;38;68;81;123;129
86;20;86;16;86;20
147;122;160;102;160;102
43;52;52;33;52;43
198;84;84;27;27;27
112;86;86;90;86;90
48;150;86;86;48;48
142;85;39;20;128;131
57;36;57;57;57;57
14;85;195;85;14;14
193;189;189;64;196;193
70;95;8;95;8;95
49;49;90;109;90;90
28;28;139;28;84;84
6;90;90;6;90;54
96;101;96;103;101;103
119;37;33;37;37;33
31;31;31;184;31;31
30;23;23;23;30;30
191;87;191;120;62;87
139;130;178;157;10;153
107;92;92;109;107;134
95;100;12;12;95;95
22;107;173;186;107;186
79;79;35;95;35;79
15;15;36;26;36;15
116;47;13;47;47;13
19;191;137;191;60;60
157;126;46;42;33;60
24;130;24;24;92;92
173;176;37;89;82;147
178;48;77;80;80;48
129;98;85;85;85;98
94;94;94;158;77;77
173;173;98;98;169;88
103;127;178;165;107;68
109;77;90;144;106;194
62;14;123;113;158;40
43;177;33;90;177;90
82;82;30;30;150;82
57;39;57;75;39;39
143;149;102;117;149;161
98;35;136;163;183;145
145;64;24;95;95;145
70;41;70;180;41;41
80;88;88;108;88;80
82;138;67;67;82;138
141;65;103;149;179;145
14;182;83;11;107;187
71;182;182;60;71;53
82;37;183;82;82;156
187;57;15;15;57;57
169;73;27;151;175;25
53;53;35;116;35;151
150;44;100;44;191;100
54;64;190;149;42;72
57;125;174;65;178;55
190;12;12;12;96;12
85;85;13;13;113;85
85;58;58;86;86;86
127;172;106;106;172;127
67;68;128;67;68;68
129;20;20;198;129;40
83;48;83;48;64;83
69;94;69;94;92;69
80;167;135;167;167;77
164;183;144;198;106;183
199;116;200;170;145;34
137;70;87;16;92;128
50;155;66;66;91;155
25;25;17;17;91;17
26;63;82;19;11;139
5;6;6;6;80;5
91;77;54;54;91;54
82;82;181;82;93;93
38;120;21;38;21;38
183;21;183;85;21;112
170;105;105;170;185;185
131;31;31;41;131;23
126;180;126;180;144;144
39;26;154;39;26;26
26;89;7;7;7;26
102;75;176;171;117;189
197;91;197;153;188;188
63;14;122;14;141;141
39;82;39;82;39;114
78;20;140;20;78;20
160;180;172;180;185;185
119;62;52;52;62;62
161;26;136;191;46;103
10;47;187;10;47;10
125;51;51;125;28;56
166;43;96;121;186;139
119;172;119;108;172;38
51;80;51;26;80;26
92;92;92;82;140;82
101;132;130;184;39;45
179;197;145;179;197;71
59;29;174;149;198;49
120;88;88;78;88;78
86;161;86;42;86;42
132;163;152;56;196;50
25;25;19;25;43;19
149;40;149;149;113;29
153;170;200;107;104;67
58;57;57;116;58;58
46;46;89;11;46;11
153;196;139;196;153;121
43;105;46;148;10;130
60;60;81;71;60;71
61;61;61;65;156;65
72;72;95;72;95;93
145;134;134;185;184;145
28;50;39;50;117;39
78;78;80;189;80;78
146;157;50;135;86;66
37;27;27;37;27;180
159;68;109;129;113;32
47;21;21;47;47;51
8;8;18;82;82;8
143;187;160;47;74;182
74;75;192;26;74;26
58;144;137;193;31;57
34;102;102;54;54;34
44;44;54;44;54;175
10;9;27;10;9;9
41;107;51;159;82;129
159;191;62;73;146;122
63;85;85;140;140;63
20;21;142;152;188;53
75;170;75;75;13;13
70;12;40;70;12;70
57;47;156;47;47;57
135;26;18;140;142;18
11;13;185;13;140;11
73;73;73;189;73;73
26;78;78;177;26;187
52;42;42;42;54;52
16;147;77;147;187;77
8;60;8;82;60;60
121;98;74;98;74;98
28;28;179;179;123;123
44;44;112;24;24;44
20;20;20;99;88;99
191;177;39;137;70;183
101;101;92;92;23;147
90;90;151;59;59;14
126;114;126;114;70;107
98;46;112;43;177;134
96;31;96;96;31;98
89;162;102;153;28;72
65;65;128;60;65;60
41;41;63;63;61;41
28;28;28;58;58;48
53;65;159;187;121;182
47;134;91;116;138;142
60;36;36;60;188;60
11;52;52;67;67;52
94;147;188;20;152;11
99;22;99;99;113;22
78;78;124;139;124;185
86;131;101;101;131;104
54;156;100;54;180;100
49;49;45;45;111;49
59;119;119;24;59;103
100;80;33;80;33;80
16;66;102;100;45;33
90;119;90;90;44;45
193;66;193;66;45;28
19;31;31;51;19;19
31;73;38;73;73;31
79;196;86;139;139;196
86;86;90;85;85;85
151;38;143;171;171;143
61;97;20;61;97;97
103;50;50;14;103;148
40;40;97;51;51;97
69;108;175;63;69;63
128;13;172;13;134;128
13;8;112;13;13;8
53;53;10;128;10;128
140;193;193;157;140;157
85;73;132;144;85;132
74;65;74;12;74;12
112;52;63;194;52;112
25;120;120;167;44;167
166;17;53;24;172;27
60;186;157;24;181;33
81;56;56;168;56;81
123;74;116;102;94;60
96;96;60;96;60;19
46;83;113;47;14;187
87;24;181;24;87;87
162;87;30;30;180;30
94;94;93;20;20;20
67;91;67;200;20;67
29;117;107;153;163;112
114;114;13;147;135;13
96;32;96;62;96;32
121;19;19;52;52;19
43;80;80;35;35;80
91;150;164;166;85;97
139;94;94;55;94;55
180;19;70;19;70;70
153;80;95;62;163;64
170;179;24;170;24;152
29;106;29;29;9;9
53;180;188;144;144;53
92;72;194;92;60;72
50;181;197;29;29;50
190;16;16;104;62;104
154;114;177;102;161;131
50;103;157;103;192;192
11;27;27;147;11;27
99;110;29;196;183;87
75;75;37;83;75;37
14;14;128;14;12;12
198;52;45;52;52;45
37;20;20;17;20;37
82;82;18;14;18;82
128;126;110;11;32;136
42;45;92;92;42;74
7;7;199;38;38;38
93;176;39;118;93;176
156;115;68;115;49;156
53;18;65;142;142;18
57;115;57;75;57;75
98;98;137;83;98;83
188;102;42;71;102;71
117;23;56;15;156;101
92;107;76;105;82;52
161;83;41;41;161;154
30;80;41;80;41;80
73;40;40;73;194;73
11;165;97;11;97;97
36;75;36;75;75;189
56;116;36;36;56;116
151;5;43;43;5;43
189;33;33;69;33;69
65;139;42;42;65;65
91;173;28;91;28;28
155;88;88;147;94;147
180;33;171;171;168;180
54;54;99;16;54;99
55;82;55;82;82;35
196;7;7;7;45;45
23;34;75;34;75;34
100;200;134;52;200;52
25;127;63;162;179;196
115;176;154;189;68;10
181;195;123;89;70;97
52;118;127;186;52;186
198;86;19;69;73;98
80;80;92;80;92;64
32;13;101;171;150;176
25;27;27;25;27;105
120;25;190;190;25;118
59;59;39;58;39;39
81;37;81;81;133;37
76;76;90;186;186;39
67;28;67;164;28;28
94;89;94;94;89;200
55;8;143;55;8;8
68;23;23;68;23;98
16;70;16;182;16;70
140;19;140;163;54;163
35;80;80;35;35;83
171;106;130;106;136;171
74;14;14;74;127;14
23;11;23;54;23;54
36;104;55;55;55;36
24;94;32;24;32;94
115;17;28;28;28;17
17;199;120;75;178;56
91;91;86;62;62;91
35;35;88;88;88;44
71;10;10;108;71;10
81;79;13;81;79;79
175;130;53;24;23;57
22;22;197;9;22;9
146;106;93;146;188;146
69;69;77;77;69;79
104;33;34;27;130;71
91;66;193;170;91;66
17;29;17;165;17;29
156;97;124;136;136;124
74;16;128;116;162;87
71;68;132;98;160;36
87;19;87;165;87;19
171;94;41;61;64;162
76;69;167;196;152;95
61;98;61;98;98;79
92;193;92;47;92;47
200;55;97;97;55;55
95;107;73;95;95;73
29;21;162;197;152;107
13;63;13;63;77;13
113;92;8;8;8;92
147;47;39;39;39;47
35;35;84;99;35;99
170;154;62;154;62;130
20;90;73;90;90;20
146;23;24;63;61;142
166;33;78;78;78;33
73;59;197;126;73;197
36;46;28;76;98;125
73;136;62;73;62;73
56;33;33;84;84;84
90;90;90;42;42;101
124;11;76;76;111;11
134;27;99;29;199;171
32;29;51;32;51;51
122;122;123;28;28;17
72;149;127;149;86;86
88;178;15;182;20;100
26;148;15;37;148;26
84;69;84;69;84;135
69;169;135;162;45;64
25;25;25;51;51;81
188;48;168;149;170;83
84;60;116;84;60;84
72;90;26;148;24;125
86;48;158;45;185;168
186;186;191;10;10;191
116;75;18;116;18;116
46;46;197;114;114;93
88;53;16;53;88;53
96;48;115;113;69;72
85;157;157;163;85;163
126;138;196;196;160;160
92;125;66;66;92;10
66;54;32;54;66;54
34;13;13;34;34;12
37;61;61;37;106;106
25;34;97;34;97;34
86;193;30;161;186;71
33;33;31;33;31;44
78;56;11;11;11;78
82;82;82;92;40;40
68;83;31;143;68;83
68;51;33;51;51;33
56;76;56;56;76;21
84;84;81;81;84;44
88;80;191;88;80;88
200;85;147;147;160;85
185;142;63;63;185;142
94;94;35;38;35;35
52;52;94;52;94;68
22;154;22;67;67;22
62;62;138;53;62;53
31;10;98;98;10;10
46;68;182;22;124;58
33;16;45;16;16;45
101;112;98;28;200;134
39;120;85;39;39;85
171;86;26;91;26;26
97;97;97;18;50;18
163;150;45;86;86;150
34;96;96;61;61;61
93;159;198;80;140;158
55;200;80;38;80;200
83;83;83;33;168;33
25;58;158;58;102;158
5;65;65;65;88;5
39;125;88;39;88;88
70;45;65;114;165;55
10;32;10;10;50;50
123;79;96;58;150;77
110;110;26;54;54;142
61;166;184;108;19;73
70;70;23;23;67;70
103;155;153;19;80;48
88;96;96;79;96;88
49;63;49;11;63;63
64;25;64;68;25;25
53;53;56;80;56;188
73;30;30;45;45;30
132;107;76;124;17;33
55;58;58;55;58;43
131;149;59;60;71;172
19;70;19;19;70;114
99;87;96;165;36;55
56;57;56;56;57;14
168;169;65;169;65;178
91;91;21;131;91;21
22;43;43;22;43;55
161;96;45;200;33;188
21;109;68;123;68;21
32;77;200;32;77;32
162;81;81;49;49;58
34;93;34;93;185;34
59;12;131;45;167;35
178;36;199;199;47;36
10;10;9;85;9;10
195;18;195;18;178;134
54;29;54;29;176;116
26;40;26;40;169;26
82;82;60;82;60;108
98;51;46;46;98;98
99;35;20;122;123;85
43;68;68;12;43;68
123;172;172;174;71;147
54;54;40;77;54;40
199;138;76;161;50;38
143;23;65;101;81;37
8;37;8;8;37;125
54;78;132;71;169;171
88;7;7;88;59;7
190;7;12;7;7;12
71;146;61;71;61;61
199;104;126;126;65;65
66;22;179;66;22;66
134;54;186;65;65;54
33;79;104;111;152;67
60;151;151;60;47;96
86;131;88;117;100;65
91;68;52;68;68;91
51;20;30;20;20;30
180;84;30;180;145;145
71;74;71;78;71;74
174;158;91;176;32;196
91;88;91;172;88;91
8;8;14;47;14;14
140;14;31;140;31;93
76;60;153;144;12;193
21;66;66;21;21;140
146;157;14;34;156;109
100;14;55;153;59;11
95;157;95;83;200;83
142;8;38;8;8;38
55;47;180;55;47;47
194;60;82;152;194;152
92;95;122;132;89;104
21;128;171;100;171;21
64;64;10;10;10;160
186;74;137;132;124;151
151;38;125;96;96;125
24;24;94;26;26;24
41;85;150;51;103;94
55;158;40;40;55;55
64;147;155;32;55;199
51;51;195;26;26;26
21;21;19;136;119;119
46;99;46;99;161;99
106;47;96;81;131;19
98;39;88;88;39;39
165;118;96;149;197;49
12;53;20;53;12;12
117;41;29;41;41;182
145;123;123;70;70;128
99;31;77;31;77;31
80;38;80;80;121;38
94;27;54;27;94;94
64;25;64;25;64;21
121;121;192;125;192;179
15;129;15;40;15;40
168;65;167;180;54;116
80;101;191;145;78;159
56;87;110;87;56;56
83;36;80;80;36;36
23;85;85;23;196;23
149;115;50;20;160;100
157;157;114;99;114;50
142;195;102;189;135;100
102;191;64;89;102;89
113;22;22;40;29;22
16;75;16;82;75;16
91;89;41;75;46;28
140;177;115;115;121;121
120;120;28;197;141;197
32;31;62;62;31;62
35;81;92;81;35;81
63;91;7;7;63;7
31;31;15;76;76;31
115;58;58;30;103;115
60;60;60;60;137;60
37;121;34;183;21;131
41;196;41;82;82;120
88;37;37;88;37;156
183;20;20;20;79;79
89;106;114;89;200;114
15;84;95;15;129;95
57;57;27;53;27;27
29;168;18;14;142;62
11;48;48;11;11;97
146;102;92;76;146;92
162;82;24;151;56;139
186;188;100;90;186;100
107;56;174;159;194;94
136;136;88;136;23;16
100;65;162;103;43;194
25;28;28;28;57;25
65;65;62;65;69;69
174;52;174;52;156;27
40;21;23;40;40;21
32;32;32;88;182;88
170;180;38;170;24;38
28;27;27;140;28;28
31;125;138;64;31;125
32;182;32;79;32;79
89;20;89;20;20;198
12;56;56;49;56;12
37;61;168;37;61;61
193;178;126;126;126;44
66;200;13;200;66;59
117;103;143;117;34;143
24;13;13;13;65;24
67;81;81;81;27;67
98;19;98;19;20;98
17;17;17;80;13;80
93;93;85;155;85;85
135;146;77;80;146;146
53;53;55;55;111;53
40;58;83;83;58;72
29;21;21;33;21;29
197;88;26;88;88;26
173;173;129;25;129;171
170;193;170;167;29;29
157;115;157;79;47;47
119;34;151;151;119;60
69;69;99;69;37;99
52;97;198;99;90;99
36;33;155;127;127;33
38;57;38;21;17;38
18;18;39;38;38;18
43;43;182;191;159;191
29;73;179;111;92;169
67;67;195;67;52;52
71;136;11;150;26;54
80;127;97;97;97;80
35;10;200;10;10;35
20;20;183;72;20;72
38;162;119;196;155;100
17;116;41;167;101;133
17;18;33;112;113;190
148;148;97;178;22;148
53;61;53;88;88;88
71;106;71;33;33;33
54;54;138;196;14;14
13;65;65;65;143;13
81;79;24;14;185;184
11;173;181;72;124;24
60;19;60;59;59;60
137;137;163;86;86;163
170;48;170;69;48;197
182;194;187;194;112;187
81;131;81;20;147;20
93;93;57;93;57;93
27;43;171;43;43;27
105;73;73;103;160;105
92;33;92;33;33;174
51;98;51;136;98;98
82;82;73;62;62;82
109;85;23;85;23;23
189;194;170;64;44;157
126;188;44;44;126;159
199;25;13;61;61;13
54;54;56;112;56;23
12;79;43;43;43;12
64;199;64;34;199;156
175;95;180;191;64;54
190;75;75;68;68;68
20;97;97;88;20;95
45;93;103;131;27;109
41;75;75;19;19;19
84;58;198;58;109;84
111;107;22;99;79;176
25;200;15;124;161;83
144;150;28;16;90;70
74;138;62;16;110;104
29;51;18;51;51;18
46;156;40;46;114;40
38;108;51;42;159;129
18;95;179;122;33;10
32;88;78;78;88;57
70;55;70;55;70;14
101;189;57;82;57;101
59;24;24;83;86;59
34;159;135;80;64;151
63;65;63;54;65;54
18;44;44;44;18;153
84;143;86;62;137;119
21;17;21;21;193;17
14;14;37;44;44;84
16;79;79;16;37;16
5;71;5;71;5;145
100;36;146;10;100;49
109;144;26;119;28;69
45;169;138;129;87;33
95;136;95;95;43;43
70;95;83;124;95;73
69;25;14;69;14;25
66;151;138;95;198;149
98;42;105;194;153;63
194;92;55;194;55;92
28;28;14;96;140;14
93;141;159;77;29;89
89;22;8;8;89;8
91;91;78;78;91;101
149;7;9;9;7;9
139;163;40;117;95;150
186;67;32;32;67;67
181;175;22;52;196;96
162;188;197;95;151;13
12;15;139;15;12;15
79;80;80;79;33;79
198;75;37;37;75;37
64;75;92;178;70;85
32;32;133;36;36;32
10;35;33;200;21;82
115;96;16;117;77;128
160;107;81;41;38;53
5;5;151;27;27;5
127;177;177;176;127;21
86;20;13;13;20;13
122;122;92;176;133;92
71;32;59;71;59;59
92;22;92;92;92;92
52;50;52;50;55;50
147;117;76;152;79;188
77;36;8;8;77;77
62;69;88;90;50;20
161;56;12;12;12;56
83;45;45;121;83;83
65;119;41;65;41;65
86;81;81;81;6;6
32;32;172;30;139;30
92;70;131;70;92;92
83;103;178;103;83;171
100;158;30;30;158;89
163;91;91;44;44;91
153;174;191;126;45;74
28;177;28;68;28;68
120;40;120;24;40;162
118;36;41;89;23;39
39;39;89;89;67;67
179;86;36;61;130;114
17;76;132;76;17;17
175;194;175;146;146;194
148;140;56;199;190;118
159;158;159;115;158;40
44;17;126;44;17;55
10;124;184;190;75;111
112;106;106;24;24;112
154;184;154;69;184;82
60;123;55;45;176;181
72;12;72;12;192;12
113;113;196;143;67;67
172;106;181;181;172;184
27;54;27;27;192;54
57;57;53;122;134;134
91;40;17;91;17;91
93;93;105;11;93;11
71;79;49;77;79;77
154;138;186;117;101;21
56;192;56;49;49;49
13;52;13;52;13;66
56;63;63;122;56;56
36;73;73;7;7;7
87;12;87;12;87;24
75;75;62;52;62;75
191;70;108;76;199;137
14;11;36;16;14;14
115;142;119;89;130;61
76;76;39;160;76;39
122;154;46;31;154;122
45;102;45;168;102;141
11;87;37;11;11;37
98;98;35;35;98;150
27;21;21;27;21;68
57;116;60;101;66;12
14;154;57;129;129;154
40;20;10;40;10;10
146;115;197;104;37;192
160;136;158;16;16;158
123;65;130;135;135;123
11;165;121;145;121;11
184;32;47;140;47;140
151;39;143;34;185;100
135;49;91;91;49;44
44;44;90;44;77;77
138;136;126;138;127;127
79;52;38;11;33;67
21;21;21;91;194;91
45;177;161;45;177;161
184;195;39;161;192;164
27;188;63;188;63;27
176;104;176;34;27;34
18;29;29;29;116;18
130;137;69;174;76;119
150;150;122;122;62;115
52;108;52;60;52;60
114;22;49;114;100;49
13;159;13;80;17;17
144;137;141;144;149;149
41;42;41;43;41;43
43;7;7;95;43;7
80;53;80;80;70;53
184;180;184;75;75;49
24;24;24;47;167;47
105;19;81;105;81;148
38;86;67;38;67;38
159;183;87;183;73;191
56;55;58;55;55;58
54;31;58;31;58;31
94;40;124;27;124;94
43;43;69;27;43;69
65;37;14;37;37;14
124;15;44;197;197;15
20;198;72;20;72;198
53;56;53;140;67;67
168;139;72;148;195;37
92;37;120;92;37;62
108;79;59;12;12;61
71;9;9;71;154;9
43;9;9;23;23;23
54;21;54;190;21;21
15;37;37;15;37;169
40;161;161;42;42;85
176;50;50;91;91;91
96;178;146;137;124;58
40;86;104;73;73;86
34;117;34;117;194;139
32;32;102;32;32;32
20;58;20;20;34;34
10;10;89;177;177;29
94;94;78;30;94;78
31;31;84;84;40;84
72;98;98;72;72;12
11;11;179;55;55;55
86;85;152;152;86;85
33;33;74;33;73;74
8;8;14;33;8;14
180;140;186;140;186;180
75;92;75;92;154;92
78;38;78;38;55;75
18;41;172;135;185;168
19;27;19;37;37;37
52;52;20;20;165;52
27;180;57;175;71;200
150;154;161;54;142;141
38;46;95;38;46;38
159;31;188;110;31;110
171;13;66;13;66;13
100;148;100;123;123;45
81;65;81;65;29;81
105;105;44;44;107;107
93;93;95;95;136;93
39;24;39;24;39;49
126;178;73;143;45;44
20;40;20;85;85;20
79;81;81;79;20;79
165;27;127;132;96;64
16;121;138;114;103;51
188;55;152;68;175;145
34;21;99;148;22;126
52;52;28;28;28;29
99;99;85;31;31;31
15;119;15;22;22;22
135;15;63;63;15;63
71;170;71;70;70;70
69;84;33;84;33;84
27;130;50;50;130;27
153;198;72;159;72;153
74;74;24;24;84;160
54;54;194;50;50;54
73;73;73;195;72;72
72;72;72;40;40;187
184;111;184;65;65;177
33;30;30;30;33;43
7;103;82;82;7;82
78;142;67;78;67;78
28;15;15;28;33;28
159;97;121;121;177;97
154;64;74;74;154;32
35;20;173;189;68;97
25;38;25;38;81;25
76;62;62;76;53;62
107;84;172;172;84;74
89;100;100;89;21;21
63;63;80;186;80;63
21;87;21;21;87;29
17;46;184;46;46;17
134;56;63;63;174;56
107;90;13;13;107;109
101;64;13;64;14;101
62;75;62;20;62;75
55;72;55;55;72;148
154;153;154;153;124;152
46;84;57;84;84;57
46;197;83;46;83;83
95;119;119;185;77;185
24;57;24;57;169;54
83;172;169;37;37;169
19;68;19;19;68;47
178;155;65;22;75;25
179;70;70;132;179;132
15;51;15;51;51;55
132;180;62;25;40;16
161;13;182;108;34;78
10;10;34;10;53;53
14;165;31;70;99;44
17;28;28;17;190;28
24;14;24;89;107;85
26;14;14;52;14;26
193;25;186;172;85;166
66;66;66;37;37;146
181;189;181;189;185;185
58;171;69;153;60;167
40;40;32;102;40;32
173;91;124;148;22;70
94;94;32;75;75;94
78;183;193;37;182;42
6;6;12;114;12;12
30;7;63;7;63;7
88;189;77;97;99;147
9;64;9;9;64;70
99;25;89;25;89;99
51;51;99;60;60;131
38;80;109;38;80;38
50;150;83;194;150;83
172;172;155;155;102;195
10;63;194;194;76;10
59;126;62;62;126;24
40;167;146;140;166;140
120;133;90;175;82;136
28;28;63;28;28;28
131;194;164;132;165;98
113;194;125;47;163;184
85;129;139;129;38;139
96;96;29;96;180;29
35;136;46;118;101;142
24;24;65;144;65;65
149;149;54;126;58;126
64;86;132;64;86;86
77;135;46;80;46;46
77;77;77;9;77;9
109;125;94;125;94;196
20;63;52;63;52;63
95;71;138;71;71;95
30;30;154;51;51;51
38;70;70;38;87;38
24;44;197;52;15;12
21;57;21;57;21;21
177;63;63;76;76;76
145;124;145;124;51;51
97;36;33;36;97;36
80;80;99;99;195;99
148;142;67;165;87;83
7;7;124;7;36;36
69;48;48;90;69;118
43;19;19;182;105;19
70;21;80;80;70;80
87;87;62;74;87;74
70;118;118;195;195;70
8;108;40;40;8;8
7;56;183;56;56;7
127;100;138;132;100;132
6;44;44;31;44;6
192;160;81;39;17;93
19;7;35;7;35;7
135;115;65;115;172;135
181;185;42;131;124;75
129;25;42;25;42;80
185;99;145;142;177;86
69;32;69;69;167;32
47;47;66;66;198;66
84;92;92;84;47;92
89;153;153;150;161;65
20;194;112;148;151;39
22;115;22;86;86;22
111;158;169;169;158;110
187;30;35;73;130;40
65;45;86;65;45;65
34;25;123;123;25;198
20;67;20;20;37;37
133;30;30;30;89;89
61;38;38;55;55;38
140;73;50;63;63;140
71;37;54;54;54;37
140;137;137;40;139;140
34;34;105;34;48;48
38;143;179;68;68;179
29;20;11;20;20;29
54;54;54;54;55;55
181;40;26;26;26;40
135;48;147;43;43;135
67;67;16;161;67;16
24;34;24;55;34;34
98;70;98;98;194;70
63;27;49;63;49;49
185;68;176;11;162;105
29;92;92;29;78;29
47;188;57;47;57;47
25;96;152;25;96;25
82;152;58;163;58;163
73;24;73;73;24;125
75;160;143;143;160;182
159;72;188;72;149;159
28;157;28;157;153;158
41;182;112;147;53;123
44;73;76;98;73;44
54;33;116;54;116;33
99;96;96;39;39;39
56;105;115;68;81;136
39;38;17;71;119;138
68;68;78;78;78;198
39;89;191;39;39;89
158;33;33;68;68;68
64;30;64;30;30;173
44;185;44;41;41;185
68;68;55;145;145;185
60;60;139;89;89;60
71;34;63;71;63;71
14;63;63;63;14;68
99;72;99;122;99;72
67;48;38;38;67;38
72;46;47;47;47;72
84;108;112;161;36;106
63;104;73;73;63;63
136;51;115;104;91;179
63;169;90;196;187;192
50;95;50;95;99;50
29;57;57;57;25;29
176;122;121;129;75;26
156;184;157;176;31;107
96;104;96;165;165;114
22;68;22;130;76;68
76;179;81;84;197;113
90;67;54;54;54;67
19;20;128;20;20;19
151;198;116;151;74;74
98;28;42;42;98;98
167;90;72;131;139;25
63;63;20;20;88;88
199;181;44;146;38;81
36;83;36;36;28;83
169;176;182;32;142;176
70;166;70;70;10;10
177;115;90;118;181;176
95;95;22;83;95;22
23;195;22;41;116;47
31;29;119;169;151;38
106;168;11;50;25;117
38;192;136;63;123;173
54;43;92;54;43;54
131;20;30;189;199;164
35;35;96;96;66;35
65;72;65;65;178;72
29;19;19;19;40;113
50;95;50;95;39;95
32;31;32;32;28;31
47;163;32;32;50;43
61;5;5;61;182;61
6;6;55;84;6;84
9;9;16;174;9;16
84;55;200;150;84;55
12;18;34;18;18;34
178;193;115;44;115;115
130;89;106;70;134;133
31;142;88;139;92;63
73;113;13;13;73;13
38;38;61;61;159;14
104;182;170;147;122;30
10;172;172;25;42;25
170;40;180;177;89;141
50;83;52;50;52;52
48;183;56;180;183;48
82;137;118;136;97;189
107;166;175;128;128;107
77;45;45;105;77;77
166;34;80;34;34;80
17;97;97;17;64;17
13;81;81;24;81;24
128;112;180;47;13;34
136;76;29;166;29;166
86;90;49;49;86;86
57;45;159;57;13;45
67;34;99;34;67;67
44;72;78;72;72;78
190;82;32;82;32;32
58;26;58;13;13;13
30;82;28;82;82;28
98;12;67;98;67;98
54;114;114;54;51;51
27;165;27;75;75;27
199;48;180;33;109;74
82;176;82;23;23;23
61;90;97;61;90;61
91;91;75;91;33;33
64;23;51;25;19;109
85;85;85;26;115;26
164;164;58;58;138;138
41;41;30;30;30;125
81;31;31;13;81;81
64;78;73;78;73;73
151;151;108;161;21;108
174;63;153;187;62;74
49;41;49;14;14;49
61;146;44;39;126;44
191;166;106;19;19;106
94;12;142;94;12;142
179;10;10;95;10;95
17;23;101;77;105;119
87;57;87;57;57;52
135;39;190;197;24;116
98;72;96;96;72;72
93;93;35;30;30;57
20;164;47;47;20;20
91;91;91;91;91;147
83;13;91;83;83;91
115;169;170;46;115;170
47;13;58;58;47;47
30;30;85;30;139;85
109;189;184;107;175;30
13;13;42;42;13;192
54;59;24;54;54;59
146;163;30;146;17;17
162;34;151;107;19;173
165;165;115;31;172;31
44;97;133;127;44;127
24;34;14;113;130;143
141;164;141;80;155;164
169;70;71;71;71;70
64;62;117;64;64;62
197;162;49;197;49;162
161;65;154;161;147;147
55;21;55;21;21;76
192;127;73;88;88;192
79;63;79;29;79;63
55;83;55;83;102;83
11;11;11;82;11;82
67;68;67;95;71;68
57;91;28;57;57;91
25;25;25;20;185;20
33;33;35;193;35;35
148;137;137;39;159;148
49;73;45;76;78;37
59;197;10;142;91;191
184;164;44;196;196;184
178;50;50;57;57;57
159;80;93;159;32;93
92;128;92;128;81;81
34;34;34;65;80;80
82;90;114;82;82;90
112;106;79;191;175;65
76;90;95;95;76;95
144;142;135;16;144;135
39;39;39;20;82;82
78;45;22;78;45;45
166;58;79;79;79;39
26;26;64;12;12;12
51;111;88;88;51;51
104;151;160;126;161;61
20;83;83;161;20;83
178;101;84;171;95;97
75;169;143;75;169;47
44;42;42;64;44;42
182;156;182;156;85;13
30;163;111;85;131;87
99;44;44;99;156;44
30;30;30;17;17;54
177;88;139;88;178;139
46;43;46;94;43;43
168;52;41;163;32;110
96;183;66;66;114;183
51;96;103;103;51;112
68;55;68;55;68;176
89;83;91;138;83;138
149;155;86;188;165;138
64;74;21;74;21;74
40;36;33;40;33;33
42;125;121;12;124;194
121;51;8;51;8;51
37;114;42;37;37;42
16;80;117;153;80;16
52;154;22;157;136;87
38;24;69;69;69;38
199;192;36;62;161;134
111;125;125;29;29;111
86;196;116;86;190;196
174;81;13;18;18;81
93;91;93;93;8;8
98;7;98;109;7;7
197;52;92;92;52;52
123;34;34;195;123;195
90;97;97;90;57;90
70;70;186;49;70;49
42;14;72;14;72;125
40;153;180;106;106;180
172;15;177;106;82;186
28;53;53;53;28;63
152;21;165;21;152;165
85;85;55;18;18;85
58;77;165;196;77;58
79;79;164;39;39;39
62;62;62;50;20;50
87;170;91;91;87;87
164;46;46;112;159;159
34;34;34;173;39;39
84;99;83;133;146;127
78;78;29;61;78;61
64;193;64;97;97;64
18;16;16;15;15;16
182;28;162;100;82;186
23;23;55;55;55;84
46;46;87;87;46;32
48;48;82;82;82;120
148;104;25;97;47;111
64;161;154;64;161;173
78;91;78;91;91;131
80;98;89;98;98;80
132;114;132;199;139;199
160;39;6;6;39;39
68;68;68;83;83;103
67;45;119;67;128;128
147;147;108;140;195;195
10;187;36;36;36;10
131;29;181;146;146;146
53;53;45;74;45;45
186;28;44;25;58;172
23;44;23;74;44;23
97;161;97;49;49;97
126;198;76;120;134;97
195;117;171;123;13;65
20;43;20;20;43;38
76;21;76;76;21;104
122;64;171;167;102;177
198;140;186;152;124;23
53;78;40;53;40;53
94;86;47;86;86;94
67;112;114;121;61;93
170;16;170;57;16;108
69;69;91;91;49;91
82;198;10;82;82;10
51;39;119;39;39;51
82;126;31;51;122;155
98;98;98;86;78;86
97;37;168;102;37;102
103;77;152;188;103;77
39;39;91;56;56;56
60;127;148;12;67;135
184;12;56;158;12;56
55;59;59;55;97;68
35;53;53;53;35;84
24;111;176;197;177;180
81;24;80;23;81;76
119;77;77;56;56;77
21;91;91;96;21;91
58;58;35;35;35;156
16;70;70;96;65;70
68;26;11;68;26;26
39;69;69;39;69;119
180;139;180;156;14;156
118;86;41;41;86;86
75;169;75;75;28;28
160;165;108;165;108;160
52;138;52;138;52;41
87;52;87;52;52;148
59;64;59;64;64;171
23;99;99;77;99;77
24;23;88;23;117;24
6;6;45;45;45;145
139;85;85;92;85;155
94;156;34;134;200;180
18;173;48;48;18;48
6;6;59;59;59;36
73;61;164;17;17;73
74;74;74;36;36;145
183;81;100;115;46;152
16;36;36;16;150;16
7;53;71;7;7;53
13;55;13;41;41;13
114;145;114;74;74;170
99;10;99;103;103;10
71;71;25;25;25;100
100;102;23;88;16;99
138;33;168;51;53;61
162;39;39;73;73;39
37;34;37;37;34;137
7;7;7;28;28;30
79;46;95;79;46;46
57;94;52;57;94;57
63;72;183;63;72;72
21;59;59;21;109;59
10;116;10;68;68;68
17;17;115;31;31;17
49;84;84;168;84;49
185;60;60;81;81;60
45;171;72;171;128;45
92;110;40;92;40;40
73;73;73;86;70;70
64;135;64;171;64;135
38;95;83;83;38;83
118;185;47;196;33;137
71;18;67;71;71;67
164;164;173;177;31;173
76;36;76;94;36;76
45;38;38;92;92;92
39;22;22;51;22;39
79;115;45;115;45;79
101;95;154;92;16;36
83;66;191;196;196;66
57;43;92;92;43;43
17;35;29;35;29;29
12;31;12;95;12;31
89;89;89;94;94;105
157;192;36;137;59;191
114;43;139;104;139;104
151;97;97;65;97;65
90;90;90;78;124;78
191;24;116;191;116;24
81;81;28;81;48;28
42;75;81;188;46;170
106;106;188;106;93;106
39;41;65;41;39;41
17;106;24;17;24;17
84;200;76;84;84;76
78;17;99;78;78;99
67;67;85;67;85;46
26;63;139;139;63;41
50;112;67;134;145;72
93;26;35;59;145;197
8;21;8;21;68;8
10;10;138;10;10;10
69;11;11;27;11;69
175;26;59;143;59;26
30;78;17;30;58;17
27;187;27;57;57;27
185;45;33;71;155;99
33;18;18;18;33;133
17;142;17;17;47;47
117;159;172;100;70;119
78;78;82;78;82;40
28;79;118;162;122;34
59;59;50;50;59;190
88;131;131;64;144;64
57;10;10;10;57;120
52;76;14;52;14;14
125;102;46;46;102;101
48;14;48;71;48;14
5;58;58;90;5;5
16;181;27;16;16;27
99;40;40;40;99;40
67;42;67;111;42;42
134;161;60;110;28;41
104;131;138;67;29;116
53;61;93;93;61;93
81;163;180;134;135;73
20;23;97;97;23;97
94;167;160;21;107;180
141;174;21;66;115;72
177;44;40;44;40;40
29;114;29;64;184;64
60;35;169;146;60;35
10;51;51;187;51;10
16;22;22;51;51;51
86;166;145;118;48;110
110;5;5;5;81;81
194;117;182;29;194;194
98;60;60;98;60;185
32;17;17;13;85;85
99;92;92;48;92;48
5;30;5;5;188;30
41;130;41;121;121;130
39;76;39;9;39;9
55;55;160;160;66;30
98;71;98;5;5;5
48;48;48;47;108;47
8;8;24;60;60;60
170;18;18;18;82;82
84;21;84;21;21;196
55;68;68;29;68;55
52;52;70;52;52;52
74;74;38;38;76;74
105;151;195;198;21;199
49;174;49;49;49;49
173;163;83;35;163;35
183;194;45;193;195;19
128;33;33;29;33;29
14;14;45;14;31;45
64;94;154;112;111;194
178;71;133;62;118;92
93;85;93;93;36;85
7;7;89;153;89;89
199;199;122;29;148;29
35;70;70;26;26;70
17;85;17;166;17;85
12;65;75;75;65;75
28;145;200;15;105;15
77;77;77;80;61;61
41;73;73;176;127;127
57;77;57;57;12;12
20;132;191;20;191;132
142;15;121;159;156;189
48;48;65;48;168;65
85;94;85;155;94;85
164;164;193;55;55;127
176;169;150;157;186;112
28;104;116;117;105;103
36;12;184;184;102;36
86;79;13;156;22;27
73;86;86;73;86;45
87;104;104;87;38;178
18;130;15;15;18;18
50;141;157;148;10;86
87;166;128;60;24;168
5;5;21;31;5;31
70;110;70;15;15;70
15;126;112;179;46;68
12;30;174;30;174;95
158;19;19;76;76;118
94;28;51;167;156;47
31;31;104;80;31;80
70;31;31;70;31;63
109;109;109;91;20;200
66;33;66;99;33;21
113;10;10;10;17;17
151;78;56;78;56;78
165;188;45;70;67;148
126;174;164;18;182;52
198;47;155;47;198;142
28;200;180;180;200;28
57;57;90;59;57;59
115;194;94;199;199;115
35;35;98;14;35;98
57;119;23;26;23;57
27;27;27;33;184;33
51;143;186;143;51;176
25;26;26;25;65;26
62;68;40;62;62;68
148;114;79;122;130;185
22;110;22;74;110;42
97;82;113;156;82;156
178;178;111;111;200;200
93;65;16;16;93;93
120;114;184;88;144;188
45;44;57;143;48;149
47;137;169;82;144;130
72;17;17;59;17;72
38;92;149;38;92;38
87;9;189;87;9;9
60;30;97;77;20;159
97;10;118;50;87;46
174;172;174;172;44;85
170;31;13;167;147;195
59;150;111;36;59;36
50;50;9;9;116;50
156;88;45;94;191;199
192;95;152;108;150;143
188;77;77;163;188;163
78;28;26;26;26;78
87;67;87;67;17;67
25;25;100;21;25;21
60;60;18;62;62;109
83;182;92;26;33;89
158;43;158;154;187;154
149;146;161;40;29;89
64;59;78;59;59;78
77;11;77;45;11;77
29;138;95;95;29;29
25;193;70;20;163;125
19;19;19;194;59;59
75;18;81;111;75;111
187;86;200;98;40;62
197;25;56;197;54;54
95;84;37;84;95;163
131;117;131;42;117;76
15;75;36;75;36;36
64;79;64;39;64;39
55;54;55;51;54;180
179;78;113;113;78;179
98;178;78;98;78;146
103;173;78;103;52;179
24;24;56;24;44;44
59;120;33;33;59;33
67;49;160;49;67;49
41;41;41;149;41;41
46;193;184;46;184;193
78;78;78;78;27;78
43;56;56;66;43;43
45;45;46;36;45;36
181;181;121;196;159;196
90;123;29;29;90;90
167;184;184;167;99;95
23;48;176;113;162;189
88;88;104;54;54;88
199;150;142;106;150;199
77;195;115;164;18;156
69;99;69;31;99;69
121;164;43;95;138;22
157;114;191;163;94;117
165;181;189;165;115;115
35;17;17;35;35;124
84;84;84;40;40;170
54;43;13;13;54;13
27;66;66;66;139;27
148;175;17;175;199;199
12;12;79;48;12;79
53;35;41;35;35;41
16;192;119;176;184;66
75;85;100;129;117;65
81;85;85;85;114;81
139;114;192;192;195;139
56;90;90;97;90;56
98;98;95;98;95;11
69;67;78;26;67;26
103;110;39;84;39;84
80;69;133;144;41;66
169;27;76;12;155;185
156;170;156;82;62;82
187;168;168;103;41;187
54;54;82;82;157;82
159;48;50;189;159;50
94;60;94;60;139;94
97;97;83;24;83;83
24;75;176;51;75;24
12;152;12;11;11;12
19;19;96;28;28;28
61;78;162;78;61;61
52;89;83;83;89;89
107;136;122;175;120;140
102;196;196;93;93;85
15;199;36;15;39;36
144;96;55;18;66;88
157;68;35;68;126;126
48;48;149;48;85;85
72;28;107;75;158;95
90;51;51;31;51;31
67;67;36;183;67;36
108;80;95;86;186;45
168;16;75;16;127;168
10;44;71;71;104;104
200;54;71;71;84;84
41;81;169;129;87;181
52;166;13;57;30;161
185;67;198;91;15;18
46;46;46;49;49;189
34;107;48;34;34;48
89;33;33;30;30;33
62;30;195;77;30;195
73;62;54;62;62;73
115;12;20;101;22;143
131;35;78;124;87;10
130;19;130;85;173;130
18;18;21;131;42;64
196;78;78;15;100;100
84;184;187;198;76;95
175;179;74;26;109;39
7;55;151;7;55;7
56;11;56;112;112;74
102;79;175;158;140;98
56;119;159;80;94;48
42;25;153;25;42;42
170;154;154;23;148;170
25;67;164;25;67;25
94;117;94;94;85;85
73;72;73;186;72;186
28;28;55;55;55;146
39;38;39;39;194;38
78;78;69;72;72;72
68;125;68;64;15;64
34;19;34;19;19;94
35;159;75;35;75;35
176;193;135;44;78;124
109;58;85;58;85;58
73;98;56;73;73;56
117;19;85;173;117;117
197;49;123;77;90;37
46;46;10;10;88;46
66;78;78;167;78;66
51;145;173;154;27;172
174;29;135;45;83;22
94;93;93;94;114;93
13;13;32;126;13;32
187;90;136;177;78;192
36;161;36;28;26;26
141;121;184;111;141;111
85;42;42;162;85;42
70;29;29;48;70;70
53;93;93;19;53;53
47;148;51;51;51;47
164;10;154;175;10;164
76;151;48;48;76;48
167;17;167;122;122;11
54;45;193;84;29;16
15;174;15;43;43;15
97;97;26;140;97;26
39;148;32;89;71;67
45;83;83;45;83;50
46;16;16;16;200;46
14;14;96;11;96;96
153;173;163;173;153;163
68;49;79;79;68;68
200;91;115;20;115;115
34;154;53;196;44;165
65;46;46;46;51;65
82;82;190;97;19;190
134;44;170;135;44;132
147;97;147;178;147;22
23;38;23;23;38;57
52;38;52;38;154;52
31;90;54;69;11;67
142;146;133;79;78;199
17;178;17;86;17;86
49;8;75;8;8;49
145;146;97;104;146;97
112;157;70;178;157;178
129;77;22;185;22;185
134;69;51;118;147;46
35;77;13;141;156;31
58;58;37;58;58;58
86;86;58;58;58;84
84;37;84;133;84;37
79;48;105;48;79;48
60;44;60;60;17;17
86;18;28;28;28;18
170;170;196;167;196;167
39;169;17;53;157;166
110;78;155;116;110;116
13;56;56;13;94;194
152;183;175;24;31;99
166;81;91;81;166;91
93;93;93;51;94;94
8;32;16;8;16;8
115;106;120;16;113;28
25;11;11;11;25;88
69;176;188;176;188;18
181;181;28;28;40;40
172;121;121;172;44;44
198;197;160;188;95;17
72;42;117;72;117;72
169;158;68;130;90;115
44;62;85;22;136;185
177;177;80;80;177;152
115;115;167;122;116;122
199;137;13;155;64;156
36;7;145;7;7;36
22;22;22;73;192;73
85;68;73;68;68;73
54;75;75;54;54;79
149;184;131;184;21;21
85;181;54;169;85;181
190;192;25;135;44;124
35;13;163;111;56;55
28;144;7;28;7;28
183;37;192;37;183;29
15;43;75;43;43;75
163;95;57;57;95;57
21;194;160;198;188;82
29;29;18;174;148;174
43;101;33;43;43;33
100;118;72;94;175;115
73;73;73;34;109;34
24;46;46;24;24;197
30;56;30;56;175;30
162;127;108;108;162;127
74;139;180;180;139;154
90;90;194;30;30;196
72;49;49;72;72;133
60;65;164;115;13;124
36;36;156;36;76;76
32;10;10;32;184;10
16;106;36;106;106;11
157;50;120;43;169;200
15;71;100;100;71;46
156;143;143;156;178;178
14;196;196;55;89;14
32;68;57;32;57;57
19;67;195;106;195;19
98;98;54;54;98;39
15;6;6;82;82;82
18;62;62;18;15;18
36;36;122;35;36;35
89;89;144;34;34;34
86;13;40;175;86;147
79;79;101;101;138;105
134;134;15;92;92;15
134;147;19;152;19;147
35;70;70;35;35;115
57;18;57;26;26;57
96;44;33;44;96;33
27;27;34;54;34;27
51;184;31;182;51;31
123;132;60;60;38;123
179;12;73;66;187;157
97;21;131;21;30;97
96;87;87;147;96;87
56;56;184;77;77;77
28;29;42;42;141;28
105;92;193;157;182;25
31;98;98;98;61;31
62;62;62;173;34;34
36;88;36;88;22;168
182;34;72;178;182;178
83;83;39;84;83;39
170;89;94;10;33;199
54;54;33;136;33;54
96;96;168;78;78;78
8;8;145;45;45;45
179;164;164;179;117;34
18;190;18;190;37;198
72;36;27;181;27;72
44;117;55;44;44;55
42;164;67;26;186;170
36;77;24;11;32;174
56;85;88;85;108;56
56;103;46;134;103;46
50;98;18;98;50;50
35;74;79;79;35;74
102;102;132;26;192;26
81;173;75;173;84;75
66;116;47;66;66;47
94;94;103;155;103;87
84;192;134;93;93;192
41;131;112;112;75;75
12;74;12;74;74;176
80;154;64;64;80;80
39;17;66;66;66;39
124;124;57;48;55;57
76;140;126;41;76;140
90;99;99;114;90;99
58;13;159;24;66;30
92;92;115;61;61;92
153;153;138;138;28;112
183;22;101;72;22;183
151;103;103;75;130;75
53;42;97;42;42;53
53;176;53;53;121;53
29;17;99;172;18;134
123;188;177;161;188;123
29;160;151;29;66;160
29;19;19;19;16;29
25;38;38;40;38;25
79;79;9;133;9;79
74;155;29;29;74;74
55;20;55;55;186;20
177;187;32;94;53;77
63;104;177;104;177;74
71;71;48;5;5;5
65;46;46;137;65;46
80;78;54;54;78;80
80;37;159;37;80;37
141;14;45;61;102;198
28;28;23;28;110;23
46;52;52;75;46;46
195;46;131;98;46;131
124;44;31;31;44;44
66;7;7;66;66;193
117;157;21;117;21;136
56;18;94;119;92;174
41;98;41;98;98;156
72;72;87;87;87;38
18;18;65;65;13;65
45;45;71;15;45;15
112;35;92;92;35;92
114;114;102;78;102;78
135;14;79;14;14;86
76;70;70;76;30;70
80;130;171;160;130;80
104;93;93;85;85;93
88;73;73;26;88;26
83;32;83;146;83;32
49;103;87;87;49;87
19;19;7;7;7;134
53;65;134;65;53;65
60;56;56;30;60;56
183;183;69;180;69;70
151;150;150;151;111;53
136;109;136;109;153;167
87;14;147;14;87;14
31;39;39;51;51;39
77;70;17;77;17;77
107;50;198;50;198;107
19;66;19;30;121;30
127;115;55;37;41;200
69;187;47;69;47;69
66;53;26;110;110;26
116;121;183;110;27;141
40;76;40;10;10;10
136;115;144;28;43;103
49;58;58;58;49;148
146;59;51;51;51;59
44;50;125;32;61;87
10;151;80;80;10;10
183;31;156;162;175;31
61;54;61;54;61;59
115;97;154;94;178;134
81;176;79;79;81;79
31;178;31;31;47;47
147;22;174;174;179;22
81;81;20;103;20;81
48;16;189;157;144;186
56;80;80;56;80;178
44;17;44;17;154;17
110;84;159;102;110;102
140;185;140;185;118;183
46;22;46;56;56;46
153;83;80;131;128;120
63;120;51;51;63;51
85;57;117;85;57;85
178;62;148;62;72;72
147;29;200;117;94;17
163;138;97;97;138;163
84;82;82;84;106;84
171;126;116;22;142;142
50;58;55;58;50;58
28;28;52;28;52;74
30;200;91;30;30;20
46;46;46;142;52;52
26;94;93;95;106;144
55;55;66;55;66;75
151;26;133;15;39;147
7;63;63;188;7;7
93;10;93;171;10;93
125;135;31;76;27;18
65;37;15;96;143;183
14;199;68;68;42;42
184;166;130;122;104;96
114;185;67;114;185;78
167;14;52;161;85;33
193;131;169;131;193;190
7;94;7;85;85;85
23;87;87;90;23;23
39;19;19;19;40;39
50;37;24;37;50;37
140;160;78;156;142;73
55;55;80;55;80;194
130;187;195;83;24;158
156;96;96;183;96;37
40;16;40;73;73;40
168;68;42;68;167;168
123;116;116;123;52;168
131;44;131;44;70;92
48;49;49;47;49;47
65;129;123;65;46;123
40;13;29;34;113;136
78;172;79;176;176;79
168;124;62;62;200;124
59;81;32;81;32;81
27;168;34;66;142;20
112;104;104;97;98;57
68;49;68;76;76;68
55;26;36;60;130;112
187;19;145;52;68;189
82;34;71;34;82;82
186;135;39;131;39;135
26;27;26;27;27;50
189;136;51;22;136;189
40;87;87;40;40;24
99;99;42;42;42;141
86;141;70;195;87;171
59;90;24;59;59;90
41;92;196;198;16;107
20;82;82;50;82;20
23;70;23;70;109;23
95;165;59;80;75;15
171;200;196;108;76;59
136;74;74;74;74;74
115;115;115;173;19;85
35;46;36;83;103;161
65;176;64;64;64;65
18;50;50;18;50;60
86;86;59;147;59;86
149;149;194;51;119;119
41;41;46;156;46;46
19;196;95;95;95;19
41;21;41;139;21;41
130;98;130;98;158;30
98;75;174;174;35;75
62;11;183;62;62;11
89;58;66;11;174;179
37;141;132;138;92;54
136;55;140;179;170;115
67;70;166;143;27;66
81;39;81;81;140;39
45;38;45;38;45;188
27;20;20;27;27;58
48;48;30;48;30;86
148;61;174;82;184;125
93;79;79;93;93;35
72;72;112;92;72;92
179;38;38;45;45;45
97;11;187;97;97;11
46;46;30;96;46;96
174;161;84;173;198;148
102;39;75;21;75;102
93;17;57;66;66;57
81;81;68;167;167;68
147;82;92;82;63;92
190;158;197;102;79;10
18;17;28;74;49;159
139;35;91;74;146;80
80;80;73;44;44;44
169;81;52;81;52;81
174;185;192;51;174;51
99;99;49;99;49;157
31;132;23;23;31;31
44;52;44;52;106;52
92;89;112;35;13;143
75;33;33;75;191;75
162;162;134;56;56;89
50;184;184;132;50;33
37;161;37;96;37;96
199;194;183;15;177;102
11;44;148;148;84;11
54;78;54;78;78;94
80;80;33;80;19;33
122;79;191;191;61;122
25;136;25;96;25;96
111;111;130;163;138;163
104;104;67;172;172;91
93;76;58;68;111;187
17;166;185;86;149;22
10;10;68;10;68;200
105;105;105;29;105;29
72;13;15;177;95;188
133;93;177;143;93;133
22;167;14;14;22;14
99;169;99;169;185;185
26;30;87;26;26;30
55;72;72;174;55;55
59;59;81;81;59;145
69;69;135;69;86;79
26;17;26;193;17;17
70;12;12;70;166;12
148;103;148;103;173;88
106;145;49;150;75;30
30;125;92;50;125;30
61;57;61;154;57;61
162;38;196;76;39;159
173;82;111;105;199;146
94;94;88;88;94;121
18;18;88;88;18;11
174;58;11;150;106;29
99;93;99;93;99;92
8;29;8;29;29;44
118;146;146;193;70;92
59;38;38;59;182;59
164;134;142;98;20;66
137;27;143;115;15;69
131;55;117;55;63;131
66;28;36;172;142;167
32;197;18;189;182;110
113;113;123;100;152;123
31;35;39;39;31;39
10;110;123;68;195;28
58;65;58;157;58;65
52;181;181;52;165;165
186;63;200;200;195;186
41;76;100;100;41;76
85;85;85;70;96;96
37;194;184;147;17;63
147;186;157;135;40;182
18;18;35;155;35;35
80;64;55;64;64;80
71;71;41;41;71;61
24;119;66;66;24;24
10;11;10;36;36;160
68;68;68;61;28;28
37;163;115;106;169;64
65;133;118;165;31;159
28;10;10;10;67;28
142;104;41;194;146;30
147;175;146;69;161;77
171;49;168;61;168;171
107;107;77;77;189;107
60;60;88;150;150;63
114;56;190;107;29;102
72;72;77;77;131;72
15;15;67;114;67;67
92;182;80;80;92;92
45;41;41;163;45;41
79;137;100;60;76;130
10;58;10;55;10;58
97;86;65;97;65;65
183;103;183;113;103;113
51;51;114;114;13;53
7;7;142;27;27;27
42;9;9;145;9;42
161;66;66;35;66;35
46;26;26;187;191;46
51;200;200;175;175;187
101;51;176;125;101;176
54;11;49;54;54;11
174;186;163;174;12;163
25;70;70;70;25;26
102;172;146;61;66;193
70;70;70;83;26;83
23;62;62;62;90;90
62;96;182;41;176;20
118;118;136;164;164;136
24;170;166;57;151;99
142;93;93;54;93;54
59;22;110;110;22;97
107;47;189;94;189;94
24;38;55;38;55;38
165;49;101;17;33;58
31;51;51;51;31;58
63;73;65;73;63;73
173;79;173;86;173;135
49;68;86;49;68;49
84;18;59;30;186;190
160;109;109;156;169;169
47;79;79;67;47;79
74;23;23;50;74;74
71;30;63;30;30;63
47;144;95;95;161;47
88;88;69;88;21;21
29;83;29;83;197;29
86;13;86;86;100;13
35;72;118;35;72;72
110;180;49;104;75;166
49;49;25;77;77;77
127;127;84;97;48;48
121;184;75;85;88;154
71;45;45;71;67;45
77;92;167;92;167;49
77;92;77;92;92;147
77;77;95;91;95;95
119;157;141;72;157;141
102;11;42;47;84;105
39;200;44;150;25;178
196;114;97;114;64;97
16;27;33;33;27;27
52;52;88;52;88;115
130;130;31;82;82;12
174;141;21;174;143;141
128;125;45;39;39;128
46;139;66;50;123;160
187;21;70;34;137;34
39;40;39;40;39;75
23;102;116;98;63;175
28;62;62;20;20;155
172;75;161;104;146;115
29;126;85;85;85;29
131;84;131;126;196;84
19;17;19;19;197;17
53;53;96;53;91;96
62;126;71;146;185;192
10;66;66;96;66;96
16;76;157;76;16;16
184;148;119;17;103;109
97;41;177;97;200;41
48;195;163;138;159;105
194;93;39;104;91;171
56;34;21;136;40;170
20;25;20;119;20;25
71;62;28;101;170;30
94;78;31;78;94;94
156;149;183;149;37;149
32;32;82;91;32;82
143;29;88;88;29;29
87;47;47;87;47;36
6;6;92;92;147;6
70;98;98;70;91;98
43;158;121;148;158;121
171;105;88;71;57;181
98;98;14;32;32;98
98;98;98;49;173;49
26;107;26;70;26;70
49;49;137;6;49;6
100;21;21;11;11;21
39;180;39;180;52;121
40;156;6;6;6;40
61;108;130;108;130;125
113;199;37;113;18;37
33;30;33;184;30;33
61;61;100;49;49;49
152;152;126;126;16;56
58;14;177;76;14;58
99;99;57;57;199;99
99;83;35;83;83;35
182;169;29;103;11;104
75;75;51;51;51;75
149;75;75;120;155;120
193;117;17;13;66;74
124;119;168;96;122;99
15;195;15;7;15;7
56;56;28;28;178;28
74;40;40;40;74;66
66;54;36;54;36;36
41;57;59;151;157;107
80;80;80;35;35;16
38;142;56;40;172;186
47;181;65;47;47;65
134;33;33;41;160;134
109;23;126;109;23;126
51;14;65;12;19;97
156;114;30;174;61;86
117;174;174;140;117;21
17;87;87;143;17;17
49;78;94;78;94;94
131;117;139;170;139;170
70;11;112;112;26;11
86;126;105;86;126;57
121;63;74;199;58;118
66;78;78;96;96;78
97;51;22;178;56;88
74;30;30;142;74;74
194;194;161;42;161;42
75;33;33;194;75;33
11;120;196;50;118;168
179;122;24;191;193;50
59;145;59;16;16;59
16;47;16;47;71;16
8;51;8;35;51;51
43;45;45;45;44;44
20;152;151;138;195;93
195;92;200;195;200;76
192;63;125;10;58;93
76;83;76;83;28;83
77;79;77;31;79;77
167;24;22;24;22;24
48;63;80;48;48;63
35;197;175;132;175;197
39;44;44;44;39;159
68;68;68;81;58;81
41;197;41;57;57;41
115;32;44;44;32;32
172;93;165;114;155;115
8;97;8;167;97;8
60;48;84;67;97;157
144;134;144;165;126;126
37;54;120;112;116;80
56;78;51;56;56;78
40;59;40;11;11;11
188;109;137;82;148;107
197;82;88;15;104;49
71;17;71;17;28;17
59;38;29;38;59;59
64;86;54;13;54;86
93;93;21;21;105;21
69;163;69;69;67;67
29;29;26;48;48;29
191;191;54;175;178;54
41;10;10;167;34;34
21;81;32;81;32;81
51;42;42;51;42;51
46;96;96;96;11;46
86;128;78;86;78;128
156;166;72;19;51;33
96;54;197;159;77;11
64;179;141;43;141;178
182;155;18;78;78;155
94;83;83;192;94;83
31;62;62;176;62;31
11;142;117;117;185;11
13;64;114;64;13;64
64;64;99;99;195;64
155;139;79;79;92;79
17;46;46;17;79;46
186;177;110;180;200;13
92;93;88;88;93;93
71;130;71;57;42;42
27;143;23;15;117;67
56;197;27;27;27;56
20;115;20;100;195;195
22;38;22;79;22;79
60;133;134;77;157;52
171;65;114;114;117;117
20;200;87;115;38;91
78;57;135;111;187;16
144;133;55;144;114;114
50;25;50;25;50;184
17;57;185;57;57;17
66;19;133;17;133;66
49;25;101;49;25;105
196;190;45;20;49;153
16;159;42;85;193;100
63;105;38;63;38;63
30;106;159;159;30;158
35;35;164;88;35;88
88;88;29;88;22;29
120;102;168;168;82;120
85;18;76;18;76;111
35;86;159;29;23;150
177;16;25;187;40;171
144;68;68;76;68;76
72;63;76;72;172;172
187;188;20;188;187;70
37;184;175;54;175;148
148;34;174;148;174;34
19;70;19;64;19;180
103;66;86;129;104;59
66;84;54;84;84;54
138;162;105;183;170;165
133;112;10;51;137;33
88;88;31;31;88;183
164;144;126;128;10;45
57;44;32;161;35;200
128;47;157;47;116;157
156;95;179;145;199;68
91;118;18;91;18;18
175;31;140;140;132;132
200;166;73;135;135;166
185;120;53;27;53;185
93;172;84;144;100;45
195;184;114;55;165;192
28;39;82;27;120;41
62;62;62;61;30;30
147;68;13;32;84;48
146;128;122;95;133;63
117;51;28;117;28;51
77;77;77;77;40;77
24;15;108;24;24;15
6;6;48;6;9;9
177;112;151;138;112;177
187;188;10;187;188;10
136;93;136;191;191;93
22;22;74;74;74;93
7;86;150;86;7;86
82;99;86;99;82;99
17;101;17;88;88;59
5;5;99;99;195;5
62;85;24;197;150;113
54;54;56;10;10;54
124;47;167;58;133;59
32;91;56;56;32;32
20;36;36;20;158;36
26;160;132;71;26;160
108;95;103;199;59;77
179;29;185;29;179;47
150;60;91;91;60;91
46;35;101;163;153;134
13;13;75;13;75;167
118;98;98;94;94;118
104;61;133;43;104;43
83;23;23;119;119;83
155;112;34;142;142;155
12;21;33;12;189;21
72;72;194;194;114;109
51;38;51;51;56;38
41;86;41;44;41;44
69;85;69;85;107;69
102;72;72;44;72;44
44;93;46;114;11;43
49;86;46;144;86;49
36;43;36;36;99;43
86;68;86;14;65;14
15;58;175;15;15;58
71;163;81;81;71;81
66;185;107;185;40;66
24;62;30;62;62;24
47;173;47;6;6;6
91;97;15;97;91;97
172;46;93;93;46;93
19;185;19;26;19;26
80;124;124;80;162;162
73;9;117;9;73;73
105;105;154;105;100;100
182;194;80;172;83;146
165;100;84;147;84;147
20;29;172;15;19;129
143;80;53;136;145;80
53;140;53;9;9;53
14;42;42;153;14;42
41;24;185;41;41;24
55;55;89;55;109;89
154;93;29;29;93;29
119;187;13;49;119;187
74;74;60;86;60;74
28;28;53;25;28;25
31;170;77;177;195;25
184;66;95;140;95;66
20;32;82;32;20;20
54;134;68;94;192;168
7;16;7;16;114;16
119;113;36;115;185;45
39;39;83;147;83;83
154;179;22;110;108;151
81;81;81;75;182;75
65;53;53;170;53;65
136;41;165;139;41;136
19;111;191;111;191;19
160;37;180;37;46;160
89;22;89;22;116;22
57;106;139;79;85;90
122;90;165;152;154;61
87;80;87;80;87;196
38;173;19;72;11;19
61;33;33;61;29;33
112;149;22;183;33;197
27;29;82;29;82;82
40;174;10;40;174;32
143;151;150;81;150;81
31;44;44;18;44;31
25;25;96;96;96;116
69;58;69;24;58;58
90;78;22;90;109;109
39;73;39;39;83;73
89;54;152;54;89;89
36;53;136;36;53;53
166;48;60;60;48;48
8;36;8;36;79;8
91;91;91;67;67;91
163;137;153;153;137;185
104;116;86;116;20;116
61;61;79;79;75;79
25;94;94;117;25;25
120;90;90;120;149;45
37;131;18;18;18;37
119;69;170;118;159;191
103;83;20;83;140;140
123;140;27;137;59;22
83;148;35;163;138;40
195;195;122;56;148;185
91;81;91;46;81;81
79;38;38;73;73;73
62;62;98;98;62;119
50;84;171;73;21;10
84;43;84;43;81;84
98;79;68;98;98;79
54;36;54;54;36;22
93;80;93;80;136;80
24;12;120;12;24;12
18;69;69;18;69;132
93;13;90;13;90;13
10;21;81;81;81;10
57;41;14;199;158;80
135;10;135;60;10;10
76;80;80;76;76;78
32;12;74;183;192;132
143;138;184;138;143;118
48;37;162;57;63;124
46;46;46;53;123;53
13;42;53;13;42;13
40;10;86;115;101;122
30;30;80;80;15;30
76;122;69;178;13;193
91;152;77;46;154;161
199;72;168;116;50;117
10;77;188;188;97;77
9;22;22;9;182;22
92;92;13;71;71;92
6;53;6;57;53;6
17;183;62;42;170;23
157;112;20;20;112;189
92;92;47;57;47;47
198;195;79;46;108;151
24;40;130;24;24;40
152;125;141;56;91;70
60;93;60;169;60;93
70;71;88;167;195;196
94;94;83;68;94;83
91;74;74;74;91;150
130;199;164;82;99;90
83;71;95;83;95;95
67;67;120;67;95;95
73;73;78;159;73;78
99;99;99;91;200;20
145;183;171;153;170;83
178;108;108;188;188;178
66;171;169;45;172;183
178;101;195;73;84;34
188;85;110;110;87;87
53;16;40;16;40;16
107;150;101;112;45;25
158;12;155;20;158;20
98;98;92;21;21;21
195;195;16;36;195;11
199;199;137;128;137;149
132;22;29;22;91;132
43;38;178;43;38;38
132;64;149;65;56;53
70;23;54;70;54;54
57;69;185;69;57;69
27;65;84;65;84;84
13;56;40;13;13;56
105;132;107;22;94;150
171;98;151;173;74;64
93;93;43;63;63;63
178;120;73;64;174;78
75;78;78;75;157;78
13;12;93;71;177;12
26;82;26;154;26;82
32;10;56;56;10;10
62;43;62;62;43;132
70;70;22;70;95;95
67;83;102;131;58;109
133;133;188;100;51;51
24;65;24;65;65;35
34;34;40;34;118;40
29;44;56;44;56;135
8;8;66;62;66;8
57;57;52;117;57;52
83;16;83;16;106;16
78;78;185;55;55;110
35;95;35;95;101;35
46;143;60;124;16;129
64;64;64;45;45;36
64;15;128;68;122;34
13;83;83;65;103;65
163;124;67;67;144;76
171;145;61;164;75;197
92;63;63;67;63;92
79;196;94;199;42;58
24;69;69;95;95;69
170;97;97;27;27;170
187;71;104;33;16;152
82;82;82;147;62;62
91;198;198;95;94;95
108;198;32;198;108;138
149;124;147;124;195;149
54;177;9;54;54;9
15;15;15;33;113;33
16;74;74;16;74;102
106;19;89;19;89;19
14;70;113;14;14;70
59;59;59;180;91;91
98;76;106;76;98;98
73;92;181;73;92;73
121;144;64;85;139;164
18;18;31;31;98;31
120;53;53;16;57;140
76;54;76;54;91;76
91;48;48;80;91;48
85;15;15;15;85;156
52;52;93;93;12;156
22;22;62;62;172;22
73;29;52;52;29;29
79;97;79;79;97;18
22;22;57;10;164;57
75;144;35;23;188;95
32;65;28;32;65;32
40;63;111;44;92;33
44;64;44;44;192;64
139;124;179;200;124;179
25;32;112;154;102;41
147;148;178;19;35;160
10;103;103;10;99;99
155;181;124;124;121;155
130;61;68;68;130;132
72;73;25;142;59;147
61;112;112;28;89;61
197;78;92;92;92;78
59;153;126;153;185;56
57;15;143;164;53;109
13;13;13;10;13;10
45;60;45;45;22;60
10;10;99;73;73;99
87;87;87;64;64;152
90;18;128;126;100;27
28;75;75;78;78;78
82;131;76;82;76;82
177;199;199;110;177;110
60;60;76;60;111;76
189;53;60;24;173;156
69;12;12;12;69;157
68;128;68;95;95;68
85;47;85;85;80;80
176;165;161;66;161;66
34;72;104;34;104;166
58;58;20;69;20;20
29;54;54;19;54;29
132;126;132;132;143;143
44;44;44;64;64;15
112;154;148;78;83;49
90;90;54;54;90;151
112;59;86;86;59;86
98;98;106;61;61;98
8;93;93;8;58;8
96;23;96;29;96;23
52;31;52;20;31;31
86;10;86;136;10;10
151;94;151;191;159;191
55;10;159;159;150;150
188;37;148;126;83;94
10;38;14;38;38;14
80;13;13;160;80;80
106;114;134;155;78;111
65;178;181;178;21;122
165;92;30;39;70;49
5;81;81;5;5;140
112;10;18;153;31;22
90;90;76;76;76;164
133;193;193;175;17;17
98;98;98;28;28;74
88;9;56;88;88;9
61;45;61;43;43;43
92;50;50;92;92;49
97;153;153;87;55;173
62;10;41;10;41;41
165;141;114;141;124;114
81;84;84;81;178;84
105;166;166;87;87;105
72;56;56;72;56;144
51;158;58;18;95;100
62;106;99;106;62;99
81;83;81;81;83;116
34;49;37;49;194;34
81;35;81;35;77;35
26;178;43;43;26;43
73;48;38;48;48;73
104;104;12;12;60;60
92;22;161;114;23;81
132;14;147;147;16;132
156;116;112;156;116;112
98;25;191;191;191;98
49;49;81;49;81;18
188;138;12;109;28;38
112;111;111;92;188;188
50;53;53;64;53;64
173;22;154;109;18;193
106;159;86;162;157;156
83;83;74;83;74;120
97;97;80;97;80;176
69;72;69;72;72;12
28;37;37;28;28;93
61;5;61;61;80;5
64;91;73;73;64;64
134;62;195;88;121;129
144;182;55;111;144;182
6;60;60;6;76;60
92;78;92;92;78;89
24;24;15;80;15;24
31;47;165;47;31;47
58;58;175;44;58;44
40;177;136;110;138;140
70;74;74;70;70;74
189;130;45;30;100;120
42;194;62;42;62;62
154;120;99;186;120;186
119;133;133;119;82;83
98;18;35;35;35;18
91;91;50;76;91;50
172;195;61;25;44;136
137;27;92;183;70;166
27;59;59;27;161;27
90;199;178;126;18;82
186;163;171;86;52;68
92;86;37;106;106;86
20;48;48;20;35;20
45;45;45;161;83;83
194;159;96;77;126;159
89;29;89;89;200;29
130;130;97;22;130;178
60;136;60;141;141;136
50;50;141;95;95;95
200;200;106;174;183;174
14;55;55;182;182;69
31;24;24;14;31;31
161;32;128;32;37;128
13;18;18;17;13;13
10;26;10;175;10;26
28;60;96;60;96;96
60;177;60;60;35;35
35;123;39;13;165;60
138;138;89;89;51;154
180;10;10;10;64;64
28;28;34;138;138;34
32;49;49;49;32;30
157;170;35;170;157;60
28;28;28;61;61;166
47;121;121;18;47;18
18;74;74;95;18;18
115;120;18;18;114;120
54;54;54;64;54;64
80;86;88;88;86;86
178;178;40;170;40;10
189;136;74;189;156;136
183;106;183;143;106;33
42;84;42;84;168;42
5;35;35;5;5;178
187;162;187;151;80;151
60;193;187;198;150;11
37;33;37;45;37;45
177;194;128;44;177;128
98;18;18;18;98;173
28;132;132;28;114;52
37;37;8;8;177;8
56;54;54;36;56;56
89;117;182;89;89;29
75;75;75;154;81;81
98;172;101;80;123;196
167;173;167;109;55;109
35;136;32;35;35;32
19;15;15;19;142;142
11;165;158;30;142;36
18;149;20;18;20;20
28;69;91;152;125;163
155;116;108;106;98;120
154;185;110;176;26;55
65;97;97;39;126;126
27;27;53;27;56;56
97;34;27;57;167;87
73;118;118;73;53;137
8;8;8;11;68;68
70;42;159;56;42;70
128;98;190;98;114;190
24;78;78;78;58;58
37;128;12;128;12;123
14;95;129;121;129;169
132;86;86;186;86;120
91;36;150;91;36;91
91;103;87;87;91;87
60;60;187;60;27;27
110;158;90;61;198;147
63;62;63;63;62;184
178;19;57;57;19;57
30;143;30;47;30;47
60;40;40;33;40;60
146;62;163;94;137;23
159;26;26;26;76;76
190;109;193;78;86;85
114;22;172;71;71;172
160;28;159;137;159;28
64;188;188;188;188;64
83;96;40;96;83;96
87;76;87;87;98;98
92;29;29;92;51;92
33;33;147;124;147;114
40;93;93;23;23;93
67;176;163;19;163;19
114;114;179;86;197;86
34;34;93;86;93;93
58;37;58;9;9;58
165;187;122;165;173;122
83;81;83;83;38;81
11;11;7;98;7;7
87;163;101;108;179;153
84;32;32;84;32;94
189;167;102;168;110;19
91;54;54;72;91;91
15;162;15;159;175;159
59;148;81;115;69;72
91;39;91;39;39;14
160;106;67;138;185;10
119;154;32;71;75;28
86;86;63;136;86;63
5;37;137;37;37;5
36;76;93;36;146;93
173;141;32;173;198;198
70;36;134;102;39;157
26;26;108;96;26;96
77;77;32;77;32;169
33;98;126;98;98;33
38;110;115;130;196;171
53;53;47;131;139;47
109;162;162;78;138;78
152;67;30;76;90;65
99;176;107;56;176;99
34;165;107;165;80;107
165;200;137;53;71;137
32;159;32;49;32;49
58;59;49;58;49;58
155;80;189;189;155;80
59;71;66;59;66;59
174;54;129;169;165;164
144;110;135;147;66;99
118;182;195;143;195;182
165;184;150;68;29;99
49;62;75;126;131;108
109;187;173;51;29;38
113;40;178;178;178;29
189;189;135;128;62;135
46;75;85;145;190;172
42;110;42;42;90;90
93;173;93;171;171;34
153;51;7;7;7;51
49;79;79;79;36;36
32;52;52;32;180;32
21;50;149;50;50;21
31;129;7;7;31;7
69;50;50;147;69;147
154;96;19;96;19;154
60;199;159;77;55;56
18;50;50;139;50;18
105;45;13;45;13;13
59;59;37;59;40;40
121;121;188;188;141;132
43;48;165;191;191;43
84;121;135;153;97;168
111;58;86;58;86;58
187;31;31;83;83;31
76;76;92;92;92;180
91;32;66;52;120;30
44;184;104;44;104;184
24;32;24;37;37;37
6;89;6;89;84;89
98;77;98;50;17;17
85;135;79;85;86;85
89;96;96;145;89;96
122;90;82;61;61;82
81;30;37;105;191;47
92;86;72;72;92;92
189;38;38;59;59;38
65;106;65;65;64;64
56;24;56;194;24;56
54;182;100;126;184;50
23;128;132;107;108;17
141;141;150;81;85;95
47;6;118;47;47;6
43;72;43;142;72;72
36;98;36;56;36;98
66;66;53;53;197;53
68;74;51;74;68;139
56;111;106;44;137;40
162;175;166;175;42;162
52;173;187;124;163;50
156;63;143;152;152;63
184;89;89;14;14;184
6;8;6;17;8;8
12;8;8;12;18;12
73;73;31;96;96;73
179;65;126;18;184;79
8;83;83;116;83;8
66;66;75;66;75;197
115;118;129;32;113;150
196;113;129;119;129;113
89;47;89;47;101;47
74;11;98;114;196;58
15;15;57;57;15;54
164;93;22;93;22;22
88;5;5;88;5;88
125;176;125;43;73;73
96;80;96;35;35;35
19;80;80;97;80;97
72;89;69;69;69;89
128;37;155;109;102;142
33;151;144;104;104;33
182;46;188;71;182;46
87;7;94;7;87;87
149;64;180;70;149;149
94;169;42;198;172;52
80;36;36;80;80;28
8;14;29;29;8;8
29;29;29;50;50;42
155;183;125;183;125;75
8;96;8;165;8;96
23;41;19;19;23;23
197;83;143;197;83;109
64;190;157;109;24;167
16;56;70;16;70;70
78;140;76;78;76;76
159;142;114;159;96;114
15;15;15;76;60;60
160;166;117;110;177;18
14;68;68;185;14;14
86;43;43;80;80;43
99;152;49;83;134;134
189;161;163;69;132;200
159;19;62;19;19;62
180;180;44;156;23;156
38;38;161;47;47;38
109;63;199;11;94;131
49;46;197;49;46;93
40;103;105;172;119;15
195;73;27;154;148;168
115;170;115;115;55;36
10;10;92;92;92;66
169;103;103;30;163;30
47;142;47;33;142;33
86;96;96;86;62;96
118;147;147;135;72;72
79;81;100;162;67;92
27;85;55;27;85;117
86;64;64;86;86;91
198;166;200;81;74;170
17;92;169;92;17;17
28;158;174;183;158;28
128;46;130;46;34;130
30;81;120;135;179;15
13;13;149;11;11;13
24;97;37;97;169;24
179;145;80;80;190;123
76;141;43;141;172;43
68;43;68;29;43;68
35;159;159;161;82;82
75;45;197;188;193;167
125;31;15;15;31;31
58;112;125;113;173;112
108;36;44;36;33;108
26;26;26;116;44;26
121;74;137;38;53;105
55;5;173;5;55;5
83;186;186;82;25;189
66;66;76;76;14;76
39;24;39;24;108;24
25;77;144;25;25;77
80;14;80;80;14;153
56;10;56;38;38;38
119;22;22;54;54;22
68;68;22;68;22;23
76;48;76;76;193;48
92;149;69;135;149;92
6;6;14;6;93;14
172;164;135;172;39;164
80;84;77;108;84;108
48;14;151;14;14;48
191;118;118;40;150;150
91;54;84;54;84;54
63;147;13;135;63;13
22;16;59;22;59;59
66;68;66;68;66;162
194;194;186;186;105;47
60;59;60;183;59;60
31;61;85;85;85;31
178;199;196;122;159;158
178;24;24;69;69;24
50;155;155;39;58;58
50;50;116;146;111;111
130;52;25;41;84;142
66;128;66;19;19;19
117;10;10;143;80;117
28;53;120;53;28;53
23;62;62;178;23;23
26;26;26;51;74;74
88;34;88;22;22;88
99;99;79;56;56;99
92;92;8;8;163;8
65;17;65;133;65;17
96;96;70;70;70;40
55;20;161;177;87;65
24;99;24;29;29;29
67;87;87;54;54;87
16;49;49;25;16;49
90;160;30;188;97;66
61;23;61;53;61;53
98;98;69;91;98;69
51;87;146;41;137;147
76;76;76;47;51;51
22;39;77;45;103;117
23;23;26;100;23;26
124;169;149;76;155;77
55;66;86;75;66;86
42;42;53;53;113;42
159;89;140;96;140;105
20;20;77;77;77;133
154;49;174;49;74;154
24;160;31;125;76;98
95;65;95;39;39;39
87;77;87;167;77;87
47;79;47;65;79;104
107;107;107;107;57;188
88;94;88;128;94;88
39;39;99;99;39;33
161;114;117;114;197;161
64;71;64;64;99;71
118;200;97;33;120;188
38;188;94;188;38;115
23;64;46;123;158;182
68;86;54;54;68;54
85;117;87;183;183;117
196;198;23;189;80;127
83;83;89;48;48;85
60;17;20;17;17;20
59;59;59;110;13;13
52;25;52;59;52;25
94;58;163;94;58;94
77;77;77;47;65;47
31;69;73;115;73;69
14;53;53;109;123;123
35;23;35;23;35;137
94;40;94;94;40;140
125;60;60;160;105;160
46;50;106;50;92;46
57;53;53;57;153;53
71;71;155;91;91;71
43;109;7;43;43;7
116;155;139;116;92;116
104;183;53;99;73;37
105;33;94;84;34;63
9;63;13;13;9;13
153;76;47;47;76;192
8;81;81;81;8;10
75;75;92;87;75;92
23;23;137;31;186;186
114;45;45;57;127;57
156;197;84;193;103;34
186;82;108;160;137;151
97;112;166;166;101;97
93;51;22;51;51;22
99;99;99;56;56;95
37;9;37;9;37;105
52;124;162;52;60;162
50;24;50;24;24;64
65;92;65;92;92;71
76;192;73;73;73;76
5;48;48;51;5;48
155;39;39;155;73;73
90;90;90;184;22;22
41;68;41;86;68;68
49;200;155;200;49;75
139;113;22;125;103;142
176;70;66;174;174;176
53;101;21;21;21;53
177;54;69;78;18;51
82;36;188;36;82;82
67;26;35;181;28;200
90;17;90;17;55;90
41;41;64;64;23;64
176;173;111;55;58;162
35;113;48;35;48;35
15;131;172;163;33;14
130;124;110;168;101;98
34;34;77;77;166;34
55;40;55;10;10;10
82;82;84;84;92;84
94;60;145;60;94;60
44;178;44;50;178;50
175;64;62;64;64;62
29;22;44;85;193;178
11;93;93;124;11;93
75;75;75;195;46;46
22;38;22;80;38;38
69;88;69;173;88;88
66;59;59;66;175;66
99;51;51;99;99;131
68;43;68;36;68;43
38;18;45;45;18;45
93;59;59;113;32;32
82;161;161;84;126;126
80;80;80;44;48;44
146;47;21;47;21;42
51;56;56;19;27;51
177;153;197;71;112;58
13;97;62;191;50;46
150;80;128;80;150;182
98;98;45;98;45;144
71;171;62;69;65;166
80;17;36;36;17;36
186;74;104;16;169;38
78;90;90;78;155;78
83;84;84;173;84;83
42;86;42;159;86;159
77;77;55;60;55;55
49;49;83;171;83;49
39;19;141;39;19;19
12;34;114;55;148;183
52;158;123;110;123;52
125;126;50;58;137;71
110;144;34;27;51;82
24;46;89;46;24;46
19;10;10;10;19;35
45;99;99;45;99;168
20;86;20;20;42;86
167;83;167;129;129;197
22;76;22;76;183;76
51;64;74;51;74;65
29;181;29;29;44;44
167;15;44;42;142;157
17;12;89;89;178;17
198;106;68;198;106;164
159;69;28;123;69;123
27;42;39;39;42;39
189;63;82;189;82;63
93;21;21;174;21;93
85;36;173;87;20;36
165;58;196;58;196;157
73;146;50;19;82;77
12;85;85;47;12;12
68;130;130;175;68;109
86;58;39;39;43;86
80;80;95;48;75;95
122;55;55;43;43;55
67;196;123;97;67;196
79;197;154;189;49;76
55;65;96;183;156;107
95;84;95;12;95;12
68;154;130;130;154;187
133;91;91;82;91;82
87;87;87;14;14;188
64;107;64;37;37;64
114;56;114;66;56;111
91;59;58;58;59;59
100;71;152;11;152;100
56;58;58;56;56;123
18;158;62;62;18;62
195;187;115;153;195;153
67;67;94;80;80;67
35;174;43;174;84;35
139;39;39;28;28;39
162;105;133;125;65;154
114;27;27;80;27;80
95;41;98;98;98;41
57;126;21;126;17;126
71;71;44;44;71;13
43;52;168;43;52;52
88;88;51;51;40;88
35;35;26;35;35;35
190;76;99;76;69;69
68;155;113;34;63;159
96;96;182;96;105;43
54;54;59;45;54;59
21;99;166;99;21;99
157;41;153;41;80;153
24;24;24;88;55;55
30;78;67;67;67;30
28;83;52;52;62;83
26;57;57;26;26;21
165;60;10;70;35;16
94;126;83;52;113;84
42;61;61;61;42;113
26;68;120;103;82;144
165;77;75;75;77;75
74;197;90;74;46;197
74;133;21;74;21;133
94;86;34;86;86;94
85;11;190;12;119;190
26;20;20;26;141;20
42;61;27;27;27;42
69;18;18;122;191;69
74;78;78;60;60;78
7;7;6;6;26;6
118;182;35;180;100;115
29;41;41;29;41;134
11;11;13;199;11;13
18;18;116;93;18;93
13;60;153;58;131;180
82;40;196;196;83;82
138;19;184;27;91;151
79;95;79;95;108;95
58;89;89;39;39;89
103;199;101;103;52;103
63;195;85;63;85;63
171;19;21;171;85;21
105;105;133;40;40;150
198;192;46;193;126;181
178;26;40;73;57;16
36;36;192;192;159;159
165;179;57;57;85;165
155;179;91;163;178;159
111;126;136;157;191;119
51;38;38;51;51;190
61;63;61;61;63;157
59;97;59;59;97;112
81;115;14;81;81;14
126;15;48;54;64;82
24;151;124;180;124;151
60;29;73;60;29;29
192;77;9;77;9;9
106;148;62;61;54;28
176;176;79;81;102;81
52;82;52;52;82;40
75;146;146;132;140;132
22;53;22;53;92;22
90;80;187;184;200;77
98;177;98;98;92;92
63;135;63;43;63;43
117;88;88;88;46;46
98;52;52;181;168;168
198;61;61;145;145;153
153;126;193;99;125;25
69;67;69;67;182;67
171;9;46;9;9;46
157;198;52;163;157;52
106;89;61;89;122;61
66;8;8;30;30;8
30;76;54;30;54;54
116;181;116;181;196;122
72;77;77;82;77;82
15;71;71;15;187;15
24;109;121;34;100;154
135;63;63;63;74;74
39;5;5;135;39;5
7;7;91;91;91;188
147;190;140;147;196;190
81;81;44;81;138;44
177;180;31;51;138;104
65;65;152;36;65;36
34;34;17;34;34;17
147;74;138;114;74;114
10;40;172;56;198;135
175;137;137;175;110;37
80;61;61;158;80;61
80;16;80;16;31;16
69;129;69;55;129;156
41;41;20;54;54;41
78;78;78;74;144;74
90;123;43;43;90;43
137;116;137;116;119;119
67;120;37;37;67;67
73;73;50;144;50;73
8;69;153;69;8;8
70;81;69;70;69;70
111;68;111;68;175;85
175;80;80;21;80;21
49;190;43;30;154;157
69;43;43;69;43;23
45;70;70;70;45;69
25;36;25;188;25;36
51;80;178;51;51;80
39;35;19;35;39;39
179;174;78;58;196;195
22;126;22;19;22;19
98;98;103;66;66;66
27;145;92;92;193;145
133;94;67;67;94;67
48;48;91;53;110;53
167;60;67;91;17;178
190;67;127;193;167;77
142;114;147;12;114;12
119;49;98;98;49;119
194;90;19;174;181;115
38;38;6;38;40;6
43;43;24;24;124;24
35;85;122;35;35;85
43;169;58;58;58;43
74;15;77;74;74;77
44;74;74;38;148;38
61;17;9;61;61;9
85;124;105;83;85;105
70;27;128;70;70;27
64;183;22;64;173;22
178;84;84;40;84;40
59;75;75;75;135;59
130;11;33;146;16;82
92;152;162;124;12;184
96;98;58;200;114;63
200;80;49;177;80;200
24;163;23;23;55;24
82;65;65;82;82;77
109;117;109;117;96;157
199;167;99;166;166;99
74;79;51;74;79;74
120;155;155;155;186;132
66;66;66;75;189;75
67;106;112;136;67;112
64;60;60;60;64;176
87;20;35;87;87;35
14;31;31;14;31;186
66;23;66;23;60;66
72;169;197;80;66;75
25;41;109;41;25;25
68;15;15;68;195;122
30;40;40;135;31;30
108;13;108;133;183;13
197;118;130;48;130;197
62;99;6;6;6;62
80;111;103;24;80;111
90;141;40;40;115;115
166;10;18;10;10;18
47;40;149;20;20;40
78;118;78;78;36;36
98;91;133;110;43;162
41;14;70;14;41;41
193;65;65;166;193;44
200;46;200;130;147;46
19;19;12;72;72;72
85;42;158;158;126;85
195;163;19;19;163;64
70;63;70;28;63;63
116;43;172;168;37;21
32;64;33;120;72;168
69;28;69;122;69;28
88;103;88;70;70;70
65;13;65;90;90;90
150;131;59;97;67;113
103;169;61;145;103;61
75;75;38;187;38;75
12;12;12;7;43;7
183;127;37;93;108;140
136;116;82;180;59;124
15;34;15;34;15;27
197;160;118;197;160;17
88;99;99;27;27;27
41;41;41;92;45;92
38;90;38;38;90;60
27;164;30;13;187;40
73;58;58;78;58;78
28;75;10;28;28;10
11;26;11;191;11;26
35;35;33;33;156;35
55;55;134;55;82;82
131;47;154;92;131;154
31;73;31;78;97;78
74;74;65;74;117;65
32;137;137;124;180;32
127;21;140;196;193;105
14;27;14;14;190;27
30;51;30;102;30;51
80;23;23;80;18;23
159;66;162;38;40;161
43;116;133;87;87;116
20;87;20;98;87;20
72;160;14;148;160;14
107;130;56;107;25;25
93;9;9;9;93;165
100;188;100;121;33;33
13;126;13;20;20;13
194;36;125;169;124;148
140;92;175;146;140;175
195;146;12;184;197;196
98;89;15;10;141;132
57;24;16;21;104;56
180;54;54;82;54;82
122;136;173;77;48;98
60;60;21;39;39;21
60;94;59;199;196;146
85;76;76;85;179;76
97;97;200;97;63;63
200;177;69;130;196;74
63;63;48;48;112;63
42;50;42;50;50;33
81;172;63;63;81;81
190;55;174;178;174;190
49;53;53;98;98;98
45;37;45;45;94;37
197;105;60;105;60;148
26;156;21;21;26;156
160;97;12;12;97;97
62;15;15;15;62;29
52;152;28;28;154;152
190;84;43;45;154;45
85;85;57;76;127;127
106;106;159;159;60;70
188;159;50;170;172;166
69;80;69;80;40;69
44;164;145;115;57;122
191;70;70;77;70;77
12;27;44;44;44;12
13;13;50;74;74;74
133;197;135;197;135;133
54;46;54;46;46;154
93;59;105;93;59;94
52;51;51;52;51;179
37;70;36;36;53;37
33;60;10;33;10;33
94;42;94;42;156;94
70;70;76;76;76;122
54;9;57;9;9;54
62;94;116;94;62;62
84;187;121;181;63;39
17;90;45;174;62;17
120;34;42;34;42;42
13;95;169;13;95;13
106;25;77;77;25;106
83;83;83;49;49;93
173;54;131;136;13;128
36;64;64;165;36;64
13;13;31;31;31;129
148;148;60;177;60;105
85;85;119;96;96;96
56;93;56;93;93;35
35;35;37;35;153;37
86;18;75;86;75;75
25;45;25;25;103;45
12;94;114;120;148;122
112;25;17;25;17;17
157;30;192;157;30;192
39;33;159;33;54;39
181;56;148;58;54;105
52;52;131;52;9;9
33;89;33;89;187;33
65;11;85;65;65;85
64;51;64;186;64;51
28;28;81;18;81;28
62;62;155;38;38;38
65;48;76;76;76;65
168;107;115;115;56;168
117;135;135;195;199;195
94;94;74;74;55;94
31;113;125;67;16;44
93;107;57;24;57;93
28;28;176;50;185;185
33;96;96;200;96;33
28;141;50;190;190;28
118;52;52;103;180;118
67;67;34;34;34;128
66;88;88;17;66;66
54;166;54;106;126;106
26;105;58;58;58;26
41;80;80;174;41;41
16;16;70;113;70;46
106;82;168;158;113;110
59;85;135;195;94;23
158;41;158;178;63;41
183;87;160;14;110;11
191;51;51;51;81;81
32;61;61;61;32;28
177;177;75;139;177;139
79;46;46;79;48;79
36;16;16;16;36;132
60;109;24;60;60;24
83;30;40;83;40;83
119;79;60;79;60;60
178;58;58;69;58;69
53;29;10;36;48;162
72;35;35;29;29;35
106;106;140;25;140;189
50;50;168;50;63;63
30;30;30;20;98;98
85;20;20;20;85;162
162;42;79;42;79;42
130;21;33;33;21;21
107;115;14;115;31;31
142;37;142;148;40;37
27;105;27;27;30;30
36;36;36;92;51;51
15;15;45;157;15;45
147;36;36;36;73;73
55;172;96;141;106;17
70;70;149;31;85;121
95;122;31;186;46;49
10;37;10;88;10;37
59;94;59;26;26;59
163;94;99;56;65;86
38;171;55;171;55;28
147;165;139;165;145;163
49;62;62;49;49;170
48;86;16;16;16;86
28;60;28;60;28;116
104;104;56;116;197;56
21;194;115;21;118;120
135;41;159;135;109;159
9;9;77;77;77;93
111;178;125;20;191;181
70;70;63;63;63;197
79;28;81;79;28;28
29;14;29;14;38;14
78;78;88;88;77;88
25;95;95;95;130;25
158;53;35;181;29;37
146;24;38;169;146;169
40;71;40;30;30;40
59;20;20;32;20;59
14;14;174;161;174;161
37;152;82;37;82;37
11;11;47;47;15;47
18;64;121;48;125;89
10;10;25;10;19;25
25;65;25;53;65;25
78;163;92;78;78;92
30;13;13;30;68;30
104;120;15;120;15;54
71;150;68;68;71;50
23;23;37;182;80;80
63;63;149;85;85;85
43;54;130;34;34;43
40;33;111;48;38;48
65;118;65;44;65;44
192;64;114;116;10;123
141;42;149;33;22;39
56;88;104;143;104;56
48;117;140;191;191;29
170;103;62;64;78;86
174;13;105;152;107;33
93;93;154;93;21;21
96;28;28;28;135;96
170;92;129;175;87;93
195;39;195;165;50;39
180;145;39;66;104;90
158;58;40;40;58;58
164;64;109;137;164;109
151;23;115;151;29;23
129;9;19;9;9;19
149;28;25;25;28;25
180;189;164;123;163;63
85;55;174;50;50;174
104;90;147;122;122;90
21;69;69;69;21;49
53;137;43;191;43;137
63;84;84;96;96;96
107;177;92;107;177;12
27;54;103;141;169;77
87;200;200;196;159;159
195;199;190;91;104;135
152;95;167;121;53;144
42;152;160;195;83;13
173;58;50;75;21;134
41;197;41;41;52;52
82;82;82;52;84;84
90;90;52;52;90;87
14;53;105;30;105;14
193;45;193;45;34;34
43;152;150;68;157;100
162;130;81;162;130;104
33;95;95;33;51;33
39;39;86;39;32;86
71;51;96;10;76;17
150;69;31;69;69;31
128;128;41;190;74;190
8;8;84;84;97;84
31;14;76;187;196;141
142;125;60;142;125;60
31;61;31;42;61;31
67;142;200;153;59;63
31;33;101;180;140;58
60;134;112;106;33;21
15;96;40;34;15;96
168;60;60;79;60;79
139;135;105;13;139;92
108;111;197;127;148;151
70;71;79;71;79;79
10;85;85;85;10;25
10;184;19;10;184;45
142;67;146;67;44;119
79;179;54;18;19;75
23;184;174;161;79;52
68;124;186;186;56;68
23;23;23;6;117;6
29;110;53;53;53;29
96;79;79;79;49;49
189;189;200;160;160;184
79;18;45;79;18;18
24;91;24;91;24;120
62;187;85;187;121;121
137;96;43;138;18;22
188;65;64;64;64;65
42;55;55;96;42;42
26;161;26;97;26;97
28;93;25;93;28;137
192;57;73;57;73;192
31;163;112;176;164;80
103;46;45;133;185;98
154;66;20;66;20;66
71;45;199;137;54;44
55;31;55;126;31;55
5;56;5;162;56;56
52;7;42;42;7;42
27;87;27;87;87;174
160;95;160;95;116;116
83;7;83;83;55;7
194;10;10;148;194;148
119;77;159;159;119;77
145;141;141;121;57;121
99;23;99;23;28;23
172;112;172;42;42;112
52;70;45;97;103;194
90;119;90;90;94;94
73;95;73;115;95;95
84;84;69;69;84;152
9;178;9;30;30;9
75;75;38;38;94;38
129;122;65;64;122;129
17;67;196;67;17;67
61;97;20;20;61;61
24;20;20;20;61;61
22;22;26;22;94;94
83;161;81;134;134;161
55;97;55;97;124;97
60;51;38;60;38;38
18;69;38;69;18;18
66;53;156;141;24;184
44;69;69;69;44;44
143;186;69;97;86;177
107;123;177;177;74;123
59;92;59;59;92;45
96;75;96;162;75;75
63;49;148;49;63;49
169;138;92;167;167;60
80;91;29;140;164;29
57;90;14;57;14;14
66;71;85;75;71;66
97;181;168;166;196;129
46;46;113;46;21;21
173;87;85;46;47;34
27;179;175;141;86;187
59;59;23;49;23;23
117;82;105;105;148;117
71;27;27;150;71;27
155;89;155;108;80;89
87;44;119;172;47;114
64;174;144;85;176;175
95;191;79;191;95;98
96;63;163;69;163;96
91;38;156;91;91;38
23;132;23;28;28;23
23;106;23;22;22;22
72;72;55;72;55;186
74;74;106;106;136;48
53;61;105;105;61;74
87;12;72;180;192;80
65;141;65;141;24;36
105;105;54;74;104;74
52;12;12;12;69;52
138;194;134;138;171;134
38;40;40;144;40;38
65;65;22;22;22;200
28;125;44;28;44;44
81;79;81;91;91;81
66;66;82;196;66;82
53;25;53;83;53;25
8;8;8;8;152;8
86;86;16;29;16;16
30;61;61;81;61;81
54;38;31;54;72;72
23;65;197;23;65;23
77;14;133;75;151;45
48;67;48;190;67;67
64;64;84;44;84;34
194;139;194;139;28;109
141;172;200;130;124;162
63;31;63;89;89;89
61;61;31;61;80;31
189;189;95;47;126;126
25;25;155;31;31;31
177;99;177;34;99;113
72;46;72;72;46;77
77;175;77;94;94;94
80;10;80;126;10;10
177;10;53;177;10;176
94;16;94;94;21;16
89;21;158;89;21;21
67;67;65;65;162;65
41;42;41;41;42;29
28;187;33;28;33;28
109;32;76;76;32;76
145;40;125;190;40;190
24;112;162;166;43;103
32;96;96;43;43;96
95;95;97;95;97;95
29;13;130;127;130;127
74;48;57;48;57;57
56;20;20;5;20;5
73;37;50;73;37;37
100;143;70;176;70;143
20;196;137;196;50;20
69;34;88;88;69;69
98;79;23;187;29;119
72;72;21;21;59;21
99;78;78;97;99;78
129;169;129;169;170;170
96;76;76;76;149;96
20;178;20;176;178;117
65;146;84;126;154;119
19;175;110;121;135;71
35;185;49;49;35;49
69;62;62;124;62;69
144;122;149;40;33;14
55;42;57;42;55;57
64;159;158;168;168;64
58;89;185;179;174;88
46;137;46;66;66;66
71;98;71;56;98;71
11;11;33;11;27;33
86;25;92;92;86;92
45;145;21;21;45;21
128;40;120;177;155;101
66;68;179;161;193;89
33;58;66;66;66;58
64;75;168;135;74;169
10;90;10;10;147;90
54;77;114;77;54;77
60;16;60;60;30;16
175;60;26;58;26;175
82;75;82;174;75;82
29;35;29;35;29;149
21;54;115;69;54;21
125;99;44;158;132;184
34;34;185;11;11;11
87;35;87;167;35;35
90;90;56;56;56;96
49;56;49;49;29;29
65;85;65;85;65;69
154;31;185;31;170;185
25;114;133;114;25;74
14;14;14;158;16;16
64;64;19;22;64;19
188;89;157;157;188;89
74;104;157;104;71;157
49;94;49;9;49;9
30;30;30;71;148;71
126;20;126;155;50;155
96;166;96;49;96;49
94;94;15;49;49;94
127;155;16;16;127;175
97;68;68;87;97;97
171;55;29;171;20;29
84;84;81;38;38;84
38;98;38;110;98;98
179;21;144;180;108;103
122;65;30;65;30;30
188;86;86;21;107;107
175;94;175;32;94;178
142;45;18;179;89;124
28;197;12;28;12;23
75;44;59;59;44;44
70;80;94;94;94;80
98;98;125;49;49;49
162;61;180;61;61;87
22;23;22;23;152;23
100;89;175;156;89;175
88;25;25;163;88;25
26;171;107;171;107;124
183;183;13;88;174;88
92;160;79;176;189;92
102;172;76;149;45;131
194;120;50;120;50;194
53;47;47;47;47;53
70;79;70;195;79;79
99;99;55;99;55;42
52;30;78;115;130;29
49;101;49;43;49;43
20;36;132;20;67;36
88;16;23;70;70;70
123;35;40;35;35;40
10;87;89;194;194;89
48;58;185;62;48;58
56;17;17;90;90;17
76;76;77;77;77;162
64;32;91;90;91;64
86;171;121;159;178;130
80;86;190;131;105;99
21;21;80;80;117;21
21;138;138;22;136;22
15;45;52;52;52;15
94;73;173;102;79;193
155;158;100;97;195;93
27;41;27;111;27;41
28;18;17;28;18;18
27;27;27;62;62;196
60;167;109;119;83;189
36;163;163;164;63;36
49;188;193;192;193;49
81;81;81;89;141;89
68;65;68;40;65;177
49;139;98;98;49;49
75;49;49;63;75;75
173;43;145;133;26;136
117;18;120;180;16;123
133;164;133;164;120;12
141;81;21;141;81;61
12;53;20;12;20;20
48;48;155;96;96;48
89;189;43;143;83;31
97;10;149;173;169;195
87;87;98;87;98;182
98;76;147;87;147;87
87;179;92;179;104;87
172;75;45;185;45;172
61;72;103;72;72;61
15;58;113;44;113;15
85;85;74;74;29;74
37;37;91;91;57;37
34;81;81;68;68;68
113;49;113;49;175;41
112;70;15;143;179;58
46;132;46;52;52;46
96;96;58;58;53;96
68;30;148;30;113;148
67;165;34;67;34;34
33;199;33;199;130;130
91;113;68;68;68;91
105;177;45;138;187;107
136;81;81;81;40;40
87;142;30;87;87;30
8;174;10;8;10;10
116;98;71;98;71;71
134;14;14;68;68;105
50;77;77;77;50;10
23;33;33;125;33;23
33;126;33;149;98;126
104;44;104;112;112;186
11;52;52;81;135;11
17;97;17;97;54;97
92;92;46;92;152;46
29;29;29;66;17;66
96;155;96;92;139;96
145;17;27;133;122;198
74;105;192;192;105;194
180;56;56;20;56;20
108;107;190;46;74;126
76;12;128;154;146;164
46;89;89;46;89;159
200;87;144;125;154;104
83;48;98;98;48;48
26;14;26;150;14;150
108;108;117;108;29;182
32;52;99;106;70;176
66;68;66;177;68;66
75;94;154;181;173;71
177;11;74;78;78;74
88;147;77;88;77;88
145;121;171;171;145;111
18;65;11;65;18;18
14;106;14;47;14;47
110;15;110;15;43;87
93;93;76;93;52;52
128;123;158;123;128;120
36;26;26;26;15;15
30;123;109;30;20;20
51;26;81;81;26;81
30;140;29;29;30;30
113;113;135;154;135;154
27;46;165;23;144;170
148;60;25;111;12;133
84;119;60;60;141;119
173;88;173;19;125;88
137;83;114;114;116;83
59;59;25;57;59;25
159;142;158;78;159;158
30;12;194;12;30;30
82;104;168;163;120;105
137;73;153;73;69;144
96;80;27;80;27;80
92;76;64;189;151;25
83;172;25;153;25;153
129;129;62;123;164;164
154;67;6;67;6;6
89;121;53;77;73;15
137;147;137;34;147;34
12;178;178;159;159;156
91;91;63;12;12;91
59;134;96;96;96;59
91;72;91;134;72;72
133;55;65;55;39;39
165;41;134;41;34;34
105;72;125;125;65;105
97;143;78;78;97;97
106;47;47;178;106;85
76;179;36;76;36;36
106;124;149;51;146;99
111;60;143;111;60;32
21;118;149;21;112;149
63;47;47;23;23;47
16;38;176;38;16;16
85;19;19;168;85;19
200;200;200;45;44;119
164;82;21;42;60;35
39;157;9;39;39;9
91;73;101;73;91;73
171;182;180;152;48;72
14;33;14;33;190;33
151;61;164;61;164;160
84;85;29;85;85;84
22;22;48;22;48;54
90;23;90;23;160;90
177;172;105;181;177;105
107;41;90;41;90;90
114;144;180;103;195;96
17;5;163;5;17;5
86;24;24;86;86;89
133;114;135;135;27;157
43;37;32;37;32;32
176;157;186;141;191;61
103;165;42;165;103;62
138;138;57;168;57;168
115;30;83;70;117;195
156;149;116;94;156;116
128;121;128;176;132;176
159;56;43;175;77;46
72;10;72;10;72;72
5;30;30;5;190;30
103;179;71;103;71;120
99;196;87;99;87;99
70;15;12;125;48;39
82;115;162;92;76;127
176;173;173;40;93;176
54;158;130;54;69;129
124;175;45;52;52;45
161;176;176;34;34;73
165;79;185;180;37;85
7;7;40;40;7;75
82;85;82;85;93;93
168;168;125;74;88;125
117;117;104;153;104;184
6;80;80;80;6;39
59;75;40;40;59;40
94;48;41;41;48;48
44;99;32;44;44;32
140;84;140;79;112;112
56;29;72;29;29;56
46;50;46;46;116;50
116;186;196;116;186;196
32;79;80;32;32;80
56;56;172;58;58;58
55;50;88;50;88;50
69;165;148;69;97;97
37;185;132;132;150;150
51;88;164;199;171;27
52;86;86;52;168;52
75;75;43;59;59;75
65;96;24;24;96;66
82;46;46;82;46;126
84;84;94;84;94;19
29;114;29;16;29;16
49;77;77;52;52;52
51;183;83;83;51;51
60;131;97;88;41;107
62;58;58;90;131;90
34;186;5;5;34;34
51;87;87;87;45;51
174;133;79;113;15;17
163;59;127;59;163;173
61;67;67;67;61;55
36;73;36;73;36;193
186;76;110;131;62;165
36;47;47;36;128;47
105;105;126;126;54;138
18;145;58;58;18;58
41;69;17;17;41;17
37;37;27;88;27;37
57;32;184;32;57;32
25;83;49;83;190;49
34;34;99;99;51;51
91;14;14;33;33;14
36;36;129;49;49;49
114;114;185;179;185;179
99;28;62;62;62;28
88;45;67;44;88;44
117;134;101;182;75;128
133;29;137;130;137;133
11;11;23;46;11;46
99;99;59;41;59;59
97;68;91;68;145;97
191;99;77;77;99;77
65;71;71;71;65;98
164;36;71;36;71;71
34;59;166;34;59;34
57;178;99;57;57;99
59;60;59;60;47;60
28;191;28;93;191;12
165;69;149;134;161;41
60;70;60;20;20;20
171;160;157;103;157;171
54;16;49;54;16;54
189;189;104;20;86;189
84;166;167;138;156;77
196;43;141;195;78;121
130;66;66;43;43;66
16;80;50;50;16;16
20;20;130;20;40;40
167;150;33;81;84;69
100;106;165;100;106;165
66;19;19;12;19;12
84;168;46;178;179;40
91;24;24;30;24;30
73;97;73;50;97;73
168;139;39;93;190;97
15;120;103;182;163;87
182;37;111;33;182;111
190;190;186;85;186;113
160;160;15;15;19;99
152;94;30;94;94;30
183;81;109;36;81;36
83;37;37;26;37;26
199;39;61;39;61;39
46;37;90;37;90;197
96;21;83;83;83;21
93;183;162;97;111;139
75;39;38;75;38;75
90;17;90;17;90;49
6;36;36;193;6;6
48;48;112;46;48;46
13;83;184;67;92;122
59;59;76;76;93;76
86;86;29;156;29;29
82;85;82;99;99;82
16;94;16;47;47;16
33;79;33;89;33;89
125;195;70;195;70;125
121;121;136;102;40;136
13;62;47;187;26;188
110;195;23;88;29;152
80;101;168;101;168;140
180;165;180;170;46;165
51;71;51;99;51;71
60;31;31;60;40;31
91;57;57;49;57;49
167;17;105;115;133;40
40;40;84;185;40;84
52;175;94;89;159;87
13;28;114;110;125;99
48;19;48;151;19;48
145;104;151;133;104;151
52;150;52;52;42;42
84;97;89;75;68;195
98;109;142;125;140;37
81;35;81;35;81;129
100;145;136;100;57;145
188;67;113;188;67;138
98;198;74;74;98;98
17;152;17;55;55;17
128;55;102;40;103;189
8;44;44;185;8;44
115;165;115;165;75;135
58;131;199;131;58;154
109;107;45;178;153;11
60;76;95;76;60;76
37;10;37;96;96;37
26;26;26;159;81;81
161;70;24;172;199;160
16;16;75;75;16;91
55;55;55;99;62;99
76;99;142;76;99;99
54;10;54;90;54;90
78;78;45;128;78;45
115;115;120;132;115;186
75;96;65;65;65;75
17;37;93;90;17;93
42;117;33;194;161;58
78;96;78;186;96;78
13;112;112;59;164;164
122;149;118;149;166;166
190;177;30;12;154;140
161;91;161;99;125;125
191;151;151;191;74;74
95;117;26;26;95;26
133;146;158;129;110;134
110;118;110;118;161;161
136;134;155;176;86;12
33;43;33;43;175;43
36;194;89;194;36;83
115;191;98;191;115;82
9;77;9;125;9;77
191;31;31;44;44;31
178;161;153;47;106;60
133;73;79;73;73;79
122;31;122;165;96;85
196;148;17;53;18;140
8;57;57;8;89;8
16;16;189;16;16;16
194;194;104;61;104;53
185;143;150;150;143;31
58;58;87;87;87;149
107;185;185;43;168;168
197;197;155;155;59;49
35;35;77;50;77;77
93;118;69;195;143;111
16;43;194;26;194;30
28;40;198;50;146;167
25;59;59;41;41;59
15;15;64;64;64;134
144;144;157;151;151;200
96;67;96;96;36;67
84;37;37;84;194;37
20;20;91;56;20;56
153;137;137;92;92;153
42;20;38;67;122;25
80;42;42;80;39;115
10;156;139;24;177;161
111;118;70;165;120;74
166;31;56;122;125;162
130;171;48;48;171;130
126;43;41;41;126;43
190;183;143;141;39;160
15;14;15;14;186;14
9;9;167;78;9;78
82;23;82;16;16;16
44;136;27;44;27;27
184;121;145;100;145;121
94;27;109;141;11;161
68;66;66;68;66;169
32;39;69;32;32;39
75;20;20;75;20;36
172;63;49;63;49;63
22;89;15;89;22;89
69;69;20;39;20;20
91;60;60;91;70;91
89;10;89;10;65;89
197;197;43;155;28;28
78;13;13;78;65;78
192;98;106;98;106;192
47;47;67;54;67;47
90;96;96;90;90;46
55;51;176;51;176;167
41;41;144;28;28;28
96;120;96;180;65;180
13;104;172;104;84;84
161;81;108;91;183;64
96;185;130;33;96;33
81;89;173;191;148;34
105;105;105;112;112;30
50;13;183;50;80;183
94;94;96;94;80;96
28;28;86;11;28;11
131;88;140;99;112;194
200;149;17;17;200;31
98;98;148;11;11;98
40;40;5;163;5;40
61;116;74;105;132;86
117;121;121;125;194;117
157;181;157;51;181;51
65;66;66;134;65;66
85;85;171;85;45;45
55;63;55;139;63;63
11;43;60;43;11;11
134;68;145;97;33;68
177;99;27;177;25;25
66;23;65;65;66;149
28;160;28;160;85;38
178;87;56;87;56;87
129;178;141;178;141;133
182;77;100;77;100;55
73;75;102;184;73;184
23;155;20;170;170;23
175;21;128;145;67;104
38;89;89;89;39;39
194;29;194;131;194;181
123;155;90;155;90;123
149;149;48;85;48;62
75;75;22;22;80;22
73;73;73;22;179;22
166;108;133;13;89;83
142;52;83;52;83;52
77;77;9;28;9;77
29;55;30;29;29;55
50;103;181;103;129;50
79;79;95;79;147;95
50;94;129;50;94;94
106;157;109;158;99;183
139;38;172;34;191;45
75;15;75;75;15;15
49;186;49;186;179;20
49;44;49;49;40;44
74;68;74;113;151;68
33;55;30;33;55;33
109;156;156;109;64;36
84;34;33;33;33;34
43;43;93;43;93;51
58;23;196;22;23;58
88;80;88;37;15;37
45;45;106;106;83;83
72;55;55;156;72;72
54;18;130;54;18;18
191;76;37;76;76;37
140;12;34;176;42;22
8;8;8;8;8;77
86;51;131;86;88;81
63;53;63;63;53;109
33;33;46;46;46;36
67;36;49;49;67;49
139;22;97;97;97;22
30;31;30;175;31;30
189;85;65;29;85;29
182;35;35;35;60;60
94;94;11;11;11;38
76;76;128;160;128;76
92;170;42;31;162;80
176;15;33;154;184;89
187;51;200;41;88;194
37;37;37;171;37;37
76;111;51;76;111;185
172;174;168;172;157;157
12;12;63;181;197;181
58;17;36;146;36;146
14;166;58;14;39;14
62;62;62;20;182;20
54;57;57;183;193;54
53;53;189;78;78;53
104;104;35;186;108;108
68;48;129;129;185;68
115;25;48;48;25;25
171;126;98;126;183;183
29;18;196;101;29;196
85;63;63;69;85;85
198;198;13;165;13;96
96;59;96;30;96;59
57;164;57;164;19;89
161;167;12;153;46;195
84;78;78;78;84;58
72;72;12;185;72;12
10;162;50;10;10;50
90;125;98;98;90;98
65;92;45;92;65;92
26;26;15;26;15;126
108;47;26;26;118;108
5;150;45;45;5;5
119;115;186;26;26;186
27;69;115;69;27;69
87;46;87;87;46;15
162;194;161;78;15;102
90;194;194;80;91;80
111;56;22;38;56;38
194;194;31;31;159;31
94;94;11;11;11;70
92;10;91;10;91;91
17;17;43;43;188;17
56;56;5;5;56;75
43;43;86;86;91;86
38;38;31;31;149;38
98;76;98;50;98;76
71;54;77;54;54;77
193;76;66;101;136;192
36;147;76;99;107;72
35;96;39;31;32;143
134;28;28;20;20;20
171;171;194;173;45;45
67;94;67;94;67;87
30;30;91;16;91;91
135;80;188;188;188;77
72;180;177;70;200;71
77;157;77;77;37;37
158;158;195;160;160;159
37;67;67;37;67;13
51;133;40;37;124;34
85;176;142;67;197;112
22;27;22;74;74;22
32;53;53;179;31;31
89;89;14;89;14;156
89;159;53;89;53;53
181;27;27;83;83;181
153;103;193;103;41;193
78;159;32;78;154;32
43;17;123;17;43;43
186;65;57;65;57;57
193;20;65;65;65;20
68;68;86;86;86;29
72;95;95;38;95;38
34;34;14;34;19;19
43;196;103;126;76;156
10;10;24;76;110;24
133;180;167;66;29;26
102;45;119;102;44;102
90;11;49;49;11;49
115;61;61;61;12;12
7;7;60;97;7;60
26;26;26;135;26;135
13;60;88;13;60;60
127;127;34;26;131;26
178;114;41;129;130;173
178;93;178;106;188;178
34;163;55;34;174;103
199;158;129;125;129;199
17;17;10;10;53;10
15;15;25;15;150;25
110;28;28;5;28;5
57;57;27;27;28;183
198;83;75;200;176;56
75;126;16;16;75;16
10;90;90;90;80;10
9;95;9;95;9;78
81;15;116;15;81;15
120;121;121;120;31;31
192;192;82;165;28;28
181;58;185;181;58;84
175;57;119;177;119;57
40;40;40;168;31;31
184;133;82;133;61;82
174;26;52;26;26;52
61;29;80;80;80;61
76;81;76;81;109;81
6;85;6;6;124;85
63;109;50;127;177;17
33;141;25;33;25;33
86;91;171;69;69;69
83;58;58;82;83;83
39;84;84;39;89;84
9;10;9;10;10;94
9;44;27;9;27;9
105;140;61;181;194;89
166;186;107;64;144;130
110;53;153;172;22;41
131;144;179;125;118;145
94;126;91;180;99;197
63;22;63;63;22;92
42;187;72;16;34;43
192;97;108;192;32;32
12;172;39;16;41;40
83;162;151;15;83;162
84;21;27;21;21;27
116;44;21;44;44;21
189;72;41;70;27;139
163;102;160;104;163;104
166;133;83;171;21;28
46;16;47;16;46;46
60;148;148;60;19;19
38;29;29;87;87;87
98;74;119;74;74;98
130;76;82;144;173;103
128;46;117;46;71;71
156;156;37;183;156;156
56;72;56;44;72;56
23;80;16;130;39;14
93;88;93;25;88;88
51;181;21;51;51;21
178;178;148;54;88;54
118;118;137;114;126;114
17;17;15;15;17;147
124;196;166;196;124;137
109;15;196;160;106;101
91;74;68;91;68;52
86;27;171;119;15;146
49;121;169;150;21;185
122;82;83;122;104;82
56;23;183;111;26;59
84;84;36;132;52;132
58;195;22;81;142;12
80;87;54;125;181;196
79;51;79;79;37;37
79;74;74;79;198;74
64;148;21;184;75;42
137;32;191;137;32;191
10;181;88;10;156;156
147;44;35;87;110;19
62;55;55;62;62;85
33;189;6;33;6;33
55;84;199;62;111;17
152;49;186;194;54;189
37;96;199;77;77;96
114;114;136;71;136;75
28;165;28;44;28;44
163;163;21;15;21;136
67;67;140;150;35;67
87;47;87;29;47;47
39;50;50;39;114;39
70;70;197;43;70;43
129;16;72;72;16;72
83;83;11;68;11;83
37;88;121;37;37;88
54;34;146;146;73;73
78;33;123;61;93;20
31;99;99;61;61;61
43;42;43;161;42;42
91;38;33;91;38;91
196;166;143;180;45;142
10;10;10;59;59;73
23;30;27;27;27;23
106;88;172;45;86;23
172;54;95;57;132;23
39;109;128;151;128;151
70;21;85;160;85;160
17;17;34;166;34;34
22;22;75;22;86;86
100;85;143;136;23;163
28;196;42;141;15;76
26;74;26;26;6;6
122;76;57;76;57;76
184;29;29;17;17;29
142;163;148;56;148;56
84;82;34;84;82;82
120;153;12;33;31;154
97;22;126;127;170;176
26;53;39;34;38;27
20;119;119;127;20;127
169;199;140;166;169;199
199;54;54;54;98;98
61;179;85;85;85;61
191;86;183;29;29;191
92;36;91;91;36;91
176;170;176;170;193;193
185;82;11;11;82;16
7;31;81;7;7;31
177;177;150;141;173;173
70;70;184;66;66;162
73;158;137;137;73;158
79;68;79;68;200;79
99;15;99;62;99;15
53;137;50;53;50;53
90;90;87;90;87;87
150;171;171;150;21;160
170;164;13;126;64;47
157;172;112;54;27;88
143;111;66;150;151;35
18;18;12;148;12;183
139;133;133;192;125;192
65;28;129;129;65;28
170;65;74;197;74;65
69;69;114;176;101;101
35;23;35;35;35;23
35;111;35;27;27;35
80;53;37;80;80;53
148;62;5;5;5;62
98;98;5;189;98;5
52;110;72;168;141;177
163;190;97;37;41;161
82;87;82;91;87;87
83;83;83;14;14;142
51;56;63;131;56;131
151;75;75;91;91;75
22;28;139;124;118;180
197;197;199;97;199;142
6;27;6;6;112;27
129;167;30;181;91;30
59;31;91;91;59;91
24;147;24;27;27;24
142;88;13;142;88;13
8;99;8;99;8;137
13;92;24;92;13;92
114;73;54;54;114;73
72;72;135;65;65;65
11;82;131;82;82;11
110;99;47;99;40;47
37;105;55;105;52;55
83;83;56;71;71;71
170;66;31;31;170;66
104;17;31;31;17;17
94;94;94;166;48;48
15;50;50;86;15;15
52;114;52;43;43;52
47;47;87;87;163;47
56;96;56;56;184;96
32;41;60;22;159;73
82;194;194;105;134;134
37;10;37;10;10;31
76;22;22;76;64;76
29;198;84;29;84;84
144;110;195;53;99;141
86;116;26;86;86;26
7;10;10;54;10;7
118;109;41;20;67;143
10;67;10;10;67;142
32;26;115;32;26;32
26;41;97;26;97;26
62;72;11;62;62;11
146;171;146;149;171;149
77;158;158;26;26;21
24;23;23;194;24;23
23;80;128;93;128;80
50;23;23;23;50;70
10;136;10;133;62;62
83;151;136;187;166;96
162;45;177;85;90;97
95;71;71;95;89;71
13;148;96;87;160;87
16;24;24;38;24;16
72;72;40;40;82;72
16;16;85;193;85;16
98;193;98;134;74;74
86;29;86;24;24;24
95;21;28;95;95;28
14;72;98;72;98;98
127;152;37;36;39;44
8;44;44;196;8;44
25;92;92;92;25;92
35;19;29;35;35;29
84;40;42;135;135;99
74;45;43;45;74;48
95;34;46;46;46;34
46;10;98;98;10;98
88;97;88;97;195;97
19;75;178;103;172;176
58;105;73;58;73;73
89;124;121;89;174;121
197;172;95;167;50;139
161;88;88;88;78;78
169;147;18;191;47;120
80;99;183;99;99;80
199;199;171;41;171;41
91;75;91;69;69;91
69;172;54;177;79;20
177;141;34;199;171;141
23;198;114;144;118;135
60;22;60;60;66;66
143;154;143;154;177;137
161;87;178;138;48;56
94;105;105;94;84;84
51;45;45;106;45;51
192;179;190;192;179;119
64;33;64;134;33;64
106;120;162;168;191;159
33;164;164;56;126;56
63;80;36;63;63;36
122;161;161;38;122;38
31;179;31;179;31;71
149;166;149;198;105;198
132;42;31;31;42;31
78;45;45;197;78;45
12;54;54;104;74;104
74;63;74;74;137;63
15;15;94;94;15;27
39;21;21;17;17;17
185;59;58;148;99;94
69;87;69;87;69;169
174;94;52;52;94;52
12;98;128;99;26;115
166;142;96;25;92;52
60;40;60;13;60;13
17;146;74;74;17;17
48;70;48;48;8;8
169;43;60;64;60;43
88;123;184;123;184;10
58;58;59;59;59;179
22;14;71;71;22;14
132;31;132;11;31;11
7;65;65;65;102;7
89;29;174;24;24;174
64;38;64;38;38;144
52;52;150;41;52;41
118;37;108;108;37;118
109;63;50;63;109;19
98;106;122;121;111;56
17;135;115;38;65;164
44;91;123;44;91;91
99;99;18;99;18;126
21;21;21;39;47;47
198;74;32;130;130;32
148;39;56;56;39;39
65;69;69;69;69;69
128;48;69;62;69;48
113;90;51;90;51;90
30;22;97;30;30;178
71;190;44;71;44;44
53;42;42;53;42;155
11;88;13;88;13;12
75;30;30;75;75;124
68;14;14;68;106;68
68;99;68;99;148;99
33;96;96;33;96;36
134;24;105;24;105;199
52;38;27;38;52;52
84;43;43;84;106;84
32;47;32;32;47;181
144;165;39;26;197;93
30;173;30;65;65;30
27;98;6;6;6;98
152;65;65;79;79;65
88;10;196;88;120;120
54;54;54;85;85;95
39;39;56;39;90;56
196;177;114;47;32;187
22;22;73;73;144;22
78;78;43;122;43;78
90;176;90;28;55;55
77;95;95;77;95;152
70;186;50;184;146;177
7;28;7;7;161;28
122;56;56;56;50;50
84;121;98;84;98;154
193;72;132;41;41;72
26;77;77;26;26;92
183;35;36;16;133;11
172;76;187;53;145;14
165;42;24;86;88;176
188;176;176;85;176;85
28;61;7;7;28;28
80;80;80;126;33;33
183;37;37;183;186;188
65;177;70;177;70;138
44;44;44;5;5;119
45;45;38;38;38;12
109;103;107;185;158;174
108;171;166;68;58;141
33;44;13;33;44;44
44;166;150;72;22;73
24;71;62;187;71;187
150;40;40;16;40;16
31;31;132;145;118;118
25;59;162;25;25;59
27;51;51;27;27;152
96;45;78;159;96;159
116;96;171;47;149;136
88;40;88;40;132;88
187;197;77;32;113;74
165;144;38;121;11;33
36;36;87;87;198;87
47;47;193;193;188;56
184;24;188;146;48;155
182;174;162;102;97;66
58;14;54;14;14;54
74;135;28;75;166;40
130;172;97;50;106;171
28;12;125;12;93;125
92;192;192;92;153;116
165;125;197;165;197;69
130;130;122;15;15;155
45;92;45;128;67;92
7;7;47;103;47;7
93;93;189;70;38;38
92;19;30;116;92;116
96;96;159;63;63;63
52;55;52;25;55;52
49;25;49;25;49;108
12;25;46;12;12;46
174;97;19;51;40;111
141;173;111;141;145;145
81;81;62;62;168;81
86;186;86;44;44;44
88;88;88;63;40;63
64;71;174;27;64;71
178;114;59;200;38;186
185;92;92;13;13;92
20;132;53;132;97;20
51;51;89;89;40;89
113;144;144;42;150;113
74;179;185;192;59;108
59;40;73;59;59;40
11;167;167;165;121;16
183;183;33;179;179;52
151;134;196;196;55;134
32;32;32;44;91;91
86;64;64;27;64;86
61;51;51;19;61;51
76;69;76;76;113;69
75;21;75;21;162;21
46;46;61;46;61;94
27;28;29;29;27;29
55;55;116;82;55;82
66;14;14;66;131;182
150;34;148;103;35;140
72;45;45;45;72;53
20;114;67;20;67;20
7;16;7;7;16;45
107;47;173;173;94;47
16;47;11;172;47;16
146;32;199;187;73;79
69;69;48;69;135;48
178;42;178;73;199;199
70;97;88;88;88;70
65;65;65;144;47;47
51;191;124;124;61;51
99;66;66;99;99;11
176;91;21;21;91;91
23;20;23;178;20;20
109;183;65;113;166;93
162;94;88;57;92;35
86;109;109;54;101;54
22;43;22;43;182;13
84;16;16;27;35;27
91;85;91;91;74;74
27;51;27;22;51;27
38;94;38;38;94;87
97;97;54;97;189;54
194;86;86;141;103;103
67;160;67;67;88;88
73;76;185;96;47;116
112;54;59;59;59;54
99;99;92;178;92;99
56;16;53;63;16;159
33;67;158;33;22;158
25;76;149;195;117;42
159;30;30;30;48;48
86;90;90;93;193;93
24;81;81;24;81;49
102;70;70;102;113;113
188;147;147;147;123;123
50;50;15;21;21;21
135;135;27;27;24;59
115;85;145;85;15;15
14;90;109;14;90;14
32;21;32;32;12;12
11;98;11;98;11;90
58;9;72;72;9;72
79;69;20;154;14;154
186;186;104;166;166;82
18;144;35;18;24;35
42;93;47;42;47;47
126;183;122;177;45;33
64;30;30;147;147;41
166;113;71;59;197;182
29;29;83;83;109;29
125;187;82;146;182;43
69;77;50;77;69;77
73;196;25;167;130;33
39;62;62;62;39;161
67;174;91;91;41;174
74;134;135;43;107;75
40;129;173;173;40;62
28;52;52;196;28;28
43;43;157;65;65;65
52;46;52;102;46;173
77;67;67;77;77;30
83;83;118;83;88;88
175;81;156;124;20;72
44;44;44;123;64;64
45;45;45;78;50;78
120;17;168;17;168;120
156;66;66;57;57;57
90;30;30;30;145;90
41;46;46;179;46;41
187;65;50;169;84;100
80;80;25;25;80;149
14;83;14;199;146;83
100;185;157;157;185;141
73;73;11;11;73;17
54;131;197;178;160;161
96;96;96;55;110;55
68;171;95;124;56;134
194;157;152;195;77;43
75;21;75;75;21;95
42;81;42;43;81;42
188;46;25;11;165;154
34;8;121;34;8;8
31;50;50;50;98;31
84;55;143;55;84;55
34;34;98;83;83;83
7;59;59;48;7;7
19;47;125;60;68;189
10;69;69;10;91;10
38;61;61;61;106;38
28;50;145;128;105;195
91;91;55;43;39;39
96;140;104;140;194;96
162;47;47;180;87;47
22;182;17;17;17;22
96;96;29;125;29;96
63;171;63;63;63;63
16;54;54;16;170;54
69;42;42;42;69;68
170;72;131;121;51;170
78;94;78;141;94;94
157;166;75;74;166;75
134;125;144;152;144;125
46;90;90;95;46;46
101;52;199;146;146;146
59;98;98;98;59;134
47;112;194;60;64;132
30;79;30;175;79;79
126;126;141;102;141;74
96;25;182;25;25;96
72;100;138;100;72;138
58;48;48;12;58;48
102;58;34;21;10;98
26;49;72;49;26;49
151;17;17;179;179;142
89;68;124;89;92;92
71;71;7;7;7;97
124;96;24;24;96;96
107;96;84;84;96;96
194;167;38;42;96;101
142;33;23;23;23;33
67;67;158;160;160;160
58;140;78;187;152;56
16;75;93;25;79;141
175;150;175;150;144;144
22;71;50;71;50;50
71;76;124;76;23;124
152;153;78;98;72;22
98;36;41;98;41;41
59;10;85;10;10;85
130;20;118;15;195;80
101;189;148;122;148;189
70;70;191;73;73;70
180;111;189;139;139;180
72;72;68;72;25;25
71;33;86;33;86;86
185;78;185;181;78;181
50;67;67;50;166;67
95;9;95;9;72;95
53;68;21;21;53;21
23;156;184;23;182;184
43;115;26;43;26;43
65;44;44;82;44;65
112;124;124;137;137;112
78;19;78;78;29;19
24;10;10;24;45;10
20;42;78;26;175;176
33;33;90;90;90;141
79;43;43;43;38;79
156;104;104;183;37;104
33;139;36;112;114;166
165;22;104;89;107;148
152;15;15;159;154;152
69;73;32;69;69;32
46;45;45;46;100;46
62;13;62;13;84;13
60;40;60;40;44;40
101;188;33;163;33;163
99;62;96;96;96;99
18;136;198;184;33;36
16;16;16;73;108;73
56;94;56;92;56;94
69;160;9;69;9;69
46;9;9;46;31;9
37;10;35;10;37;37
94;94;26;26;113;94
141;158;106;141;158;110
104;21;145;192;132;172
10;64;171;57;171;10
134;108;192;134;28;178
49;82;82;135;82;49
92;185;92;10;10;10
75;13;83;83;13;169
80;78;80;78;80;11
44;7;7;44;44;176
21;21;21;21;66;21
39;34;34;39;34;51
168;34;195;195;195;17
147;115;111;171;54;111
41;41;41;7;144;7
6;36;6;189;6;36
69;148;85;85;69;69
68;62;113;67;12;167
85;185;185;173;19;185
161;19;52;19;52;19
44;193;174;178;174;174
105;61;69;61;69;61
133;73;73;133;184;27
85;181;49;85;49;85
107;107;107;128;184;53
94;54;159;54;54;94
55;55;47;47;45;55
53;34;34;53;108;53
14;14;8;30;8;8
154;61;96;96;61;96
194;87;87;87;32;32
163;7;24;24;7;24
100;195;28;131;140;20
140;12;97;12;97;12
154;198;154;118;162;162
43;37;173;171;172;50
75;194;169;117;165;44
17;17;17;31;14;14
157;180;17;108;194;158
79;20;20;20;163;79
73;185;149;185;154;73
111;108;27;153;153;108
170;85;92;92;85;92
65;161;20;20;20;65
40;40;40;34;107;34
173;153;16;23;36;160
66;51;51;66;66;149
182;117;107;29;107;107
127;105;127;182;127;43
112;146;88;146;112;88
152;131;184;193;59;134
69;85;69;23;69;23
136;160;176;160;112;112
31;31;40;198;40;31
18;177;177;47;18;47
65;68;64;65;64;68
31;13;31;13;51;13
51;11;11;164;178;164
78;56;56;78;169;56
73;81;145;73;73;81
188;188;80;171;80;171
116;116;10;170;10;170
77;71;71;99;71;99
19;19;114;19;77;77
76;64;51;51;76;76
17;97;17;17;107;97
122;86;38;157;23;65
10;65;10;10;65;90
119;24;24;46;24;46
134;55;64;77;41;112
89;8;8;31;31;31
71;71;31;31;31;169
16;42;42;16;16;15
43;54;52;52;54;54
22;38;38;79;38;79
22;42;22;24;22;42
83;188;188;41;107;107
87;105;69;34;69;87
155;16;139;183;96;92
188;66;18;140;113;124
50;38;38;50;36;38
51;51;170;51;32;32
67;178;178;67;79;197
193;90;86;56;156;128
158;186;158;76;186;38
36;198;22;175;165;147
200;24;101;164;35;93
194;30;168;90;194;30
171;170;149;25;43;35
100;59;100;143;176;143
20;64;19;20;180;19
57;57;77;33;57;77
57;50;99;57;99;99
79;96;82;88;135;115
36;190;116;116;190;36
102;102;74;36;184;184
162;134;134;116;117;116
34;6;34;166;6;34
98;19;19;61;19;98
72;158;72;136;136;158
172;199;122;76;10;139
52;110;122;58;82;95
22;22;22;22;22;52
5;5;71;86;5;71
76;86;119;125;63;153
178;157;195;17;141;107
85;122;85;122;38;190
142;142;85;66;85;165
22;98;136;98;98;22
125;10;84;52;37;62
121;36;90;36;36;90
73;69;69;69;40;40
55;199;86;126;42;109
12;107;12;12;86;86
38;65;65;93;38;38
25;25;25;76;89;89
71;72;72;70;70;70
74;74;67;74;73;73
90;151;11;195;138;138
152;147;70;84;88;50
159;149;159;63;149;82
110;58;132;182;137;109
133;89;96;96;96;89
35;147;35;147;79;95
60;65;60;60;160;65
27;27;67;123;67;67
77;77;91;77;68;68
170;169;169;99;97;173
49;132;96;140;49;132
67;37;67;37;67;87
51;51;46;46;114;46
168;31;31;36;36;31
25;75;25;152;25;75
81;107;81;81;74;74
18;33;33;18;61;33
70;42;70;42;133;42
134;84;182;199;134;199
22;62;22;62;100;62
180;27;92;82;195;101
139;30;154;67;192;90
17;145;187;194;19;114
190;190;153;153;61;61
86;90;104;90;90;20
81;83;83;81;81;68
127;127;186;167;185;185
67;44;67;44;44;19
10;50;96;10;10;50
12;12;53;53;25;53
132;158;147;158;132;147
22;137;200;60;60;22
59;61;59;59;140;61
10;10;59;10;25;59
181;52;52;52;29;131
20;20;20;66;26;66
181;108;102;97;97;181
160;152;16;111;175;60
22;22;60;60;22;98
18;84;18;77;84;84
73;24;24;88;88;73
77;46;38;77;38;77
183;38;37;38;156;38
78;143;78;21;78;21
173;160;173;109;109;160
78;11;192;11;11;78
68;68;98;98;40;98
88;15;15;15;85;85
51;11;87;26;39;98
131;31;25;156;75;58
76;135;177;135;76;177
57;68;68;62;62;62
52;87;52;80;80;52
78;78;16;16;16;23
104;127;117;128;146;186
161;44;193;161;91;91
26;177;71;86;175;132
91;106;91;84;84;84
115;59;93;93;93;59
87;193;87;78;87;78
164;164;134;188;175;188
8;71;8;8;71;155
102;109;94;33;91;151
156;160;185;24;78;52
76;28;76;157;28;28
102;81;147;147;81;129
79;79;79;190;48;48
41;41;5;41;35;5
66;9;66;9;178;9
31;31;36;31;36;36
48;48;15;15;48;180
52;138;135;138;52;135
29;38;113;38;40;38
44;37;97;97;160;37
116;116;51;133;51;52
52;52;59;52;167;59
111;177;49;111;36;36
17;17;77;77;187;17
104;23;195;104;112;23
134;97;87;97;87;97
67;112;94;89;89;94
100;71;86;39;86;100
193;102;193;102;27;89
108;79;79;5;5;79
23;69;92;69;69;23
46;46;115;14;115;64
186;138;144;62;69;55
7;72;7;7;72;141
6;39;39;16;39;6
95;64;84;95;64;64
29;172;136;157;43;128
84;111;84;6;84;6
12;12;106;139;177;177
109;16;102;102;16;126
68;68;68;68;68;139
73;149;104;91;19;75
41;37;45;45;41;45
59;57;59;57;57;44
157;14;11;11;14;11
168;82;120;79;117;169
136;136;110;27;162;27
16;72;162;72;132;132
5;5;5;33;121;33
82;125;82;31;82;31
37;85;72;37;37;72
77;143;143;191;77;191
139;184;88;11;194;65
28;184;28;61;61;61
171;144;144;151;162;151
61;61;61;189;59;59
27;27;106;79;79;27
178;44;10;44;10;10
85;29;182;85;117;85
15;15;25;25;165;25
86;17;58;58;58;17
42;42;39;34;39;42
182;57;57;12;12;57
88;11;68;11;11;88
125;133;94;125;163;163
165;120;53;75;165;75
62;62;19;48;48;62
88;88;5;88;96;5
142;100;165;124;100;124
75;35;90;75;35;35
42;9;21;42;42;9
33;178;178;199;52;199
97;91;9;91;9;9
31;16;16;31;16;94
14;67;21;67;21;21
182;87;11;87;87;11
83;43;43;83;129;83
163;67;163;29;67;175
95;13;13;23;95;95
84;19;19;84;84;190
117;26;26;182;29;26
176;51;168;15;49;52
67;69;191;126;67;126
165;167;101;176;167;101
72;72;59;48;72;59
166;31;85;59;16;152
97;97;56;56;154;56
34;34;68;68;34;73
76;34;76;34;76;163
185;38;38;20;20;38
42;91;42;25;91;42
187;97;51;124;51;124
190;134;156;58;156;83
13;121;189;189;13;24
10;93;93;10;93;47
83;42;42;75;83;42
30;41;30;30;57;57
145;9;9;9;98;98
61;135;96;96;96;61
192;10;94;94;10;10
69;45;140;122;69;45
96;96;183;37;96;156
141;25;36;53;106;145
128;13;68;13;13;68
152;75;25;75;25;25
64;29;16;161;140;70
77;79;80;79;80;79
68;68;118;68;72;72
65;8;65;8;65;34
196;34;34;13;13;13
17;158;158;17;104;126
77;121;149;196;134;14
184;141;81;141;13;13
45;45;194;194;172;172
153;37;37;26;26;26
88;53;7;7;53;7
44;96;96;134;44;44
183;114;175;122;114;122
48;188;146;188;127;127
29;87;29;29;87;186
193;23;22;23;23;22
46;61;28;46;46;28
126;91;135;169;70;54
182;89;89;13;182;110
114;188;114;116;23;116
188;16;141;182;188;141
55;55;32;32;75;55
31;86;31;178;86;86
127;175;78;51;174;97
52;52;52;70;81;81
66;78;78;60;78;60
51;173;51;8;51;8
139;77;55;13;79;111
67;155;155;67;139;175
79;40;48;79;48;79
11;11;52;68;11;68
156;142;148;148;139;142
5;22;96;5;5;22
27;106;27;158;106;158
122;85;112;48;122;112
63;63;52;52;45;52
27;70;138;27;27;70
140;160;160;53;21;140
77;30;59;30;59;30
158;105;16;95;53;65
11;11;11;26;26;107
91;91;35;35;91;162
80;155;80;80;13;13
90;168;23;192;127;132
183;183;88;170;88;126
27;32;27;32;16;32
44;87;82;63;96;52
132;119;56;198;132;56
155;84;135;176;30;17
85;36;36;36;57;85
78;86;29;78;78;86
70;99;70;90;70;90
57;57;33;33;57;45
184;79;165;142;170;37
50;76;37;76;50;76
63;63;24;164;67;24
26;26;19;26;19;181
23;23;31;23;31;88
106;188;106;154;154;84
23;159;23;23;18;18
44;56;56;44;160;56
88;164;88;68;68;68
53;75;53;75;53;19
73;15;15;73;73;72
155;34;34;37;37;37
42;42;20;20;20;143
98;158;98;23;158;22
36;36;188;188;188;10
86;121;93;93;150;86
45;62;81;62;150;45
16;130;148;36;130;16
23;102;58;39;195;90
166;37;161;93;166;93
92;108;55;21;55;108
29;197;20;28;20;29
175;175;63;160;160;41
117;11;94;117;94;61
32;59;199;16;199;32
34;198;9;9;9;34
92;92;176;117;135;135
98;27;98;27;27;199
23;23;23;27;27;29
123;172;86;14;145;148
195;199;195;195;101;52
159;12;110;110;159;184
49;43;68;43;43;49
67;67;43;37;37;43
136;77;110;15;139;78
51;51;84;54;54;84
86;91;41;41;171;41
68;125;7;68;7;68
7;7;13;60;60;60
59;174;98;191;77;118
185;59;81;34;49;162
199;34;34;39;199;39
140;106;65;140;135;106
76;76;76;163;42;42
48;48;74;74;58;89
7;199;9;9;7;9
148;130;115;130;150;148
127;76;140;195;127;195
29;66;72;72;29;72
63;63;63;59;30;30
151;95;59;59;114;114
44;72;72;72;56;56
86;12;12;12;173;86
86;120;32;146;31;56
21;43;21;93;93;93
84;156;84;84;28;28
118;15;15;89;89;89
101;81;88;54;103;167
106;39;106;106;58;166
63;106;97;106;97;13
81;33;13;33;103;81
19;28;28;28;19;195
92;155;194;194;194;139
87;74;109;72;191;90
87;22;22;37;87;87
71;5;5;49;49;5
44;71;93;44;44;93
74;45;161;74;74;45
26;9;26;9;26;19
139;33;139;132;132;102
128;32;10;10;32;10
45;66;45;45;108;66
91;36;25;25;36;91
16;98;40;98;16;16
135;170;73;34;135;170
161;34;34;191;161;153
80;27;199;90;148;189
84;41;84;28;28;84
102;17;17;85;85;85
96;81;164;170;110;134
87;163;76;87;124;163
17;99;17;81;125;81
135;147;14;16;110;16
200;195;200;14;14;114
142;65;12;163;61;111
132;110;199;147;200;33
93;65;93;186;48;114
54;42;42;54;54;190
59;90;53;53;53;90
62;62;55;62;45;55
27;27;142;27;93;93
37;59;84;84;37;84
174;146;110;118;98;120
142;67;21;21;67;67
50;81;54;81;81;54
50;50;24;22;50;24
90;93;90;38;38;38
58;160;48;154;167;47
6;6;83;83;129;6
71;25;71;172;71;25
32;182;32;32;85;85
92;110;150;163;48;163
13;90;90;90;27;13
76;113;72;181;119;170
96;96;9;96;9;122
186;184;105;83;49;173
61;61;15;28;28;61
116;28;28;96;117;117
82;82;27;20;117;117
80;80;80;55;55;101
103;42;84;42;84;84
6;6;142;57;57;57
54;99;42;99;99;42
8;13;13;23;8;13
84;38;38;58;38;84
116;153;88;31;31;116
36;89;164;89;164;45
116;12;78;78;12;12
77;48;22;77;48;155
192;55;55;30;30;55
200;94;200;161;200;161
158;158;143;29;140;29
90;127;80;80;80;90
87;87;78;78;196;87
42;64;42;91;64;64
19;188;19;67;19;67
35;102;153;189;155;196
76;112;76;76;66;66
62;125;86;165;181;175
88;53;88;150;53;53
9;52;58;9;58;9
53;53;81;91;53;91
65;96;136;16;136;136
5;56;5;56;84;5
64;35;35;23;35;64
41;67;67;41;67;195
58;91;58;91;64;91
163;163;58;51;28;28
105;142;124;30;20;78
79;124;147;81;65;83
48;31;48;116;31;48
149;55;200;149;55;178
194;19;114;134;23;95
130;25;25;25;93;93
197;197;69;92;30;92
182;24;30;89;194;106
41;190;96;96;41;41
51;42;42;198;51;42
86;86;21;31;21;21
74;38;38;169;74;74
75;190;97;75;151;190
11;63;63;67;63;67
37;37;77;18;77;77
66;64;52;52;52;66
116;149;99;14;87;153
97;97;97;88;88;74
35;16;35;16;29;16
146;177;180;184;28;141
72;68;72;136;72;68
132;52;132;122;52;122
185;16;16;97;97;124
199;61;48;153;164;172
128;124;34;80;56;167
138;32;62;62;32;32
65;82;155;65;65;82
20;166;82;111;41;102
195;195;111;56;111;56
74;74;143;74;39;39
58;58;65;182;58;65
98;152;98;9;9;9
46;98;198;38;198;38
71;108;89;89;71;89
130;179;174;106;106;174
85;99;85;99;92;85
26;98;98;98;26;98
140;140;64;42;64;42
73;155;96;73;118;96
37;160;67;50;60;95
166;84;74;74;84;74
111;34;161;19;90;29
76;79;76;79;80;76
96;68;96;68;106;96
40;66;40;126;40;66
34;33;33;198;34;33
167;70;56;70;167;136
14;70;96;14;96;14
195;14;195;60;14;10
32;43;40;43;32;43
191;75;10;191;10;182
179;147;198;49;164;85
195;27;137;135;120;28
15;54;189;165;54;189
45;88;154;45;45;88
18;83;83;18;130;18
29;58;56;56;29;56
61;64;122;65;173;91
18;164;190;50;164;18
186;27;120;50;118;36
87;6;6;131;87;87
83;17;17;83;76;83
21;21;21;65;99;65
148;38;92;200;148;92
74;74;65;74;65;178
182;23;120;120;152;152
184;95;95;16;184;29
43;131;32;43;43;32
26;178;26;26;30;30
67;17;67;67;17;178
24;132;108;14;180;195
53;93;53;93;159;93
34;117;34;34;85;85
120;191;62;120;62;163
75;78;75;75;78;93
82;88;84;188;82;88
99;26;39;99;99;39
127;93;171;113;35;105
36;178;21;36;21;21
151;148;145;148;145;33
136;12;157;99;83;72
26;141;26;31;31;31
141;36;35;35;35;36
58;85;31;85;31;31
63;18;18;18;63;100
136;73;53;73;53;73
62;62;62;59;59;137
86;198;198;40;40;86
57;51;51;57;28;133
62;95;60;193;27;68
89;89;12;89;173;12
83;53;53;83;148;53
28;121;28;67;67;28
45;13;11;45;45;13
49;157;49;66;49;66
20;41;157;20;41;109
34;34;58;29;34;29
158;41;158;114;41;114
98;93;13;13;156;98
51;80;80;65;80;65
64;64;20;156;20;64
30;30;68;68;68;36
179;79;85;79;179;134
88;88;88;44;44;173
44;171;86;86;86;44
120;120;114;62;124;114
18;76;18;11;11;18
149;77;77;144;101;149
9;48;48;19;9;48
181;12;26;26;26;12
33;33;138;33;37;37
157;24;51;36;157;51
189;175;20;79;182;53
128;54;54;98;98;98
86;55;170;36;86;86
67;67;67;16;16;115
84;32;84;196;32;84
41;168;158;41;168;158
184;70;70;16;101;101
91;91;200;12;12;12
90;18;18;18;90;93
100;31;171;31;67;100
57;87;87;38;38;87
60;60;9;60;104;9
60;91;101;43;195;43
12;15;117;15;12;15
65;96;19;16;19;19
79;91;10;10;10;91
53;53;135;53;57;57
69;49;49;140;69;69
138;138;64;138;180;70
120;60;60;60;97;97
92;121;96;30;92;30
44;101;83;159;132;185
53;53;12;12;88;12
57;87;87;87;109;57
91;184;90;184;90;66
127;119;76;102;76;127
33;175;198;140;33;198
18;99;139;18;170;170
18;63;144;97;45;136
186;46;60;60;186;59
197;64;16;16;137;64
125;86;35;111;199;77
88;64;64;64;88;139
171;53;31;140;55;131
167;27;142;13;193;165
39;77;64;39;64;39
19;20;19;91;91;19
5;178;5;58;58;5
10;185;98;67;86;191
57;57;163;70;70;70
11;22;107;11;22;119
18;97;188;18;97;97
49;119;49;161;119;161
10;141;190;127;91;67
78;78;43;43;29;78
107;80;119;167;80;75
178;16;16;16;54;54
81;133;59;59;81;81
81;137;141;137;96;81
111;28;31;142;31;142
179;52;52;52;33;33
68;68;68;52;98;98
189;65;65;68;68;68
194;194;19;19;15;15
68;24;24;24;91;68
157;53;68;192;184;76
91;32;85;32;91;91
43;177;43;76;76;43
10;30;159;167;117;90
13;13;81;13;55;55
187;95;95;44;44;95
143;175;175;183;85;85
91;168;76;76;76;91
31;24;67;24;31;24
70;70;122;59;70;59
52;27;27;52;147;52
36;36;49;49;134;49
77;28;147;147;178;178
99;60;60;99;76;99
87;124;48;87;48;87
71;71;168;168;176;120
83;102;26;26;83;70
29;85;163;85;85;29
79;79;51;79;51;27
191;182;35;190;190;35
86;135;196;114;189;79
190;152;94;190;50;152
108;73;14;14;14;73
103;110;198;103;12;12
45;72;72;72;45;169
30;84;30;84;166;30
94;45;107;94;94;45
64;64;74;74;171;74
99;99;92;99;92;166
17;17;198;17;91;91
162;165;126;162;42;165
145;48;13;13;13;48
81;47;47;81;81;198
72;100;23;82;157;200
192;131;183;115;107;115
28;89;28;183;28;89
20;109;187;44;66;100
54;160;54;81;54;81
112;100;53;150;151;114
166;113;182;113;57;57
94;80;80;94;109;94
8;44;60;44;8;8
177;38;123;142;175;106
79;95;37;95;79;95
111;46;70;134;134;70
125;50;179;100;79;67
131;17;131;17;25;140
185;39;39;39;39;39
78;123;78;123;105;105
34;55;194;74;73;143
82;133;106;197;188;79
18;82;160;90;41;165
69;69;183;14;69;14
166;83;36;83;36;83
15;163;16;15;16;16
54;54;54;70;53;70
56;30;56;56;83;83
155;68;177;129;26;15
31;106;103;82;92;189
83;83;51;57;51;83
199;65;15;15;15;65
90;30;22;13;13;30
106;106;91;171;86;106
92;119;183;116;87;112
36;55;170;111;111;111
82;51;82;82;40;51
129;53;63;37;63;53
89;179;89;179;164;82
62;193;50;46;126;144
87;87;174;59;59;87
121;179;121;142;179;142
65;65;34;85;85;85
34;34;9;14;9;9
89;168;108;108;168;89
70;29;70;27;70;27
194;169;150;115;17;103
101;60;182;186;129;75
158;158;138;54;130;138
156;16;199;16;104;156
28;22;72;22;22;28
50;50;18;18;173;50
88;174;93;88;88;93
33;23;33;38;33;38
17;59;17;59;180;17
35;123;16;113;105;51
88;78;78;88;42;88
76;76;76;177;32;32
11;52;52;52;11;169
188;94;72;72;94;72
35;25;25;35;35;11
43;43;60;98;43;98
19;34;17;34;34;19
144;95;106;112;106;112
109;34;111;109;111;83
71;62;72;89;92;58
90;90;69;157;115;115
66;66;110;77;77;77
90;82;65;90;90;65
40;27;158;133;88;199
42;107;42;74;42;74
42;12;42;42;12;181
92;91;195;143;92;91
64;108;64;45;45;64
86;41;171;91;41;41
20;134;50;50;50;20
173;60;90;23;190;18
25;16;25;25;40;16
90;90;67;55;55;90
57;57;103;95;57;95
63;42;63;42;42;189
35;195;57;35;57;35
60;81;85;85;60;60
18;48;48;18;150;48
64;177;46;46;64;45
163;62;22;22;96;62
159;99;124;71;122;79
106;184;53;128;106;106
26;34;165;34;34;26
39;27;39;27;55;39
198;76;76;198;184;107
96;65;24;190;53;75
72;72;45;72;45;29
17;115;30;139;79;46
12;40;176;12;40;12
118;46;23;152;160;71
12;173;97;12;12;97
156;12;12;77;12;77
195;195;56;40;40;48
18;151;16;16;16;18
30;111;101;88;121;183
12;43;43;43;22;22
45;45;34;33;106;34
69;25;25;196;25;69
189;15;159;198;133;62
47;51;16;51;16;51
55;46;55;46;55;106
197;89;133;183;82;160
87;46;46;87;46;147
142;133;48;192;192;142
72;166;122;33;154;11
67;31;11;31;31;11
156;22;22;37;22;183
120;96;96;68;68;96
98;98;141;18;141;115
44;82;155;44;82;82
115;37;37;75;75;37
60;168;82;139;92;131
53;53;53;21;21;128
116;51;13;111;111;13
47;74;47;47;80;80
20;20;43;20;43;176
33;172;97;97;33;97
184;131;140;167;184;167
65;56;56;200;65;200
90;35;90;111;35;90
18;18;86;67;86;86
85;85;95;39;95;85
77;97;85;85;77;85
20;40;20;20;40;53
136;36;36;48;136;61
75;104;104;67;75;67
133;61;61;61;61;61
158;67;124;127;114;175
60;60;33;33;147;52
53;29;53;112;29;53
163;189;38;189;49;153
44;44;190;178;178;14
25;24;25;25;186;24
33;112;105;176;64;194
113;132;106;103;106;132
156;156;105;105;107;107
64;185;64;64;29;29
6;6;89;175;6;89
89;51;73;51;73;143
109;98;77;78;58;36
111;18;129;161;105;184
120;20;19;75;189;75
62;52;62;62;52;97
98;98;93;56;98;93
175;183;122;154;91;12
127;131;187;52;131;187
21;21;171;21;58;58
87;87;109;109;151;150
11;11;11;39;15;39
17;39;12;39;12;12
90;24;118;94;53;191
176;131;14;13;52;17
108;44;37;44;37;44
165;192;195;195;165;147
79;162;80;137;162;80
62;17;62;62;21;17
108;181;29;108;108;131
70;93;51;125;184;18
141;117;117;167;186;186
137;128;95;128;166;95
84;84;72;72;70;72
114;130;114;27;130;27
17;75;61;61;61;17
104;198;151;198;104;151
6;91;91;6;109;91
71;71;190;178;64;64
37;74;32;39;74;37
134;53;53;60;178;60
133;132;157;157;118;118
68;89;89;68;89;61
190;185;144;117;33;176
95;95;34;95;34;112
90;182;63;63;15;15
70;36;36;70;103;36
172;172;158;17;158;12
200;91;170;20;170;170
154;132;167;132;167;154
171;49;49;49;11;11
189;31;51;51;189;31
127;163;192;82;96;58
35;50;50;50;35;157
70;92;155;184;92;155
36;128;76;76;128;36
69;134;33;69;69;33
111;83;160;167;16;161
93;93;87;87;93;170
41;102;198;186;189;142
65;46;42;42;46;152
45;30;71;56;54;25
68;58;68;58;184;68
103;83;195;147;103;195
94;43;94;193;43;43
162;65;161;170;113;53
103;128;90;103;90;188
34;90;101;94;98;124
98;131;116;149;98;28
54;148;142;54;142;196
72;135;46;46;72;46
84;113;179;85;102;115
195;47;70;47;47;70
186;18;61;102;144;70
73;11;11;73;73;83
73;73;73;68;68;114
162;174;162;53;197;174
27;53;126;184;36;64
153;57;49;57;49;57
160;95;15;46;121;42
148;127;127;148;20;20
36;30;156;30;36;30
154;65;14;101;140;148
53;53;186;53;77;77
84;84;71;184;71;71
33;194;168;194;168;10
18;18;21;21;21;22
60;73;26;73;60;73
96;56;97;56;56;97
56;54;56;56;86;54
116;41;199;79;49;139
31;31;56;56;56;21
5;65;62;5;65;5
164;129;61;29;126;151
41;56;56;41;103;56
87;44;44;109;87;44
92;92;65;92;77;77
36;176;36;148;148;176
34;28;28;42;42;28
77;99;99;46;77;99
119;38;65;63;113;146
44;25;99;52;136;85
126;62;107;11;62;11
152;100;152;89;139;89
199;61;188;106;58;112
19;79;79;36;79;19
93;40;40;103;166;103
159;189;110;105;152;180
19;94;94;57;57;57
65;37;174;175;13;37
18;125;125;18;121;121
107;168;32;16;120;47
186;74;74;74;21;21
48;173;48;58;58;58
74;74;74;139;63;63
64;50;50;50;99;64
57;57;35;55;55;57
42;60;90;60;42;60
70;176;71;176;195;70
30;111;196;93;195;20
46;30;30;30;46;125
41;107;27;198;137;123
80;14;14;80;14;126
81;93;145;93;93;81
111;15;89;89;15;15
106;198;116;90;106;174
148;27;164;199;164;27
63;63;40;34;63;40
56;126;126;82;136;56
90;149;139;182;123;32
19;19;19;39;110;39
193;87;176;44;128;44
29;166;48;166;63;63
34;157;190;34;34;105
190;61;101;81;25;172
119;125;28;28;125;30
95;128;18;18;18;95
24;33;87;24;33;33
8;22;75;75;8;75
127;37;93;93;37;37
87;77;33;167;200;24
81;55;55;55;143;81
24;91;74;74;24;108
143;53;56;189;114;116
139;139;57;137;149;149
71;55;71;133;71;55
18;81;81;159;18;81
190;145;146;145;17;190
134;64;156;142;151;21
73;73;94;34;94;94
92;138;167;38;116;52
119;143;119;19;81;19
39;12;12;12;148;39
13;79;79;160;13;79
40;147;51;61;197;106
69;46;46;69;46;133
95;106;95;82;41;106
25;55;55;172;55;25
154;68;167;48;79;84
32;198;198;168;128;168
81;188;67;81;121;67
62;147;62;82;82;82
21;188;171;177;124;13
83;68;191;68;68;83
142;51;115;115;142;51
194;48;200;200;199;199
52;171;68;175;28;70
18;176;57;129;12;38
200;149;74;163;163;74
7;39;7;39;165;39
104;104;104;113;29;40
10;23;119;10;10;23
5;5;46;46;46;58
19;43;197;197;170;43
107;20;46;92;196;161
77;55;58;152;58;77
158;125;89;125;89;158
17;29;17;17;91;29
20;20;28;28;28;179
17;8;8;30;17;8
103;99;153;146;81;198
8;39;39;8;81;8
83;61;61;45;45;45
85;66;150;24;25;34
42;192;192;30;30;42
130;19;19;16;16;31
91;54;85;91;85;91
66;90;61;90;66;66
14;54;75;75;54;75
44;50;50;44;95;95
99;187;65;65;65;99
149;93;19;19;19;93
20;20;193;78;78;109
105;84;42;125;134;99
143;10;178;52;152;125
41;41;24;143;24;24
34;74;34;162;169;74
63;63;69;69;63;39
97;97;49;200;97;49
68;136;68;131;41;136
80;23;23;49;23;49
130;16;96;130;130;65
12;9;9;124;9;12
41;41;145;67;67;41
112;87;54;87;54;54
50;82;50;82;50;166
113;43;160;92;134;40
72;87;72;91;72;87
91;12;91;87;12;91
99;99;87;180;162;99
28;5;124;5;28;28
164;156;168;168;160;164
169;21;21;41;41;41
10;54;54;10;158;10
134;101;30;89;89;101
91;41;44;91;44;91
72;134;18;18;72;18
128;24;95;24;24;95
26;81;81;153;81;26
165;59;132;132;14;165
6;98;29;98;98;6
127;60;49;60;49;49
127;178;176;127;178;176
26;26;192;192;160;160
146;190;146;63;190;111
20;7;122;20;20;7
92;92;82;138;138;82
75;73;11;11;11;73
107;190;107;106;120;106
160;147;160;155;160;147
23;33;43;29;167;77
124;122;124;78;94;94
20;57;39;57;39;39
82;46;118;82;46;46
91;87;91;87;87;15
53;51;6;51;51;6
50;117;101;15;83;14
36;156;36;156;150;123
107;63;187;43;18;105
93;93;42;200;42;42
90;191;121;90;191;121
59;15;170;59;59;15
58;40;40;40;8;8
29;142;70;70;29;142
21;71;55;55;21;21
66;66;136;27;27;66
25;92;25;121;25;92
32;16;179;32;179;134
159;195;159;158;158;195
19;193;17;19;19;17
85;39;103;85;39;39
94;27;42;42;94;42
45;137;12;12;45;12
110;125;191;125;160;160
64;138;29;84;188;183
97;59;97;97;59;59
147;182;182;42;56;42
30;30;85;178;85;30
25;30;99;99;25;99
64;39;170;39;39;64
27;34;156;193;172;199
76;26;76;26;48;26
25;88;88;88;25;120
40;142;28;28;40;28
135;60;31;60;31;31
45;53;25;45;45;25
13;184;91;12;13;12
28;82;82;28;82;112
200;14;200;152;197;197
59;59;12;12;12;26
39;16;67;67;151;151
48;46;48;48;46;130
68;61;121;68;61;61
91;66;69;69;91;69
60;27;17;27;60;60
91;91;89;91;30;30
175;97;176;196;175;176
98;49;98;98;49;107
71;71;7;85;7;7
120;120;112;158;158;112
84;84;66;107;66;66
59;123;123;59;16;53
56;63;11;63;56;63
122;28;61;89;36;164
67;20;94;20;20;67
25;93;25;112;93;112
87;77;98;195;50;124
85;94;27;27;27;94
68;68;19;197;19;19
26;153;107;111;153;26
35;85;85;85;133;35
13;13;194;42;42;13
21;16;95;141;98;78
63;18;32;18;32;18
85;163;194;71;62;56
63;24;63;63;24;73
35;55;55;104;35;55
36;36;90;90;36;137
101;148;71;101;125;125
197;53;20;154;172;158
116;37;180;133;81;42
164;45;45;45;95;95
43;62;41;62;62;43
58;52;58;52;58;67
64;64;62;62;62;19
112;79;26;26;112;79
28;62;62;28;28;88
101;101;52;94;94;167
43;47;47;30;30;47
23;23;60;23;112;60
171;91;85;85;86;85
47;47;88;89;47;89
34;99;65;99;34;65
153;47;61;153;33;33
23;50;92;23;23;50
188;44;70;70;188;68
194;66;185;76;76;185
94;73;193;190;86;17
70;88;88;147;147;58
82;82;169;82;82;82
197;76;12;76;12;12
52;195;106;42;126;179
60;89;89;89;60;161
25;169;139;166;197;125
151;15;89;89;15;89
12;138;69;107;32;188
64;14;14;64;46;64
112;191;77;127;162;27
56;19;67;66;140;143
86;192;86;72;72;65
176;77;166;153;181;160
118;128;47;53;113;147
81;200;98;81;98;98
141;85;48;85;48;48
190;190;104;116;104;16
167;171;78;78;86;171
149;191;151;36;60;50
15;13;16;15;16;16
43;121;49;49;43;49
99;84;134;99;99;84
136;41;150;67;89;154
49;165;26;185;51;152
83;83;31;83;51;31
56;111;163;159;111;56
92;92;59;129;59;92
77;58;58;77;185;77
61;68;59;68;59;61
153;144;179;86;91;89
131;64;121;15;49;197
10;87;87;153;87;10
128;117;61;163;52;59
170;28;170;17;17;28
136;155;149;161;155;136
95;34;34;95;95;107
71;66;71;66;176;71
198;138;161;161;185;198
130;79;52;26;130;52
167;107;54;124;78;88
12;30;48;15;15;12
80;80;120;99;99;99
31;33;31;33;31;43
41;170;125;146;76;93
32;48;32;195;48;32
63;78;63;78;63;72
147;86;86;185;185;81
130;176;191;130;130;130
82;10;82;10;82;138
110;133;46;127;166;58
92;27;92;31;31;31
26;101;192;192;101;188
105;12;194;12;152;152
72;14;14;72;14;173
71;32;17;148;167;133
6;6;69;6;157;69
65;124;98;98;98;65
90;47;47;71;90;47
79;77;102;155;66;18
151;83;157;129;62;196
32;11;11;11;73;73
130;76;16;76;16;76
5;46;46;5;46;146
180;191;183;183;93;93
45;181;45;95;143;181
86;36;48;48;86;48
43;128;153;83;43;128
63;98;98;63;39;98
80;157;140;151;163;16
80;29;176;188;155;32
175;140;178;72;140;199
127;144;87;105;87;105
50;154;42;42;50;50
199;199;43;180;71;180
177;177;59;161;161;59
110;50;173;110;39;173
11;72;162;88;120;181
141;127;80;59;176;66
107;100;53;53;175;107
124;63;122;197;124;122
66;197;68;66;66;68
52;117;153;80;161;132
106;30;57;65;90;173
55;147;38;159;159;51
39;54;39;34;39;34
24;24;59;24;98;98
25;25;81;81;81;166
153;18;35;105;28;90
20;70;181;110;14;108
24;24;47;24;35;47
40;126;176;40;176;151
21;174;57;174;174;17
180;103;103;110;53;53
16;136;149;16;136;143
104;111;15;104;111;157
64;102;18;33;102;18
21;72;72;21;159;72
126;73;73;18;73;18
177;146;145;156;117;43
77;86;86;156;77;86
14;14;14;29;51;51
17;17;88;88;17;60
108;18;18;126;60;60
110;59;93;101;72;72
11;143;23;66;196;101
64;22;64;22;120;64
82;80;53;82;80;80
11;75;31;31;11;31
27;43;27;43;43;19
121;107;156;102;105;185
36;36;36;78;89;78
105;60;183;57;60;105
20;20;20;5;5;86
31;35;180;35;31;35
35;43;35;67;67;35
62;177;18;128;45;181
184;82;118;82;118;53
60;71;60;15;71;60
140;75;21;140;127;75
165;29;92;29;92;92
17;17;55;164;55;17
40;192;192;96;96;80
62;48;62;48;48;132
79;28;47;28;47;47
5;34;94;5;5;94
64;64;79;64;26;26
92;128;92;92;16;16
10;110;150;110;83;83
20;151;200;151;69;200
84;84;84;38;137;38
82;12;54;82;161;161
105;30;90;30;105;28
14;75;22;178;136;180
85;52;52;85;195;85
12;12;131;12;31;31
178;48;48;96;48;96
39;97;67;79;49;44
119;156;133;165;156;133
80;80;82;44;125;165
81;89;113;81;89;81
116;40;73;73;40;73
34;55;34;18;55;55
24;19;168;121;19;121
64;64;38;38;163;38
59;62;62;59;59;135
143;187;143;37;62;187
75;96;44;44;96;44
125;64;194;64;194;188
35;127;127;49;146;49
132;198;25;80;64;23
87;87;87;47;47;185
99;11;161;144;135;16
75;75;75;17;166;17
17;84;100;84;17;17
136;70;136;180;136;64
25;25;88;65;88;65
31;78;78;78;31;196
98;98;82;82;31;82
11;11;29;59;59;59
60;20;30;30;60;60
21;21;103;103;50;194
17;88;183;61;179;62
30;60;60;13;30;60
72;188;161;86;90;163
21;33;87;21;87;87
67;80;67;165;80;67
27;79;27;27;79;127
45;128;30;63;69;15
171;53;152;55;44;12
35;40;35;40;107;49
77;36;22;22;77;22
46;78;81;103;86;147
158;158;67;69;67;42
69;21;21;69;32;69
7;31;7;7;31;186
49;52;49;174;52;39
89;73;73;89;110;73
171;89;89;54;148;54
22;22;16;22;26;26
192;192;178;50;50;69
87;119;93;93;87;93
70;54;70;98;98;70
94;25;25;94;94;97
185;89;185;85;57;85
59;185;59;15;15;15
61;61;9;61;9;37
79;79;103;84;79;84
153;123;185;123;185;48
18;25;193;18;36;193
83;16;16;83;35;83
200;94;106;15;97;72
23;81;142;35;81;142
8;8;77;8;77;116
39;63;77;63;77;77
36;36;145;33;33;36
168;68;52;78;180;170
56;92;79;79;192;192
76;191;113;46;152;192
32;32;90;98;32;90
86;43;86;43;86;184
200;166;200;25;166;35
10;31;178;118;63;116
12;24;54;24;182;182
54;43;43;54;92;54
34;43;101;34;43;43
52;28;28;170;28;52
13;122;167;117;153;120
132;60;9;60;9;9
159;149;93;99;188;181
22;22;72;72;64;72
33;14;93;93;33;33
15;13;13;15;57;13
17;17;5;5;84;17
45;55;45;55;98;45
21;50;128;21;21;50
120;58;16;16;58;166
91;86;10;86;10;86
127;127;155;139;127;92
94;46;94;94;46;37
64;64;64;88;88;14
10;171;44;44;171;54
133;75;71;71;75;75
73;176;176;73;106;32
25;25;46;87;25;87
28;94;28;28;94;59
84;199;154;199;200;154
166;27;27;31;27;31
139;49;138;96;180;34
45;45;34;96;34;45
11;52;11;52;11;13
185;110;85;185;98;100
26;89;26;89;89;43
27;185;105;185;27;105
39;57;76;57;39;57
34;69;60;69;60;60
56;99;57;56;99;56
64;74;100;74;100;64
121;121;31;117;62;31
35;36;35;36;36;152
167;25;147;111;111;167
76;191;169;95;192;45
112;112;43;112;158;158
17;122;17;47;47;17
80;166;66;127;170;200
121;95;175;121;195;95
90;134;115;134;90;114
156;89;126;93;104;158
158;108;197;59;99;53
96;155;59;94;59;155
75;184;145;78;124;37
196;33;33;15;33;15
74;74;12;12;139;74
86;86;90;90;127;86
104;82;82;82;69;69
69;69;117;29;69;182
37;37;34;141;34;37
41;26;41;26;160;41
94;94;32;32;34;94
74;32;74;74;62;32
35;112;177;24;173;174
38;78;38;135;38;78
55;55;15;15;66;15
10;12;10;10;193;12
99;99;84;32;99;32
72;36;72;36;36;139
125;36;181;32;182;112
26;93;23;26;23;23
99;13;73;13;99;13
68;68;60;5;5;5
13;128;13;13;61;61
38;154;38;38;38;38
54;73;54;10;73;54
75;38;38;38;103;75
22;13;92;22;22;13
52;52;86;80;80;52
70;184;70;57;70;57
173;200;33;51;10;114
15;50;50;28;28;28
197;138;55;128;167;167
108;108;13;187;13;187
93;93;55;55;118;55
200;200;43;105;200;182
180;60;40;83;121;14
20;37;33;37;33;33
60;51;54;51;60;51
69;64;69;62;69;64
115;115;45;173;121;121
189;34;65;65;34;65
86;121;84;86;84;86
48;48;79;5;5;5
34;14;14;14;34;193
43;35;122;122;102;43
48;199;48;26;26;15
33;47;15;33;15;33
27;84;24;114;60;166
95;167;25;25;195;95
43;26;26;142;26;43
83;148;49;49;49;83
40;40;57;57;64;40
51;60;60;70;70;172
57;57;56;57;151;56
49;86;104;49;86;49
8;77;121;8;77;8
69;84;14;14;11;69
31;29;154;29;29;31
17;17;93;80;17;93
73;27;101;73;27;73
28;85;28;85;187;28
120;76;27;76;76;27
56;56;84;84;131;84
11;162;48;158;53;37
136;34;28;136;28;51
98;42;42;98;98;34
73;34;34;73;34;55
16;52;52;53;183;183
110;77;47;84;193;149
177;132;170;29;92;134
29;70;70;122;33;47
20;20;20;20;20;45
199;143;170;185;35;150
196;69;69;43;69;43
203;180;70;203;203;64
183;21;92;21;22;22
31;31;71;31;118;71
48;150;74;24;188;30
77;70;70;77;137;70
64;134;5;64;5;5
164;198;101;73;53;45
170;170;170;51;170;141
59;99;59;99;59;163
97;97;15;154;15;15
172;173;141;46;34;109
31;23;23;86;23;31
168;34;17;106;106;106
87;81;81;81;154;87
187;31;170;145;31;145
45;45;63;63;89;45
186;175;74;114;130;163
28;79;190;111;32;27
74;7;31;7;7;31
31;31;47;31;47;85
200;16;67;200;67;45
7;7;7;15;61;61
121;45;121;121;121;31
38;38;81;48;81;81
81;133;153;133;153;37
179;161;42;161;170;170
18;135;174;29;29;18
131;5;52;5;52;52
43;26;36;36;26;26
172;137;122;169;169;172
111;79;175;79;164;111
69;69;78;78;158;78
127;70;144;49;155;110
16;80;16;47;16;47
35;29;29;134;35;149
55;91;91;11;32;11
23;134;37;200;86;78
92;158;92;158;97;10
50;68;117;65;63;185
92;92;92;67;67;88
36;36;74;74;36;74
166;161;49;161;16;16
11;79;11;96;79;79
96;52;96;96;52;27
85;34;85;73;73;85
25;69;14;43;91;64
95;95;79;33;79;37
190;195;94;195;127;94
87;87;100;87;15;15
197;182;13;82;13;197
82;106;82;188;93;82
32;68;68;176;68;32
200;61;67;29;140;15
140;155;117;117;140;155
199;70;30;21;45;132
37;37;114;42;37;42
14;121;33;127;192;117
82;82;89;82;31;31
84;187;161;17;98;28
71;64;174;71;64;64
7;59;116;59;59;7
167;44;27;27;44;44
12;162;171;161;145;139
53;20;79;20;20;79
59;95;59;95;95;59
69;158;92;105;75;113
16;83;83;16;83;123
95;73;95;73;70;70
127;134;43;134;97;43
92;94;136;150;92;150
118;121;84;145;125;135
168;139;139;168;165;165
65;90;65;56;90;65
192;178;102;102;192;163
93;44;44;93;87;93
39;111;12;12;111;194
9;14;9;16;14;9
183;24;20;24;20;20
37;136;151;37;151;189
160;95;182;62;160;62
93;134;93;84;84;93
50;8;110;50;8;50
112;39;158;50;134;177
41;41;53;11;53;41
72;72;172;106;20;172
75;75;56;56;56;167
188;89;89;89;93;106
99;96;99;41;82;41
42;45;20;42;20;20
48;48;198;198;116;120
196;17;17;14;14;17
42;55;55;139;42;42
120;93;120;93;143;156
153;108;131;101;197;93
44;119;156;45;156;156
23;82;27;27;23;23
62;17;17;34;70;34
138;155;138;138;92;139
36;26;140;188;167;119
180;79;155;79;141;180
66;41;41;41;66;178
175;143;30;176;143;30
69;44;118;44;69;44
170;180;170;162;170;87
30;46;68;46;30;30
133;47;41;157;159;176
36;192;73;192;72;72
192;104;62;175;175;104
178;72;138;72;138;178
88;11;145;11;88;11
62;20;20;116;62;62
184;157;101;158;60;110
56;39;169;39;56;39
84;44;44;44;168;84
184;62;33;174;38;12
67;163;44;81;147;31
75;35;35;75;75;60
50;50;37;93;93;50
92;15;92;15;65;92
14;16;14;71;16;14
85;191;10;85;10;85
80;80;80;41;56;56
9;31;31;9;96;9
23;38;11;38;11;38
58;40;40;103;58;58
194;194;20;104;194;86
82;32;32;78;32;78
91;99;99;17;99;17
86;79;86;21;79;86
177;104;177;144;163;163
29;146;146;146;117;182
123;111;18;84;24;81
95;95;66;103;95;66
53;80;80;143;53;80
70;136;110;136;76;76
99;99;39;39;22;39
189;84;79;77;102;75
137;100;95;100;131;137
189;83;21;21;21;83
31;91;31;66;31;91
162;62;29;29;62;62
98;17;17;19;17;19
37;54;54;146;54;37
44;65;11;65;11;37
12;12;32;32;123;32
55;79;62;79;62;62
86;184;141;39;141;86
48;146;87;48;48;87
89;59;43;43;59;59
115;175;159;159;115;28
169;73;34;22;39;68
58;41;174;58;41;58
67;67;90;29;67;90
172;14;28;174;44;175
32;98;32;66;66;52
80;168;140;37;122;109
58;17;17;58;51;17
82;82;199;35;82;35
6;28;6;28;28;87
191;148;95;139;101;44
109;199;124;124;75;199
88;40;56;88;88;40
27;60;27;93;60;27
67;42;67;67;174;42
193;55;55;44;178;55
148;132;17;152;17;152
20;159;170;181;62;47
69;191;44;44;69;69
76;32;54;32;32;54
162;175;186;186;132;132
64;64;83;83;57;64
30;30;99;199;30;99
21;127;178;178;21;59
154;76;52;52;76;52
43;131;131;134;43;134
67;102;164;102;43;43
85;39;27;39;85;85
142;75;52;75;52;75
59;124;76;175;24;144
48;11;74;48;74;74
5;9;9;166;5;5
94;14;94;14;14;30
125;78;72;45;112;123
48;42;42;48;156;48
22;92;85;92;181;181
5;80;24;5;24;24
118;179;142;152;118;179
42;42;42;86;38;38
121;29;118;153;41;80
137;126;21;25;180;97
76;76;98;81;186;186
75;54;31;31;75;31
152;43;189;174;88;39
107;108;186;109;186;109
104;121;81;106;117;57
18;106;92;92;18;92
190;32;175;32;98;98
138;46;138;171;171;169
92;67;97;97;67;67
59;32;52;32;32;59
187;76;76;106;103;103
150;93;97;27;192;162
93;44;93;47;44;44
24;64;64;91;193;193
79;197;29;79;79;29
80;80;58;58;171;58
26;193;123;117;193;26
92;17;17;51;17;51
82;18;82;173;18;18
90;11;73;73;11;11
200;143;10;162;146;95
193;152;56;37;193;152
159;54;77;54;54;77
88;82;52;88;52;88
80;70;70;70;80;98
58;137;137;17;115;115
98;48;60;48;98;48
98;128;34;65;89;134
86;86;71;86;71;78
80;132;124;171;75;184
24;106;89;89;24;24
92;98;197;92;98;92
15;123;123;99;99;63
140;88;88;88;76;88
82;28;82;82;28;198
92;76;92;92;76;16
33;82;168;82;33;33
174;28;127;125;174;125
64;103;64;83;83;64
67;95;95;67;192;67
37;84;110;84;84;37
63;53;63;53;63;69
19;96;19;147;147;191
59;43;11;11;11;43
7;9;7;7;9;17
120;165;30;165;120;30
154;16;101;102;16;101
39;39;46;57;39;57
84;84;130;97;84;97
35;94;49;94;49;94
95;121;99;99;95;99
28;28;79;79;135;28
87;87;17;17;89;17
65;71;71;71;65;138
83;48;48;48;83;74
10;18;18;94;10;193
87;15;87;15;15;47
92;62;59;59;59;92
28;169;112;117;28;117
91;18;18;91;44;18
91;91;91;75;75;103
51;28;28;81;81;81
148;40;133;162;162;133
30;146;123;119;109;64
20;81;101;20;81;20
131;91;99;76;133;125
81;142;142;151;151;193
41;87;87;41;76;41
34;17;34;17;34;83
42;170;170;117;92;92
70;79;79;79;70;141
34;90;90;199;34;90
94;94;68;107;68;94
30;89;30;30;89;124
124;124;152;28;171;152
113;173;92;92;134;113
30;137;30;17;156;17
67;67;81;67;178;81
122;200;122;183;183;200
166;14;14;87;14;87
22;8;8;196;22;22
74;115;49;74;49;74
38;20;38;38;20;84
81;81;153;20;20;20
64;170;67;94;51;134
37;159;123;65;33;55
110;171;171;67;128;128
21;21;56;23;56;56
32;72;48;35;106;172
58;99;58;24;24;44
194;28;185;194;131;28
54;88;28;88;88;54
87;60;60;60;86;87
14;14;68;68;88;68
154;36;139;89;54;87
79;41;135;86;41;41
52;83;83;181;52;83
62;14;180;137;194;110
89;87;87;66;89;89
59;131;131;173;173;156
194;150;43;133;194;43
117;156;117;183;117;37
55;55;55;38;22;22
5;40;5;36;5;36
85;23;23;48;48;48
104;108;79;108;104;194
167;41;167;41;54;54
185;185;157;190;105;185
24;59;125;125;53;24
173;51;112;106;106;51
196;114;102;189;196;189
84;151;151;144;84;151
23;91;7;7;91;91
5;29;29;29;121;5
103;47;59;47;59;59
67;177;62;62;67;62
125;130;130;79;32;125
13;98;13;72;171;98
79;171;79;108;82;108
134;99;183;137;123;12
20;173;110;110;61;61
77;95;77;200;95;77
82;81;173;82;173;115
57;186;95;200;166;14
9;37;9;78;9;78
89;38;38;42;42;38
49;98;49;75;75;49
29;18;29;18;29;162
69;72;72;140;69;25
127;164;44;150;75;84
11;41;43;41;43;41
63;106;21;20;109;125
10;93;10;98;10;93
76;35;76;35;52;194
53;144;53;53;53;53
89;32;160;89;89;32
152;165;128;13;152;165
46;46;27;94;46;94
44;73;73;44;44;115
157;41;138;21;139;13
98;71;71;141;141;61
65;65;45;17;12;45
14;57;164;91;164;91
59;24;59;59;24;146
179;179;195;99;99;153
49;199;199;49;148;118
161;174;157;174;180;184
8;50;139;50;8;8
38;15;15;38;171;15
119;14;150;51;47;170
22;54;70;196;100;123
107;107;194;24;119;119
91;113;91;84;96;113
26;26;113;192;177;177
114;29;59;109;77;58
80;102;159;159;80;131
23;15;23;23;15;194
109;34;108;14;110;56
33;9;9;33;33;27
77;77;77;191;24;24
66;66;8;8;49;66
137;52;26;26;52;26
93;70;54;54;184;93
197;87;12;186;180;66
68;68;76;45;68;45
168;93;168;52;108;52
170;73;43;144;144;43
195;185;195;121;121;185
80;159;81;81;159;80
139;187;131;85;75;18
162;38;177;92;101;94
77;77;5;197;77;5
105;11;199;145;160;34
20;92;20;167;92;92
67;71;87;87;87;67
140;64;170;137;82;75
134;89;89;92;92;92
40;58;40;40;8;8
30;47;84;47;30;30
42;174;28;42;28;28
177;91;50;146;22;199
88;80;88;80;80;123
86;63;98;86;63;63
17;20;107;91;70;65
75;75;69;69;75;70
102;200;72;22;191;65
35;31;35;31;164;59
33;14;14;33;197;33
36;32;7;7;7;36
129;101;37;37;34;101
38;12;12;77;38;38
200;172;10;200;169;10
132;7;7;7;43;43
5;5;5;19;151;19
8;8;35;8;10;10
199;55;105;21;108;154
86;76;68;86;76;68
90;104;16;16;90;16
142;183;125;188;84;113
48;33;113;48;48;33
81;81;57;57;81;44
162;100;30;24;32;141
99;13;13;99;131;13
146;59;146;141;136;141
64;64;60;60;60;33
153;23;9;9;9;23
62;49;49;25;25;25
95;37;22;161;37;161
199;84;22;84;84;22
56;29;56;56;39;29
14;68;68;14;14;59
173;162;195;173;190;190
53;15;42;156;160;118
78;43;43;71;78;103
42;42;54;178;54;42
63;38;63;38;110;38
116;178;125;37;37;125
93;120;70;70;93;93
46;52;46;94;94;46
22;195;93;22;93;22
82;111;152;129;92;152
13;13;11;165;11;13
190;56;56;70;70;56
49;191;174;197;143;184
199;55;43;34;42;151
68;20;20;110;172;110
43;74;197;74;43;43
39;39;17;126;39;17
91;7;112;91;7;7
70;19;19;70;19;11
85;127;85;62;85;62
198;141;117;134;39;94
61;23;62;165;61;23
163;84;189;189;112;112
34;34;136;34;51;51
109;36;30;41;41;36
20;50;20;79;50;20
73;61;73;73;61;145
89;139;89;155;89;92
102;189;102;189;54;182
71;40;40;183;71;71
38;45;45;31;45;31
90;50;21;90;50;21
99;97;98;99;97;99
162;118;82;118;82;162
40;82;40;82;40;27
90;97;97;90;90;146
180;99;99;135;180;135
70;56;70;96;96;96
64;147;48;64;48;48
50;35;50;184;35;50
155;36;59;43;82;102
87;138;14;14;14;87
47;15;47;70;15;70
76;43;43;76;76;82
55;55;62;117;62;55
174;58;83;119;119;90
67;60;164;74;140;49
178;22;44;166;57;43
125;139;110;125;168;144
197;197;163;163;85;176
99;99;99;61;61;186
82;82;111;111;159;71
20;20;93;20;63;93
6;60;6;102;60;60
108;63;63;63;43;43
180;168;98;84;103;40
56;167;80;36;167;56
57;16;93;154;164;70
32;180;32;32;66;66
186;51;179;51;102;102
74;63;74;191;63;189
99;99;103;9;9;99
40;162;40;16;16;16
159;198;34;79;119;16
26;42;24;24;24;26
140;35;79;45;187;78
37;118;85;118;58;37
17;17;27;183;27;27
117;72;186;137;137;72
63;63;116;98;98;116
112;153;30;153;30;115
12;47;12;50;12;50
11;94;84;94;94;11
48;69;15;15;69;15
182;117;52;52;52;29
28;46;93;12;167;19
7;7;59;59;35;59
23;120;43;87;154;128
193;15;15;5;15;5
11;40;11;11;34;40
95;25;161;88;88;25
95;46;86;168;63;124
91;85;69;128;69;128
72;64;56;56;72;72
77;12;12;77;159;77
24;20;20;24;46;95
14;69;70;184;182;59
30;19;19;30;154;19
94;107;61;61;73;94
7;88;7;88;88;102
17;95;14;95;17;95
15;29;29;71;29;15
92;10;92;107;107;181
36;59;36;59;21;59
28;55;163;38;105;98
109;69;15;109;152;15
32;32;77;79;77;11
81;81;30;76;76;81
41;41;160;160;91;91
185;87;155;162;155;162
173;61;14;14;61;14
124;93;53;39;25;29
159;50;26;26;159;137
76;80;80;80;75;75
31;94;31;31;94;31
90;22;90;30;90;30
183;195;14;109;19;87
92;92;35;87;35;35
65;18;65;65;18;32
24;47;47;47;180;24
126;135;59;59;126;35
185;39;11;11;39;79
104;71;116;39;39;116
74;173;49;199;74;173
5;74;74;191;5;74
83;73;73;83;73;138
38;36;96;135;132;46
78;56;99;24;143;28
91;24;24;17;17;17
5;5;5;25;56;25
13;59;55;144;46;165
175;82;79;154;34;136
196;163;68;59;64;48
21;49;21;38;38;38
176;28;176;39;165;165
180;122;82;135;136;144
200;200;116;171;171;49
80;41;41;41;41;41
69;93;99;187;31;115
172;28;83;83;83;28
69;66;59;69;69;66
77;77;86;49;49;49
79;79;79;93;98;98
87;72;72;66;84;84
57;114;57;98;98;98
56;56;140;176;140;176
44;44;57;35;44;35
28;60;77;35;146;125
52;27;27;52;67;22
176;103;75;64;176;64
33;13;13;143;13;33
34;55;80;80;34;34
105;18;43;105;43;18
56;79;56;83;79;79
46;116;19;116;184;184
23;9;190;9;23;9
82;137;162;130;162;137
51;29;51;51;29;200
107;42;13;13;42;170
112;71;112;71;115;115
51;87;87;87;51;87
63;88;88;179;88;63
71;54;51;71;51;71
47;47;53;47;128;53
64;70;70;159;70;64
184;89;75;77;52;80
101;88;155;85;45;71
61;50;191;63;135;88
61;114;82;82;61;82
21;74;74;76;76;21
132;132;16;170;158;158
12;12;68;12;12;68
152;22;115;142;152;115
10;31;11;10;10;11
21;65;21;21;65;54
19;172;31;172;131;31
174;89;89;48;48;48
38;161;38;60;60;38
7;26;26;7;26;148
53;12;12;53;12;38
31;131;11;11;31;11
54;76;76;76;76;76
195;22;34;34;22;34
12;148;197;128;40;186
32;42;32;42;42;188
61;93;47;93;47;47
195;147;96;70;25;34
22;22;33;33;19;22
22;59;22;59;28;59
23;53;23;125;23;53
63;40;63;40;40;192
140;111;111;45;161;161
133;39;71;80;133;80
44;58;44;149;149;122
75;89;51;75;89;89
99;137;99;40;40;99
14;114;93;14;93;93
39;130;175;17;157;108
74;103;49;91;89;57
57;23;57;120;23;57
185;86;86;80;96;185
105;93;77;51;189;47
22;27;44;44;27;44
73;116;35;73;35;73
88;85;85;88;88;195
81;65;65;70;70;65
58;85;85;85;166;39
7;38;7;177;38;7
120;33;31;98;120;98
31;167;27;183;183;167
34;34;55;55;52;55
63;38;63;59;63;38
118;19;19;107;14;107
20;10;20;10;10;156
105;182;91;50;192;46
31;79;175;79;79;31
118;186;116;118;186;100
192;37;37;82;82;82
55;55;55;35;35;26
113;40;40;76;193;76
153;45;176;153;45;166
58;104;17;104;14;14
106;99;99;99;99;99
106;134;24;125;39;187
42;155;27;104;156;11
56;56;52;52;23;52
87;10;10;10;87;163
147;137;126;160;28;94
22;80;22;80;178;80
20;23;40;23;20;20
40;37;37;40;37;44
134;152;45;190;188;119
183;164;118;164;197;197
98;5;182;5;98;98
94;38;94;38;38;80
93;49;136;58;107;149
142;39;39;9;39;9
28;106;187;187;28;15
160;150;159;175;150;159
81;81;189;36;36;36
71;137;22;199;109;42
61;177;35;35;61;61
199;19;19;95;81;199
175;62;15;62;15;62
74;120;74;55;55;74
77;77;31;62;31;77
73;186;162;164;162;73
90;35;161;90;35;90
61;27;27;73;61;61
161;138;191;165;191;165
33;42;149;28;48;155
19;42;10;95;40;79
10;43;43;10;76;10
131;119;26;186;140;112
18;97;191;97;18;97
20;21;42;21;21;20
153;87;17;17;87;17
13;35;14;35;35;14
54;128;24;54;24;135
142;91;6;6;91;6
23;23;23;168;12;12
88;137;176;127;127;137
156;82;147;43;104;138
186;50;116;172;50;172
71;54;71;119;54;177
103;129;37;43;42;22
30;48;182;198;97;117
154;154;24;38;133;133
81;185;26;86;101;140
49;7;7;84;7;84
27;56;27;27;56;161
52;19;13;160;81;143
118;56;19;56;19;19
142;79;79;108;108;151
62;140;69;62;69;62
50;16;16;16;156;50
127;146;127;42;183;42
87;87;87;94;94;166
96;115;122;190;127;97
37;190;109;109;197;37
16;111;111;84;129;16
86;46;46;46;171;91
124;154;124;154;118;53
30;64;65;98;67;176
138;77;194;182;77;182
70;180;64;70;70;70
50;72;72;50;21;50
156;28;28;57;57;57
84;34;34;30;30;34
21;42;90;42;90;42
49;66;129;129;181;49
64;64;46;142;46;64
123;47;157;123;157;150
71;89;50;134;23;56
125;125;31;31;147;181
83;116;192;46;65;57
32;32;14;32;65;65
46;73;179;73;46;46
132;41;41;54;132;140
156;107;156;38;38;71
72;121;72;52;72;52
158;47;113;163;198;58
67;67;66;63;63;67
74;97;97;97;191;74
28;91;91;38;84;38
179;188;193;188;59;59
64;106;33;100;100;106
95;197;107;197;95;97
102;142;30;161;105;110
30;8;81;8;81;81
196;21;22;67;16;110
43;52;94;94;43;94
116;62;62;121;135;121
49;49;65;49;29;65
80;80;61;61;62;61
54;42;145;145;54;42
75;69;75;158;39;158
90;165;59;59;27;165
39;54;55;169;190;147
169;12;73;84;71;69
93;198;172;151;151;172
122;184;67;195;177;190
118;144;126;63;27;195
89;89;44;44;195;44
59;41;41;41;59;111
58;44;58;58;48;44
114;11;114;155;84;11
19;120;114;19;104;120
11;97;97;97;11;97
89;89;89;162;39;39
50;30;178;155;32;111
143;198;115;155;198;143
169;169;136;118;88;118
169;126;155;115;56;72
137;40;157;112;145;18
150;169;126;73;52;178
18;70;70;42;18;70
61;77;61;77;77;116
56;198;151;151;78;198
143;198;179;179;48;48
5;5;42;5;42;44
79;79;94;26;94;79
75;75;23;75;165;23
18;115;76;59;178;82
48;48;15;15;159;15
198;70;116;70;83;116
24;65;65;79;24;24
21;33;178;15;85;117
34;69;34;42;69;69
192;49;192;49;139;118
47;47;47;109;17;17
167;69;11;145;145;11
21;166;21;166;159;159
50;31;156;31;50;31
70;70;96;197;96;96
60;80;12;80;80;12
154;40;95;184;199;92
38;37;38;38;134;37
22;87;17;155;54;181
43;123;71;43;43;71
32;132;32;98;98;32
105;182;138;160;182;138
144;124;111;31;168;187
181;16;93;13;102;137
90;46;184;24;110;81
54;132;186;54;54;120
19;19;68;19;12;12
58;37;58;52;151;37
128;57;30;156;187;144
61;19;29;61;29;29
93;93;93;5;113;5
39;14;39;96;39;14
114;37;37;76;76;37
130;102;152;50;50;152
181;18;131;40;18;131
183;117;137;96;168;153
42;46;46;150;42;46
71;42;147;68;64;69
189;32;32;31;31;31
162;93;71;77;175;95
19;19;166;61;125;125
96;9;96;185;96;9
65;65;65;20;20;160
22;37;37;175;125;125
159;195;111;159;116;195
25;179;56;179;100;56
49;49;49;10;10;29
181;181;71;76;97;97
113;50;59;50;59;59
91;20;91;60;91;20
50;126;50;23;23;150
79;105;146;32;76;113
5;35;58;5;5;58
138;163;16;58;58;163
69;173;69;12;69;12
40;173;40;20;40;20
89;21;89;21;173;173
50;40;40;119;74;119
110;19;186;129;87;152
8;8;166;63;63;8
54;99;43;152;152;99
155;105;173;151;75;30
180;50;167;150;110;20
184;123;190;105;137;95
132;41;35;35;55;55
123;190;190;72;72;28
42;42;42;94;93;94
59;5;103;5;59;5
112;121;52;197;126;40
163;83;200;118;26;84
185;87;41;41;87;41
16;28;28;28;119;16
16;16;75;75;10;16
59;51;33;164;25;120
105;105;77;129;77;106
187;132;136;193;168;170
20;44;73;73;73;20
13;140;32;169;58;113
22;90;22;22;17;17
198;130;163;80;167;192
122;122;197;147;67;197
49;178;190;178;114;114
175;192;175;34;34;192
57;189;57;34;34;57
70;70;54;70;54;54
152;175;80;128;22;25
97;97;61;61;142;97
43;58;199;166;37;145
14;14;79;14;14;14
71;50;25;71;25;71
59;142;186;26;186;59
195;53;157;157;195;45
137;85;59;155;168;20
99;77;77;77;199;99
153;27;28;27;28;28
18;23;149;92;92;23
86;86;50;50;86;135
52;25;52;34;52;34
106;16;103;106;173;16
67;67;67;184;87;87
44;12;161;42;180;151
54;54;90;21;90;90
11;11;167;11;55;55
68;68;115;115;117;117
77;44;149;175;161;156
196;75;39;75;75;39
91;81;81;198;198;91
163;39;29;39;29;39
12;78;186;112;60;169
155;7;78;7;78;78
158;55;11;117;117;158
150;101;101;150;64;64
59;119;59;46;46;59
97;62;92;45;161;150
119;19;16;16;19;19
153;13;153;81;13;165
198;184;101;61;33;30
137;73;40;36;176;166
93;18;127;12;117;74
61;85;11;61;149;85
11;73;25;25;25;73
88;88;97;143;156;143
8;8;39;8;43;39
156;97;74;97;156;138
112;16;16;54;16;54
13;54;27;13;54;13
45;79;125;79;125;137
23;23;23;76;76;21
97;11;138;11;97;97
22;58;58;54;22;58
96;12;26;191;191;26
72;97;26;50;82;34
178;126;120;157;137;112
56;191;79;79;56;79
148;189;148;189;197;197
51;135;135;51;111;146
89;89;65;84;84;84
15;53;53;15;55;15
164;100;37;126;186;65
91;91;91;75;25;75
28;18;22;18;22;22
14;146;130;53;92;33
161;179;161;179;179;179
79;79;9;79;198;9
33;33;33;12;12;74
172;13;17;39;143;68
98;98;14;98;171;14
119;146;180;113;26;142
52;12;52;52;12;122
148;105;171;106;106;171
64;64;71;86;71;64
23;23;181;47;47;23
70;88;88;114;88;70
178;178;128;131;128;131
52;20;171;52;94;94
121;36;36;45;45;45
11;11;11;73;10;73
176;110;164;138;164;32
55;52;70;52;70;147
54;175;92;174;54;23
166;25;33;98;159;20
86;71;71;71;55;86
81;83;21;81;81;21
118;118;137;147;32;137
21;21;178;44;21;193
30;174;170;22;155;159
15;55;15;98;98;98
116;116;116;141;141;149
16;36;87;87;87;11
94;94;12;107;12;94
186;19;19;19;57;57
161;161;123;144;144;69
39;43;43;47;39;39
93;157;84;157;93;84
21;6;178;21;6;21
6;77;99;6;77;77
35;24;172;35;35;24
145;78;69;78;78;69
102;26;66;98;21;157
109;195;140;195;97;140
80;80;18;187;18;80
64;64;64;64;189;64
103;175;132;59;10;153
10;171;39;125;49;28
15;21;76;76;76;21
186;85;10;131;183;125
72;81;72;71;71;71
48;53;93;48;48;53
31;58;31;77;58;69
66;66;66;50;180;50
87;96;96;96;87;28
9;67;9;149;9;67
28;28;63;28;63;137
21;21;21;56;18;18
50;156;83;83;83;50
146;58;116;32;111;174
42;94;94;42;42;179
73;43;37;71;76;158
30;105;157;30;190;30
49;49;70;70;28;70
22;77;124;77;77;22
148;66;53;66;66;53
52;96;152;52;152;96
55;26;55;55;50;50
28;12;31;166;70;141
51;121;96;121;51;153
21;21;139;75;21;75
132;86;158;163;103;117
82;153;30;153;71;82
99;70;137;125;119;13
44;44;25;25;25;86
37;57;37;57;37;138
100;11;92;11;92;11
138;67;142;102;102;142
5;24;24;29;5;24
10;14;10;14;10;142
50;174;165;27;171;63
147;62;89;89;62;89
9;44;9;121;9;44
191;146;37;56;105;180
157;54;10;10;58;54
54;198;178;11;54;198
84;39;196;39;84;39
36;48;143;36;86;86
95;95;46;46;46;80
90;32;176;28;106;24
30;91;10;91;10;10
91;99;91;99;91;161
87;136;87;87;70;136
22;182;5;22;22;5
37;176;176;61;128;37
174;98;144;144;49;49
23;18;44;51;116;194
43;148;43;43;39;39
92;92;150;57;150;13
176;144;95;144;176;126
12;15;15;78;78;15
18;35;42;42;42;18
135;127;86;71;169;27
58;37;58;53;151;37
32;45;171;45;32;45
83;83;16;83;191;16
151;59;92;151;59;145
35;196;64;64;35;35
88;88;187;88;75;75
40;76;137;76;76;40
81;81;9;9;9;142
73;40;35;73;108;35
196;44;12;12;50;196
49;83;49;89;83;49
149;115;102;115;155;102
33;27;8;27;8;27
91;91;64;64;91;95
8;84;8;139;84;8
100;74;138;72;85;43
168;83;72;47;14;172
34;56;34;56;34;123
27;16;16;27;16;156
48;33;72;33;33;48
96;93;67;96;67;96
93;97;97;97;93;15
149;128;60;60;122;128
132;104;132;87;49;87
47;84;116;47;84;47
67;68;182;68;68;67
60;17;17;31;17;31
52;18;31;18;18;31
70;20;70;20;170;70
27;145;29;79;29;27
89;89;19;73;73;89
139;80;110;139;110;75
106;75;108;139;39;109
124;73;47;34;96;39
35;10;10;35;102;10
73;73;73;89;17;89
70;56;56;70;28;70
65;117;109;65;20;109
47;28;33;47;33;33
60;18;125;81;77;171
7;7;89;7;94;94
138;35;77;138;191;191
163;37;37;37;27;27
90;61;191;90;61;61
194;114;114;108;194;29
45;45;45;65;47;65
61;55;61;52;61;52
87;27;27;87;87;176
73;73;73;77;77;10
72;52;52;52;164;72
162;175;195;150;75;61
76;21;21;60;60;60
55;162;34;98;90;174
62;22;94;94;62;62
95;95;40;40;40;130
93;50;50;93;161;50
86;86;149;86;59;59
61;61;34;40;40;40
155;81;53;81;155;89
57;13;57;13;54;13
69;81;81;69;117;81
48;60;60;151;48;60
87;86;91;171;87;87
197;193;188;197;193;71
15;25;67;67;25;15
28;28;30;30;55;78
13;13;49;49;13;23
20;53;20;136;53;53
77;32;32;77;77;85
47;47;54;47;101;54
185;109;78;185;79;109
100;125;48;48;100;125
59;36;36;39;59;59
7;7;74;171;7;74
14;76;47;14;14;47
46;110;174;44;46;110
23;23;46;159;46;46
17;70;106;73;174;188
42;21;82;168;21;168
63;59;59;63;36;128
93;98;53;162;199;87
56;60;77;77;56;77
48;120;79;132;48;132
192;186;42;38;37;160
140;158;109;127;158;109
169;169;118;33;129;33
23;67;23;23;34;67
11;101;11;88;11;88
37;37;70;70;70;196
64;48;48;48;65;65
74;40;55;40;40;74
24;174;68;68;38;38
166;124;124;58;39;124
126;41;39;39;39;41
15;17;15;17;86;17
50;102;50;74;74;50
67;64;22;60;39;79
190;72;129;86;45;119
65;55;65;65;55;78
83;70;83;148;70;83
44;178;188;193;188;188
9;43;9;9;146;43
158;131;28;117;117;28
145;64;18;33;33;145
154;84;113;134;83;101
44;44;90;90;200;44
162;184;187;150;14;20
145;51;133;133;145;51
62;8;8;23;23;23
46;94;94;157;157;46
31;87;27;31;27;27
166;181;138;118;111;64
40;48;48;48;167;40
73;73;20;70;70;73
30;19;37;24;24;176
72;40;40;75;72;165
22;25;151;76;56;107
130;134;133;134;130;12
132;161;100;82;91;38
115;174;30;21;173;35
15;15;94;94;33;15
94;76;94;76;11;76
135;15;37;15;37;37
57;11;46;11;11;46
92;82;132;92;92;82
38;27;27;175;27;38
42;18;18;166;88;88
53;46;46;104;53;53
23;142;124;161;106;62
22;64;22;64;92;64
53;53;71;71;40;53
92;72;24;81;72;62
38;53;100;53;53;38
78;67;35;180;183;59
106;175;175;126;126;132
49;22;139;49;22;49
113;102;72;106;139;176
130;36;183;36;130;25
69;139;51;139;23;69
171;173;186;113;44;19
53;41;195;189;18;14
188;69;10;69;10;69
47;128;47;64;47;64
40;40;112;43;43;43
151;41;56;138;26;29
52;61;14;52;52;14
34;8;34;8;14;8
74;21;74;185;185;124
35;195;76;195;16;76
139;154;182;156;154;182
90;99;184;125;173;15
79;75;92;165;71;33
75;57;75;57;75;96
95;95;95;152;99;99
59;72;59;189;72;189
83;64;83;64;41;64
42;56;42;19;42;56
99;191;200;182;122;178
8;31;8;8;18;31
123;8;8;8;71;71
97;49;196;159;85;91
26;157;108;75;178;42
195;80;77;195;195;135
194;194;184;73;184;98
40;69;69;40;122;122
199;55;55;101;55;52
156;144;130;144;156;65
37;180;37;58;58;37
18;88;18;88;143;18
19;22;19;19;55;22
167;93;84;84;167;93
98;197;22;22;22;98
135;130;98;98;130;135
62;200;62;34;200;34
89;89;58;123;58;58
22;59;59;123;123;22
127;167;167;127;128;154
37;184;50;50;37;37
12;12;70;129;70;70
53;33;33;18;18;33
65;81;81;65;63;81
66;72;72;72;132;66
73;41;73;41;142;41
87;162;162;155;87;45
129;25;49;87;166;64
79;43;196;43;79;79
55;88;117;55;93;117
83;83;18;22;18;18
35;74;35;75;75;75
23;122;23;68;23;68
50;164;72;142;185;34
24;12;152;142;12;142
30;185;30;30;97;97
80;79;80;80;79;88
183;18;31;31;18;31
16;16;150;134;108;134
5;73;156;5;73;5
141;50;80;50;80;80
48;48;89;89;176;89
43;40;43;77;77;43
149;65;134;134;149;81
195;39;136;85;11;54
175;106;77;187;54;112
43;34;43;43;34;198
41;22;41;22;41;43
29;88;88;80;80;80
87;87;67;67;73;73
85;41;171;95;95;171
21;93;23;21;21;93
176;38;118;176;87;87
169;104;169;67;67;104
37;191;37;85;85;85
45;148;124;127;129;152
18;123;123;109;109;75
79;112;151;74;79;112
71;89;188;89;71;71
83;13;13;83;13;155
36;170;81;36;36;81
30;39;39;146;30;30
84;43;104;66;53;164
189;66;75;75;66;66
31;66;31;96;66;66
50;85;85;50;50;32
125;125;75;19;14;75
58;83;83;178;178;106
157;21;21;70;70;70
109;62;70;190;118;88
35;35;38;35;165;38
200;162;32;127;116;188
53;96;53;53;13;13
97;88;88;88;48;97
74;74;74;66;66;57
188;186;103;198;198;103
187;39;187;126;39;140
23;125;63;23;111;111
86;35;35;86;46;86
189;113;86;86;189;113
84;84;64;18;84;64
80;34;80;34;104;104
95;65;95;95;52;52
59;153;93;59;93;59
34;72;145;168;68;114
109;61;102;102;114;43
83;70;70;21;83;70
15;11;11;81;15;11
96;96;96;22;53;53
21;67;18;18;18;21
16;23;149;149;88;149
38;59;144;35;190;163
90;44;124;54;88;58
70;70;67;162;67;70
175;176;75;117;132;197
78;65;65;78;65;84
196;64;125;185;64;128
196;123;81;196;19;19
14;14;46;46;14;120
146;18;79;73;78;48
17;97;34;97;168;97
20;141;73;20;20;73
118;66;63;66;63;63
166;17;70;177;17;166
41;41;41;53;109;53
48;117;198;89;152;49
125;55;101;125;101;133
187;46;37;12;33;168
95;150;95;125;125;17
131;182;92;155;80;121
64;64;106;70;70;64
24;186;69;24;69;24
80;174;105;174;89;89
37;43;25;37;111;111
193;67;153;67;193;180
64;25;106;25;64;64
31;167;31;39;39;31
25;25;75;183;25;75
36;84;84;63;192;192
157;191;191;71;197;197
19;51;10;25;186;96
31;65;76;76;31;31
34;32;34;40;40;40
140;70;14;14;70;14
44;20;20;20;44;119
188;188;171;170;181;170
20;46;20;46;100;20
84;84;35;35;84;27
61;16;22;96;65;121
64;90;83;90;90;64
40;165;15;16;15;165
119;176;176;98;106;98
25;25;25;199;65;65
137;128;113;90;101;111
82;46;82;86;46;46
136;136;139;110;139;42
98;19;19;19;24;98
182;92;142;117;16;165
20;5;20;5;5;98
35;49;35;173;49;35
154;67;53;53;67;67
196;64;127;48;126;72
93;69;15;69;93;69
160;156;173;110;110;173
47;44;44;44;120;47
38;69;69;38;47;38
126;50;116;155;155;50
75;63;63;63;7;7
167;90;133;47;134;50
65;52;65;52;52;115
94;81;188;94;94;81
85;85;58;58;123;53
49;76;164;49;49;76
185;163;163;87;83;83
114;85;91;85;85;91
15;159;15;35;35;35
188;24;79;38;97;198
102;188;16;164;102;164
81;181;81;45;81;45
78;136;149;17;149;136
83;32;104;32;83;32
55;81;55;81;125;81
147;110;47;78;185;186
54;200;54;54;91;20
51;51;53;53;51;51
116;95;36;126;146;19
78;78;55;55;55;73
131;131;81;42;42;167
34;40;34;40;40;158
126;34;34;34;71;71
136;76;180;111;153;128
88;47;182;107;14;24
48;92;60;48;92;48
11;11;95;95;47;11
19;8;166;8;8;19
160;142;160;133;133;142
132;38;76;57;63;131
85;85;85;172;87;87
98;190;114;112;175;170
177;16;80;80;162;177
95;43;70;43;65;65
22;108;140;134;127;118
186;174;61;30;61;186
10;32;32;173;193;10
56;56;176;56;9;9
34;176;93;170;190;74
158;42;128;20;156;177
15;15;15;155;63;63
46;28;19;126;87;20
45;75;75;45;158;48
108;135;181;37;152;175
104;10;104;132;199;187
17;81;76;17;81;81
110;182;117;77;133;72
27;129;27;145;64;64
19;16;19;19;23;88
139;199;66;198;45;178
181;119;71;101;157;58
185;168;94;94;151;185
68;115;37;121;196;45
49;42;38;49;49;42
140;69;69;62;69;62
102;135;83;130;75;197
34;194;34;34;36;36
197;73;197;120;120;117
81;81;17;81;177;17
25;8;197;25;25;8
85;10;10;42;42;10
188;188;102;195;128;169
145;146;128;94;146;145
84;15;15;15;84;76
65;53;53;65;59;65
74;171;145;145;171;74
46;84;46;163;84;46
30;91;91;193;91;30
142;197;129;197;41;142
109;97;109;109;178;22
171;143;42;162;24;136
44;5;5;44;5;47
31;46;31;46;51;46
124;147;144;120;144;147
56;74;50;56;74;74
141;10;10;14;162;141
13;36;153;129;129;36
48;189;168;48;168;189
89;17;149;17;17;89
31;31;160;160;13;177
160;160;77;197;197;77
192;182;196;196;192;187
32;30;30;70;30;32
30;7;7;169;30;7
35;92;35;68;68;68
60;112;60;53;53;53
90;90;90;80;41;41
21;9;21;30;9;21
111;158;167;158;167;174
141;83;136;122;109;148
69;139;69;149;139;136
41;13;13;13;41;183
178;54;40;167;167;54
28;40;28;85;85;28
109;56;109;60;138;91
48;109;106;48;109;95
131;93;133;131;14;176
49;53;128;14;95;166
38;38;15;38;38;38
165;50;166;83;118;174
14;61;61;7;7;7
18;169;71;160;61;17
49;128;34;49;49;34
14;47;14;47;75;14
32;38;38;158;38;32
58;154;58;199;169;169
175;175;142;86;163;142
79;79;71;71;32;79
155;147;106;194;147;106
152;80;96;179;78;13
166;54;25;25;54;25
183;157;166;39;183;166
22;22;137;56;184;137
165;121;131;107;53;131
87;62;87;62;87;55
95;104;123;164;198;61
11;46;11;11;55;46
91;98;68;29;134;62
97;16;180;144;68;108
73;26;26;26;159;73
72;72;72;34;83;34
55;40;40;19;40;19
14;14;14;16;16;132
6;46;74;46;6;46
60;138;136;117;115;39
113;60;96;96;60;60
29;32;29;29;32;178
180;21;21;36;36;21
49;104;49;63;192;104
21;85;80;21;85;21
139;14;56;76;64;23
158;158;79;103;79;103
29;61;61;29;23;61
42;19;78;42;78;78
52;52;26;52;26;118
28;122;37;28;28;37
30;30;90;90;30;155
149;197;83;53;30;101
151;111;176;151;176;84
16;197;16;42;16;42
48;39;39;48;39;195
43;178;43;43;39;39
67;165;196;196;165;162
41;48;91;32;32;48
20;24;179;28;72;196
65;41;65;41;70;70
197;107;85;78;85;197
36;50;50;50;36;114
95;38;95;135;38;95
76;115;108;87;76;115
33;56;33;33;33;33
107;16;16;57;57;84
66;66;17;17;66;45
97;71;66;66;66;71
21;21;52;34;34;34
66;14;14;157;46;46
195;135;168;144;111;140
26;70;86;86;86;26
18;175;20;65;20;18
24;24;92;60;60;24
89;83;76;76;83;76
100;78;188;137;188;78
176;127;128;176;199;172
131;131;162;162;175;195
92;166;92;167;181;167
102;118;118;102;146;146
139;159;18;18;139;34
30;42;42;94;30;30
22;80;42;42;80;42
151;134;56;56;151;192
167;167;143;143;132;176
74;173;154;152;143;65
98;98;62;62;98;81
93;82;155;15;52;114
94;31;16;31;31;94
9;96;9;9;96;13
10;10;10;108;9;9
43;43;35;35;43;98
124;43;179;124;179;180
148;13;48;48;80;148
96;195;111;46;154;93
46;197;16;196;133;133
33;131;154;192;144;136
70;93;136;29;71;44
88;88;88;77;77;177
162;183;190;118;54;29
143;18;18;68;68;18
5;192;5;5;40;40
113;55;146;65;106;180
77;11;77;77;11;82
71;71;26;22;71;26
73;36;61;163;93;190
82;7;82;7;7;55
191;103;75;191;75;147
29;29;27;27;29;175
5;52;28;5;52;52
6;25;131;6;6;25
98;142;96;33;139;76
61;61;61;183;89;89
67;82;175;53;17;18
32;19;19;19;32;87
65;88;88;65;65;156
73;58;33;33;73;73
86;95;61;95;61;86
99;87;81;81;87;81
129;28;59;71;145;116
32;88;32;12;12;51
46;168;50;168;46;129
62;123;123;110;110;62
172;36;132;75;132;75
191;49;49;157;70;157
12;25;165;140;197;39
77;83;83;83;77;196
6;78;78;6;18;6
51;44;194;51;44;51
36;10;131;17;93;107
113;14;17;17;14;17
93;73;93;73;26;73
34;82;111;111;34;82
138;177;122;122;153;177
90;45;45;90;136;90
39;39;71;115;39;71
190;104;129;43;30;171
16;193;72;16;170;72
43;101;116;174;99;148
88;145;56;88;56;56
18;51;51;140;51;18
66;71;66;71;195;195
41;5;41;96;5;41
65;65;96;184;96;65
53;30;30;54;54;54
95;48;48;69;95;95
50;93;50;177;93;50
194;39;194;125;87;125
42;37;125;37;42;42
152;161;44;98;32;95
32;32;163;27;27;91
140;62;47;93;111;150
181;85;29;131;85;85
64;37;64;62;62;57
40;66;66;85;66;40
33;156;26;136;191;149
157;31;31;31;14;14
77;48;48;32;32;32
168;70;148;24;68;19
154;44;154;153;44;153
167;194;81;52;139;169
47;113;113;26;47;122
65;92;83;92;92;83
54;54;54;167;72;72
184;38;164;38;184;164
58;142;58;89;58;89
71;111;71;116;116;40
159;113;41;182;41;113
42;80;111;104;73;35
45;57;12;57;12;45
30;98;98;18;18;98
20;10;125;14;103;35
87;55;114;160;118;184
78;173;11;78;11;78
54;12;68;36;43;180
119;142;142;104;121;119
94;94;27;42;42;42
39;28;88;177;182;197
5;75;81;81;5;81
45;85;45;85;45;39
91;97;152;91;97;97
21;127;18;49;200;190
26;112;68;55;99;72
22;133;22;22;96;96
160;32;32;73;84;73
91;130;192;91;192;130
43;146;87;21;21;87
95;31;31;55;168;37
55;21;50;55;50;55
65;162;13;93;154;134
173;174;173;63;72;72
11;11;11;99;190;99
85;53;85;53;135;53
86;86;80;80;60;80
176;176;189;90;90;157
106;106;132;115;152;115
144;183;183;46;151;151
40;66;66;93;40;66
158;62;16;16;62;16
50;36;36;41;41;36
151;54;64;33;151;54
68;68;68;40;40;45
97;97;134;13;97;13
96;11;96;187;11;11
77;193;163;33;163;25
46;94;50;46;46;50
103;115;189;131;46;102
45;95;95;45;45;112
139;108;91;52;118;191
191;40;40;84;84;40
32;120;198;62;97;93
63;31;63;43;63;31
101;101;117;134;134;190
91;91;86;91;22;86
88;8;88;8;185;88
76;119;80;80;80;76
23;173;173;89;89;23
15;27;27;27;39;15
27;63;187;182;157;110
17;171;17;57;17;57
96;96;42;116;95;150
191;65;28;65;28;65
88;62;88;62;86;62
160;174;51;174;51;128
68;60;31;44;197;153
152;64;152;152;43;152
82;91;81;82;81;82
181;31;31;56;56;31
60;69;77;69;120;120
164;45;24;45;24;24
153;76;52;24;194;36
49;87;191;49;49;87
94;45;186;45;94;94
25;25;25;91;91;135
131;108;131;95;116;95
26;26;156;138;156;138
17;17;43;43;17;14
120;30;120;83;83;30
49;99;159;40;99;49
58;44;44;58;44;98
102;110;152;148;128;111
34;21;181;21;84;192
12;12;80;80;15;12
176;98;37;137;144;56
52;107;148;10;52;107
145;145;22;34;171;171
33;55;33;55;150;55
26;79;128;128;157;79
129;81;142;108;166;126
64;64;196;200;187;200
175;117;61;161;72;94
130;162;162;116;28;28
76;76;156;169;156;169
57;10;10;10;116;57
40;16;184;40;16;40
22;38;22;38;38;173
126;29;174;23;120;57
48;135;10;48;10;48
76;168;156;103;76;168
23;92;92;92;23;190
92;199;39;92;39;39
70;140;70;35;150;70
169;145;168;183;168;169
100;125;116;78;147;126
134;134;148;154;199;199
71;45;127;26;31;116
72;8;72;72;8;165
52;66;102;47;121;21
88;49;42;49;49;42
99;44;99;99;123;44
25;25;25;67;67;93
176;141;176;141;137;113
81;124;15;15;81;81
59;199;59;157;199;157
59;13;134;53;168;77
178;62;197;92;92;197
109;21;21;109;166;166
139;95;139;146;84;146
33;93;33;93;106;93
20;170;20;74;74;74
136;41;33;41;41;33
159;72;72;13;13;72
20;14;20;14;14;116
154;117;154;144;117;22
19;31;75;19;75;19
24;69;76;76;114;24
98;179;98;95;95;98
132;156;15;187;130;50
198;46;29;29;29;46
146;40;115;26;150;69
30;86;192;73;184;20
69;69;18;152;18;18
190;39;97;39;97;39
5;124;58;5;58;5
10;86;164;175;10;86
67;68;67;68;156;67
82;43;181;43;133;82
28;64;64;51;28;64
26;55;55;46;46;55
64;122;122;129;57;64
106;21;181;21;138;138
15;23;23;60;23;60
86;86;27;27;48;174
75;75;119;11;119;11
86;107;86;180;18;107
112;47;47;45;45;47
147;88;88;69;69;151
53;28;114;82;46;12
61;61;19;61;30;19
139;150;174;180;167;173
98;133;84;84;84;98
80;80;146;131;23;23
91;187;34;191;181;36
67;37;61;67;67;37
7;72;72;7;98;7
158;158;131;132;131;68
108;86;108;129;86;39
133;87;49;87;49;49
92;93;115;90;90;115
186;187;191;191;186;121
79;40;40;79;137;79
21;71;195;21;71;21
33;33;15;181;15;33
61;123;61;13;13;104
132;48;48;141;169;141
50;68;50;80;80;68
68;92;92;68;56;92
103;78;78;87;87;87
92;92;17;17;157;45
152;32;17;33;152;32
151;46;23;70;157;184
40;23;192;40;23;23
5;5;91;84;84;5
58;37;37;160;58;37
76;55;30;30;55;55
85;75;172;21;87;125
20;15;124;15;20;15
14;31;61;136;166;87
18;71;64;71;18;43
157;87;168;70;70;168
192;18;108;106;22;118
41;7;29;7;7;41
97;97;82;82;62;36
104;123;149;104;12;123
68;68;68;171;16;16
114;184;176;26;26;176
40;100;69;172;97;90
183;18;174;43;194;67
26;26;67;193;67;67
196;58;196;182;106;106
166;119;103;20;107;35
14;29;14;29;29;93
153;147;96;96;57;86
134;190;190;102;134;185
123;172;112;65;69;158
80;158;176;176;137;137
58;153;81;151;81;151
180;138;162;60;87;55
87;137;101;43;87;137
46;197;15;15;46;46
32;32;32;192;41;41
185;135;135;189;101;185
148;65;87;87;87;65
37;116;176;34;36;12
85;180;139;175;120;181
146;52;14;60;117;156
14;86;168;185;85;177
78;78;25;78;26;26
27;27;60;54;27;60
39;61;107;41;43;167
11;122;120;107;120;122
65;99;99;166;65;65
118;149;40;11;11;118
91;92;28;91;92;92
193;70;70;70;44;44
52;15;26;15;93;93
79;177;12;36;51;11
45;48;170;45;48;48
38;28;28;28;38;151
45;50;14;48;45;14
86;80;80;78;78;80
32;23;51;23;32;23
52;77;22;58;136;163
177;145;41;51;154;148
64;64;194;40;40;40
109;109;114;161;161;114
136;134;182;25;36;19
108;146;29;29;29;108
32;32;30;11;11;32
140;171;147;10;196;63
88;164;42;147;46;70
38;38;60;38;61;60
105;12;105;75;168;75
85;93;85;85;41;93
89;197;89;56;89;56
167;20;188;138;159;157
32;32;184;127;101;127
38;151;87;55;130;14
56;26;26;108;103;108
171;51;109;136;102;169
28;73;102;53;117;123
73;95;73;95;154;73
162;146;33;15;69;17
74;74;111;74;58;58
85;96;32;96;96;32
65;15;17;132;17;132
80;72;22;80;80;72
91;91;81;81;81;81
83;150;174;13;15;194
11;37;11;41;11;37
27;126;27;78;78;27
94;70;70;94;70;79
116;177;116;12;12;107
89;52;89;178;52;52
76;84;76;84;58;76
21;37;37;21;21;181
179;28;8;8;28;8
30;30;32;30;31;31
42;128;171;150;17;148
73;157;84;156;156;84
112;13;13;74;13;74
187;86;187;38;86;70
149;6;6;91;91;6
109;120;172;103;180;163
31;181;35;31;159;159
74;74;74;47;104;47
62;33;33;62;150;33
194;66;143;194;143;66
193;117;152;58;30;103
71;57;57;102;71;57
143;82;143;82;42;163
89;74;89;74;89;93
35;29;76;156;113;45
13;67;93;67;67;13
104;52;67;67;52;52
195;183;35;27;95;178
46;85;96;85;85;46
168;128;50;168;50;128
180;31;180;49;31;49
97;23;97;23;94;97
26;57;26;57;33;26
196;196;180;159;159;11
153;191;21;144;95;76
104;89;97;97;97;89
83;86;83;176;86;86
174;169;102;124;81;116
117;105;43;117;117;182
173;11;12;11;12;173
137;137;165;165;193;135
73;99;97;97;96;73
36;31;36;31;21;31
83;26;197;26;83;83
68;94;101;94;68;94
67;184;67;74;67;74
38;144;10;38;10;10
50;50;174;20;50;20
85;144;138;144;138;136
43;76;16;16;76;76
11;72;72;171;72;11
185;129;64;39;64;129
22;36;22;36;36;168
94;15;94;94;15;163
48;48;48;37;84;37
56;151;56;56;73;73
156;79;156;186;39;79
18;42;42;42;19;18
152;51;75;75;75;51
64;106;180;106;106;70
132;146;62;121;18;148
42;99;117;42;42;99
8;76;8;8;36;76
68;65;13;68;65;68
174;151;35;35;151;46
60;86;60;148;86;86
36;69;69;199;69;36
127;40;40;163;163;16
152;151;122;119;152;119
41;115;48;36;58;40
11;92;92;11;11;157
25;42;25;93;42;25
108;108;26;26;25;69
22;68;101;22;80;80
79;89;62;89;79;79
74;87;74;87;146;87
23;23;81;77;77;23
193;62;193;62;193;86
113;138;138;138;29;40
63;121;70;121;14;14
96;96;96;73;34;34
74;74;84;84;84;133
18;18;90;34;34;18
103;181;18;25;153;112
48;165;82;100;83;30
69;10;69;69;10;132
35;174;35;9;9;35
161;150;75;100;32;36
118;8;12;8;12;8
59;129;88;88;187;129
40;52;88;48;38;39
7;27;27;49;7;7
40;40;137;19;19;19
76;23;18;18;76;76
64;179;138;179;49;49
45;35;45;45;35;58
189;61;9;61;9;61
92;122;131;133;26;179
12;14;45;45;45;14
63;6;6;63;48;63
99;52;99;67;52;99
142;153;75;105;72;120
26;10;98;44;18;66
64;82;64;102;23;23
130;46;138;94;59;17
101;134;146;117;194;130
36;13;59;59;36;59
84;19;84;84;19;62
58;24;24;51;51;24
21;21;21;90;90;46
79;57;57;179;79;79
98;164;87;196;172;39
8;12;12;8;12;158
23;90;23;180;90;90
133;162;42;162;176;42
91;6;91;6;68;6
14;38;38;14;14;81
114;23;92;23;92;114
57;5;57;5;121;5
90;32;106;21;32;21
32;175;164;158;115;101
160;90;109;148;102;18
36;157;108;55;108;36
101;78;20;78;17;20
57;92;198;57;57;92
68;68;99;68;99;189
149;100;149;13;185;185
195;190;16;116;141;161
54;47;54;129;47;47
61;119;31;61;31;61
166;10;10;166;107;107
123;62;62;49;62;49
169;124;31;169;23;31
132;69;123;109;34;143
45;91;45;91;118;91
77;86;86;174;77;86
23;23;9;9;23;91
157;111;105;111;190;111
183;21;183;112;112;98
37;109;57;27;141;90
90;104;14;14;90;14
89;79;147;147;89;169
150;36;101;36;94;129
83;61;26;26;19;19
137;45;190;89;89;45
132;70;59;70;70;59
156;79;62;106;50;176
11;61;11;61;38;61
155;90;101;90;101;192
48;76;46;156;172;163
153;153;63;56;56;80
40;52;52;52;19;19
112;138;112;154;13;154
37;159;65;65;37;65
69;196;184;196;184;69
38;38;104;37;37;38
140;98;78;164;15;35
47;88;95;95;47;47
124;57;185;185;124;81
139;35;35;176;176;65
76;19;175;76;19;76
185;185;53;153;156;53
87;85;68;68;68;85
36;91;91;36;91;65
95;97;95;59;95;59
154;9;20;20;9;9
92;69;30;30;69;69
139;127;197;49;62;27
57;57;36;36;145;36
75;177;48;75;75;48
48;48;58;58;61;58
40;40;38;38;190;38
11;72;127;123;143;90
142;121;188;121;142;188
47;83;82;83;47;83
54;40;40;54;128;40
29;41;41;23;41;23
155;42;42;195;195;100
15;43;74;74;43;74
43;184;43;80;43;80
89;94;94;94;89;128
83;83;180;66;66;83
70;89;70;101;89;70
124;61;54;179;195;66
67;51;145;165;134;186
152;199;192;152;192;199
48;15;15;15;17;17
191;200;199;33;143;132
174;20;20;95;20;95
141;193;193;141;142;59
15;197;59;59;15;15
51;173;152;190;152;173
86;86;14;26;26;26
50;187;50;42;42;50
95;57;57;95;95;152
20;170;86;170;86;83
66;141;189;194;85;133
46;46;132;96;46;96
77;88;88;77;36;88
124;163;120;120;71;163
55;172;180;167;29;185
69;69;109;87;69;87
21;146;21;119;10;10
71;77;79;77;77;71
51;51;62;183;62;62
55;33;151;82;84;51
60;181;11;89;138;22
98;178;60;26;26;178
78;37;57;37;78;78
189;87;36;93;93;36
91;91;91;187;11;11
13;72;72;69;69;72
141;46;94;117;85;105
115;20;114;139;20;114
94;65;174;60;94;65
15;27;15;73;15;73
81;72;145;25;163;155
33;65;65;65;65;33
115;20;101;136;118;198
192;79;142;161;121;61
46;46;6;81;46;6
35;51;35;51;35;83
29;29;155;18;155;18
137;174;197;25;189;51
161;17;15;95;172;110
34;34;14;34;43;14
23;65;65;10;65;10
12;179;50;50;12;50
79;114;79;42;102;102
27;98;181;27;98;54
17;8;17;8;167;17
160;136;78;120;93;77
13;44;13;22;44;13
25;76;25;34;76;25
127;42;42;84;127;84
30;50;167;84;114;126
40;40;13;80;80;11
31;7;31;31;7;81
98;91;50;98;50;98
59;24;10;116;166;50
7;7;125;7;96;96
167;173;173;167;150;50
84;84;29;29;63;84
27;156;54;172;39;144
97;97;195;99;99;97
188;159;35;196;162;10
98;98;59;59;194;59
47;51;12;51;51;12
52;81;97;81;81;52
41;149;87;41;87;41
76;46;46;46;42;42
74;97;132;97;59;132
18;31;18;31;31;173
126;169;193;126;84;169
153;90;162;17;162;90
92;80;92;92;52;52
89;75;42;116;173;114
69;96;69;30;30;69
79;79;190;37;37;37
74;74;25;74;25;92
27;70;70;27;93;70
46;129;46;46;46;46
132;132;137;90;137;81
62;62;62;46;135;46
117;92;117;67;67;92
27;27;167;35;35;35
99;158;194;115;38;36
93;57;57;145;93;93
199;101;101;143;199;143
114;116;38;114;106;106
79;56;79;101;79;56
113;150;66;46;46;66
38;38;193;178;38;44
71;51;42;51;71;51
184;46;146;46;23;146
164;177;17;195;195;164
29;184;33;85;191;121
164;74;71;71;74;74
18;61;18;180;61;18
54;154;54;146;157;127
68;58;13;58;68;167
125;125;99;99;108;31
151;15;90;142;153;56
69;165;183;183;69;165
126;117;135;21;117;135
109;25;96;59;25;109
79;180;79;66;79;66
73;73;120;132;132;78
81;12;109;12;81;81
19;82;92;82;82;19
165;54;168;97;85;45
77;89;77;145;77;89
160;186;44;27;160;27
25;28;25;25;35;35
82;175;43;82;82;43
95;95;75;20;20;20
60;61;48;48;159;159
87;65;157;123;64;81
49;49;64;49;53;53
71;68;71;147;71;68
85;99;99;85;99;142
116;25;161;191;161;25
10;115;188;10;37;150
144;198;10;90;168;65
74;43;193;77;74;77
56;174;56;60;60;60
23;48;48;48;23;53
196;12;12;90;90;12
57;10;10;57;10;129
155;87;155;180;162;155
66;66;34;34;156;66
181;19;66;47;181;19
59;177;59;96;96;96
115;115;43;109;32;109
71;116;55;89;16;157
63;24;24;57;63;24
131;126;188;171;65;96
33;21;21;171;33;21
83;49;49;181;49;83
74;125;42;125;37;42
34;99;34;30;30;30
16;16;96;79;16;96
73;28;24;42;73;28
195;148;25;110;110;195
11;197;102;168;182;62
31;31;117;17;17;17
189;155;10;189;10;75
60;99;127;99;60;60
7;20;7;20;20;38
65;161;196;200;161;196
193;35;193;35;171;171
28;57;26;57;26;26
26;26;162;8;26;8
197;95;179;179;26;95
41;139;116;115;34;28
139;189;61;38;164;12
147;138;124;147;124;138
184;148;56;146;30;101
7;26;7;7;99;99
42;11;11;42;42;104
75;18;44;18;75;75
10;98;51;194;50;75
117;131;117;81;131;144
45;165;45;23;23;45
140;97;119;97;184;119
56;96;96;178;96;56
72;32;72;32;72;32
22;182;33;92;182;22
160;25;189;90;53;73
70;71;167;69;194;168
18;18;120;70;194;120
117;64;24;107;146;159
51;51;57;13;57;51
113;133;162;29;155;159
151;85;83;85;83;85
38;91;91;91;38;101
74;88;74;62;74;62
65;45;157;132;66;44
69;136;69;173;31;173
175;13;171;112;43;189
158;101;94;29;110;21
22;97;104;25;22;25
135;103;103;135;176;176
66;19;66;51;51;51
158;184;32;194;53;128
50;148;79;16;50;79
153;192;62;135;17;75
185;159;32;194;54;155
33;34;33;34;33;134
47;47;163;35;35;35
131;131;89;76;85;89
181;181;180;96;96;38
77;20;49;20;171;77
54;57;142;15;84;39
37;20;37;37;59;20
145;181;64;80;71;123
47;96;16;47;47;65
23;60;60;60;23;43
180;68;26;68;68;26
17;69;69;69;34;34
56;56;101;109;109;50
5;5;5;25;25;11
180;117;117;195;19;19
73;73;73;116;85;85
153;200;153;92;200;92
25;34;34;25;197;34
117;144;170;114;121;64
44;44;63;44;34;63
157;200;162;200;118;157
120;78;80;78;80;80
29;46;46;87;29;46
73;192;43;87;87;73
24;24;111;85;85;24
79;79;159;22;141;159
44;14;149;14;22;44
81;56;166;56;133;166
16;188;16;82;82;16
150;173;142;153;80;108
22;92;22;92;92;22
116;116;64;29;163;29
27;27;27;55;79;55
52;194;126;41;126;52
174;12;144;184;199;187
35;35;22;114;22;114
155;146;140;155;174;174
145;77;60;41;84;15
85;65;65;63;63;65
29;29;9;197;9;9
32;32;87;196;87;32
88;88;98;98;88;57
58;95;95;58;30;95
73;189;129;149;86;62
49;49;61;186;61;61
135;82;80;175;77;26
31;16;16;171;31;31
176;161;110;138;15;40
91;107;113;40;40;18
90;90;9;9;9;60
92;62;151;196;92;62
29;29;195;77;77;77
67;67;67;70;67;70
200;136;99;99;200;130
102;192;160;94;47;127
26;118;26;62;26;62
32;32;32;53;98;98
111;42;111;110;63;42
91;107;162;107;154;154
23;188;83;55;185;182
13;13;115;26;26;13
25;178;25;91;131;178
25;61;128;25;25;61
51;89;108;29;28;117
70;70;86;94;70;86
50;50;36;36;172;50
39;45;45;5;45;5
8;8;82;82;82;19
13;62;13;160;101;101
127;140;127;140;70;106
55;99;67;174;55;67
127;53;23;127;111;111
30;23;23;23;147;30
50;105;48;42;77;108
18;18;63;43;63;18
21;85;85;21;85;113
44;73;42;73;195;44
121;57;57;94;94;57
43;43;78;92;78;78
30;95;30;195;95;95
96;44;44;35;96;44
75;18;18;18;75;61
81;81;81;175;76;76
83;167;25;167;25;35
106;11;106;69;158;41
34;5;34;5;5;188
138;58;58;58;7;7
146;192;184;137;43;11
68;93;116;68;68;93
164;174;93;187;88;93
94;22;60;104;196;24
49;65;19;65;44;49
188;188;68;39;68;106
31;99;11;31;31;99
156;57;188;37;32;133
11;11;79;11;26;79
136;191;155;17;160;132
62;172;109;112;165;177
80;92;92;80;82;80
119;161;84;40;171;93
61;107;49;36;52;98
14;37;14;14;37;162
30;158;65;116;125;200
74;88;27;27;74;113
130;130;105;173;172;172
34;34;42;127;42;34
52;196;80;145;199;34
6;36;36;198;36;6
51;41;41;159;41;51
98;59;162;144;92;199
141;129;20;17;20;17
38;33;33;86;38;38
82;90;98;47;50;113
37;37;26;37;71;71
16;141;102;33;102;33
77;77;48;77;48;20
36;63;36;36;167;63
31;35;182;31;35;31
151;151;145;70;145;21
63;63;30;12;63;30
78;79;79;40;79;78
76;76;124;76;76;76
80;105;185;168;78;93
23;81;23;23;190;81
49;49;91;105;49;91
74;89;163;28;171;176
163;172;87;47;85;164
60;60;60;72;144;72
188;141;140;27;21;131
161;51;27;51;51;27
127;127;187;123;123;187
40;120;128;16;128;16
195;195;36;180;39;36
92;67;122;122;96;92
72;41;62;72;41;72
108;56;31;56;114;31
38;38;112;38;58;58
186;79;21;105;112;46
33;30;30;140;33;30
73;6;121;6;73;73
146;164;70;146;137;70
10;99;10;81;126;81
82;75;90;90;75;75
8;24;8;195;24;8
152;53;171;146;146;152
11;58;91;175;58;91
87;156;38;187;113;100
62;78;78;78;62;111
81;101;81;180;180;195
27;26;27;84;27;26
35;35;71;66;35;71
26;30;25;30;26;26
106;106;97;153;123;26
98;15;188;179;15;179
88;140;16;159;42;198
55;55;55;97;126;97
39;119;119;83;39;116
11;11;11;199;74;74
94;23;12;12;63;63
33;53;71;97;168;43
71;68;89;68;71;71
34;45;34;45;34;45
13;19;19;13;172;13
79;24;139;63;172;71
148;182;184;184;148;182
46;33;47;33;47;33
124;74;147;74;124;120
199;15;62;140;89;131
195;75;198;127;75;195
143;73;53;73;53;53
148;178;140;129;65;132
134;34;125;170;76;35
66;15;15;9;9;15
17;175;58;17;175;58
81;197;69;81;69;69
76;53;54;53;54;53
11;64;11;21;11;21
40;40;96;40;95;95
145;197;11;87;136;68
179;163;67;129;163;179
30;30;108;97;30;97
75;70;102;102;122;75
64;64;10;12;12;12
43;163;200;163;43;194
105;94;169;105;169;150
73;73;75;73;89;89
24;24;20;24;20;105
30;30;94;94;94;141
52;52;52;52;35;35
34;34;34;34;34;193
9;9;55;55;37;55
25;45;73;122;61;49
31;44;41;41;120;44
58;58;184;93;93;93
149;82;57;194;165;192
81;68;193;77;142;163
138;91;138;153;177;153
139;186;152;87;68;141
103;42;5;42;42;5
131;131;179;181;49;179
173;84;96;167;197;119
97;57;57;104;17;17
175;137;112;13;61;125
47;92;43;43;24;47
54;23;105;23;54;100
98;94;94;98;38;94
61;56;61;56;61;35
149;67;70;67;70;67
121;97;160;135;182;39
67;18;18;18;79;67
47;74;47;98;98;47
130;139;146;139;146;82
122;52;31;182;143;107
14;56;20;56;14;14
149;125;125;148;198;149
64;155;64;64;64;64
178;36;36;36;77;77
26;26;12;26;66;66
75;30;30;30;171;75
18;20;143;186;198;19
79;67;67;67;24;24
10;10;10;34;34;23
23;39;39;178;23;39
17;17;70;17;190;70
62;62;36;41;36;36
21;184;149;25;113;165
200;125;176;116;118;68
21;85;21;85;63;21
82;23;82;82;10;10
82;143;118;36;129;144
17;148;148;24;17;23
42;83;83;115;42;151
151;64;64;115;115;27
78;77;77;77;160;78
52;52;53;52;53;112
180;102;35;180;58;102
47;47;47;99;151;99
8;114;8;76;76;76
47;14;45;14;45;45
81;49;81;81;49;168
46;63;200;63;46;46
195;58;58;6;6;6
65;7;22;7;7;65
53;53;53;97;118;97
6;76;6;159;76;76
76;76;34;34;31;34
32;118;130;118;32;127
49;49;49;80;80;191
38;183;28;169;17;175
31;185;41;193;31;185
92;171;179;164;92;164
62;108;11;11;78;108
136;115;189;136;137;189
31;167;107;192;107;31
67;58;67;95;58;67
43;181;42;43;56;56
40;92;40;155;92;40
85;85;44;119;45;85
150;22;12;150;12;13
65;9;16;65;9;65
38;38;7;60;38;7
79;183;183;77;20;20
75;15;140;15;136;136
131;163;44;77;77;163
58;100;58;15;15;15
51;20;172;113;40;47
34;34;60;62;93;93
55;55;39;11;39;55
52;12;91;113;52;12
180;185;192;195;43;47
81;11;48;81;48;81
110;67;81;153;34;41
184;95;192;63;81;123
116;21;40;47;40;47
157;96;96;107;157;179
72;72;61;72;40;40
34;45;91;91;122;45
166;45;98;98;98;45
50;64;80;50;64;64
36;36;36;19;19;155
36;52;36;36;52;16
92;92;38;38;92;80
61;68;68;68;100;61
46;181;45;45;183;183
30;30;91;30;165;91
44;37;44;161;37;37
14;153;159;151;25;146
108;197;47;29;190;144
35;69;59;59;35;35
185;17;18;148;89;69
60;60;194;21;50;50
194;194;149;72;149;72
47;62;62;62;53;53
12;154;199;38;82;169
98;24;100;50;53;169
149;83;37;37;37;83
77;117;40;99;103;62
183;129;129;183;63;125
182;96;182;96;146;146
44;57;57;57;180;44
16;184;16;20;20;16
129;144;66;127;159;169
43;22;43;53;138;54
20;6;20;6;44;20
76;171;171;50;50;76
68;123;132;91;168;161
80;132;72;80;80;72
85;47;69;47;85;85
190;83;83;43;43;190
61;73;73;73;18;18
24;32;112;24;32;32
92;108;108;10;122;92
189;21;138;176;164;125
31;18;31;133;18;31
155;86;86;116;102;102
74;74;115;74;38;38
20;190;86;55;91;47
29;29;85;169;29;85
68;81;81;147;25;147
45;59;130;130;191;45
57;7;7;131;57;7
136;177;188;197;171;152
41;157;157;76;167;76
161;161;15;15;161;197
58;41;65;58;41;41
64;102;169;36;21;143
200;200;76;76;55;197
76;38;38;38;33;76
27;45;45;45;163;27
7;7;149;50;50;7
160;93;42;42;93;42
161;15;87;87;76;76
79;89;176;11;90;48
82;15;102;128;128;15
66;39;150;39;39;66
108;79;86;135;108;108
140;38;140;178;38;27
74;78;74;78;78;113
185;90;90;90;32;32
175;13;51;16;19;142
163;78;10;163;139;10
69;86;86;86;26;26
76;161;140;16;95;77
149;62;47;47;62;47
51;40;190;117;88;65
25;76;43;43;25;43
118;118;148;146;146;125
124;45;45;40;124;85
46;184;46;35;190;190
42;30;42;68;30;42
86;86;110;9;86;9
15;47;153;153;95;15
53;53;60;60;53;21
22;19;188;19;19;19
174;84;182;190;45;165
69;79;79;58;79;58
45;92;45;61;92;92
58;87;58;153;87;58
199;145;41;76;63;176
24;40;111;144;144;24
80;15;88;88;88;15
155;95;160;137;95;160
168;188;72;72;168;158
15;119;52;116;150;15
39;50;50;39;25;50
8;65;65;45;65;8
27;79;27;79;79;181
60;60;66;44;44;60
146;43;51;153;43;51
41;39;41;41;39;178
180;180;180;153;47;47
194;87;87;87;18;18
74;52;74;16;16;16
85;183;44;122;134;160
79;132;79;154;58;116
15;15;15;16;16;184
44;61;191;61;61;44
62;81;60;81;81;60
174;143;122;122;136;143
66;66;42;193;42;66
173;70;70;70;19;85
71;184;54;101;71;54
96;96;85;67;67;96
82;116;82;39;82;39
112;14;57;112;80;80
143;190;162;182;116;145
24;59;78;59;78;59
44;74;25;74;44;74
62;5;5;107;5;62
30;41;80;80;41;137
60;25;60;25;81;60
29;166;183;166;29;12
99;99;139;22;99;22
124;16;16;42;16;42
98;165;163;129;116;65
11;92;40;40;11;40
197;135;33;121;70;146
63;63;63;63;173;63
74;175;142;143;175;74
74;29;74;149;29;74
30;61;20;30;30;20
88;83;88;83;96;88
105;43;194;194;194;182
115;41;142;115;200;41
70;70;127;11;11;11
61;93;61;61;47;47
123;31;162;67;44;25
86;155;147;198;56;42
87;122;82;146;33;129
155;131;104;131;155;104
75;75;15;15;75;57
47;84;145;84;47;47
79;79;79;82;82;167
77;69;153;25;77;25
11;104;38;38;38;11
38;196;127;145;107;129
40;21;180;21;180;40
21;112;112;21;94;94
16;16;16;31;47;31
92;37;64;64;37;85
189;106;96;38;189;114
179;103;98;161;179;161
8;49;49;8;8;40
150;82;33;82;33;40
117;140;10;199;199;43
130;130;163;34;163;70
90;92;72;90;72;90
44;44;7;44;11;7
180;75;167;23;50;81
5;29;14;5;5;29
92;109;78;109;58;58
177;74;71;176;115;74
48;69;162;136;172;39
34;91;20;34;34;200
44;73;44;114;73;73
44;71;8;44;8;8
38;190;191;126;42;162
190;22;188;190;22;45
53;7;7;7;131;53
89;161;106;199;199;89
59;68;59;68;68;147
98;77;178;98;77;98
174;122;83;81;24;113
11;163;91;91;11;11
88;73;175;10;169;64
18;178;69;104;170;22
84;112;112;60;63;60
91;38;38;91;91;181
59;72;72;25;25;128
94;78;78;78;94;31
130;19;79;130;135;79
144;97;161;53;101;174
43;97;43;97;97;120
155;139;102;92;102;102
88;97;88;199;21;199
20;64;20;64;103;20
58;34;152;30;110;96
6;13;6;13;13;20
75;75;75;76;76;158
114;71;58;71;58;71
70;17;27;17;70;17
63;76;54;76;44;54
60;60;60;7;98;7
162;162;179;19;19;131
15;27;27;27;81;81
27;37;102;27;27;37
57;57;142;17;17;57
16;16;160;93;16;93
152;50;118;176;50;118
27;27;152;182;152;182
58;150;42;58;58;42
136;194;136;103;157;194
56;38;108;108;134;38
97;156;97;16;97;16
47;47;68;68;126;68
26;153;153;175;55;55
14;125;8;8;14;8
48;48;58;163;58;48
115;124;121;121;115;195
49;64;70;70;64;70
76;115;71;115;71;115
34;60;18;18;60;60
13;25;13;13;32;32
95;104;56;56;95;56
96;54;96;54;96;79
43;97;184;184;97;86
35;15;15;137;118;118
181;17;17;36;17;36
82;85;85;85;82;151
24;26;63;26;63;63
96;96;96;98;36;36
145;154;118;145;11;118
6;6;135;74;6;74
124;16;113;199;199;113
69;121;122;135;121;122
6;6;6;92;28;28
170;115;81;94;37;129
119;178;170;119;178;142
86;14;86;155;14;86
168;92;7;92;92;7
69;80;56;170;99;116
148;70;17;180;64;46
8;8;87;83;87;87
195;133;133;161;103;103
50;192;18;50;50;18
45;45;112;26;45;26
65;96;65;96;188;96
139;63;29;13;63;139
89;47;47;89;47;76
85;85;85;96;96;154
44;74;74;194;44;50
29;103;108;15;108;103
55;43;55;142;43;43
95;47;198;145;49;126
61;160;16;16;16;61
106;194;158;158;31;31
24;184;24;125;184;187
98;94;27;27;27;98
24;63;41;41;63;63
17;87;5;87;87;5
169;111;118;133;146;92
15;15;15;5;133;5
59;119;79;119;179;179
36;177;200;77;49;159
90;90;77;77;90;153
146;160;143;143;160;42
195;68;34;34;138;68
93;40;40;40;20;20
111;111;161;72;161;21
99;18;163;163;18;81
161;60;177;28;28;177
190;119;32;190;117;119
16;15;140;16;16;15
55;55;58;58;58;188
136;200;71;130;49;20
61;93;61;61;71;71
24;186;76;24;87;76
64;49;146;15;21;125
59;75;75;143;75;59
92;149;156;92;92;156
12;120;194;110;67;48
49;39;200;48;47;23
107;128;178;44;128;178
113;35;127;191;45;170
77;58;58;91;58;77
135;23;143;103;25;166
181;79;181;174;79;174
90;141;46;90;90;46
196;163;163;165;196;165
165;144;70;144;70;16
95;95;51;52;52;45
16;16;165;85;85;85
111;60;60;30;60;30
112;178;39;118;39;178
169;39;39;12;12;39
165;30;142;142;64;30
65;34;138;76;111;100
78;77;77;78;78;33
167;14;123;123;58;14
123;128;195;123;128;166
147;200;190;10;33;145
93;93;45;45;198;45
109;109;151;13;28;151
49;36;36;49;41;49
17;25;17;25;161;17
102;21;182;174;12;199
140;72;166;72;99;140
165;58;59;24;16;50
178;32;79;183;32;183
147;85;157;98;14;75
55;189;140;178;178;55
56;52;52;56;153;52
182;144;116;25;42;49
165;177;191;165;177;191
126;116;175;172;84;198
180;168;11;42;42;180
27;7;27;27;113;7
168;16;178;51;44;148
28;134;56;21;183;196
43;75;43;75;186;43
142;197;14;169;142;14
85;35;81;85;81;81
29;29;200;29;29;29
95;56;63;151;142;136
52;52;31;52;23;31
50;97;73;73;97;73
49;95;95;49;158;95
126;104;73;78;197;60
76;114;50;76;50;76
72;72;72;61;61;167
154;197;82;44;14;53
141;50;50;50;35;35
108;160;160;46;108;46
95;79;46;177;169;123
53;71;53;131;71;71
43;26;57;65;32;79
37;117;37;80;80;37
45;92;45;92;81;45
64;165;64;58;58;58
81;54;27;155;115;83
34;69;91;91;69;91
44;68;68;158;105;105
123;43;55;55;43;55
77;15;15;77;15;122
112;57;182;112;37;116
84;44;84;44;84;140
195;95;57;57;99;95
46;9;9;114;46;46
39;55;83;39;55;39
59;13;59;59;142;13
57;46;134;190;57;46
73;59;59;59;108;73
19;19;46;175;19;46
60;68;93;68;93;93
124;38;61;61;38;61
26;138;117;19;50;168
72;77;17;77;77;17
10;13;105;13;10;13
174;174;16;36;11;174
33;33;33;60;60;105
13;43;199;10;116;124
38;56;128;120;129;45
15;127;15;95;95;15
191;16;154;85;150;193
91;35;37;45;83;32
63;82;63;82;63;195
46;174;78;44;174;46
192;47;192;123;32;32
200;52;100;154;158;68
75;94;128;75;94;75
24;24;26;26;64;24
163;106;139;197;63;154
12;73;73;63;12;12
81;81;50;165;50;50
46;38;38;46;38;75
177;119;186;86;29;104
84;73;165;73;73;84
183;14;183;135;14;135
103;176;167;144;23;151
146;6;6;6;79;79
48;48;48;79;79;40
57;81;7;7;57;7
160;15;105;35;167;49
65;97;65;97;65;22
159;181;47;159;163;163
95;144;95;166;189;144
39;39;185;77;185;77
36;86;42;42;42;86
57;49;49;156;57;57
194;37;83;37;83;37
7;62;7;84;84;7
73;39;94;73;39;39
140;71;77;140;129;129
81;81;74;161;154;74
155;74;30;74;30;30
36;63;46;46;46;36
59;30;168;123;30;168
150;195;101;39;101;39
98;98;89;98;95;89
76;73;73;76;166;73
179;103;103;86;52;179
73;5;73;5;36;5
33;48;11;33;48;33
32;53;120;118;120;53
134;146;96;115;156;139
5;86;5;141;86;86
28;28;80;80;80;144
82;45;21;82;82;21
64;86;98;98;86;86
114;126;144;130;55;179
100;151;103;61;93;45
16;150;44;44;16;16
76;12;76;12;50;76
62;62;71;62;92;71
19;47;47;52;47;19
41;43;47;47;43;43
48;59;133;87;87;48
81;194;50;50;155;81
48;60;60;48;48;132
23;23;71;84;74;71
72;25;94;25;94;25
81;12;88;12;12;88
96;89;89;96;96;96
18;12;12;124;18;12
161;193;145;154;154;193
42;166;22;68;173;129
184;61;184;154;193;61
23;44;23;114;44;23
58;58;39;58;32;32
44;72;44;44;72;86
73;74;172;74;172;94
9;9;98;9;98;66
72;146;62;62;146;62
43;31;33;33;43;33
86;86;60;28;28;151
39;122;39;39;7;7
50;64;64;64;128;50
188;68;153;199;153;68
16;143;13;80;60;73
45;45;170;135;170;163
74;130;106;116;73;23
155;10;34;110;95;61
120;102;129;133;119;82
103;159;151;181;103;159
69;162;91;69;91;69
72;80;67;72;80;80
87;87;24;87;38;24
70;70;49;70;49;82
103;173;173;178;33;103
166;170;166;136;136;33
35;170;170;150;140;170
23;63;43;23;23;63
66;90;194;90;66;41
41;59;41;39;200;200
109;50;9;9;9;50
165;69;69;69;28;28
86;85;86;96;86;96
15;88;137;88;137;190
82;120;120;109;82;134
86;105;26;14;141;124
42;42;80;88;126;80
15;151;15;54;15;54
17;183;22;49;25;96
146;148;124;47;34;135
177;63;16;25;105;53
189;60;133;27;48;99
91;91;34;91;34;95
87;93;108;87;108;185
40;47;47;24;40;40
156;71;15;71;65;65
88;70;38;88;38;38
31;48;87;87;31;48
23;51;21;23;51;51
61;61;61;31;31;76
65;187;30;65;65;30
66;20;66;20;66;166
39;85;39;61;61;61
12;95;12;95;86;12
149;45;116;79;179;16
5;84;5;10;10;10
95;10;95;80;80;80
86;86;200;86;20;91
187;187;181;197;181;150
21;36;163;153;51;18
172;192;64;12;93;139
176;167;105;10;28;171
151;134;32;61;109;129
89;83;55;55;89;55
197;88;178;29;197;29
82;29;29;90;90;29
144;196;112;143;77;37
81;11;68;68;68;11
167;34;48;186;82;150
33;16;33;16;164;16
14;20;69;20;14;20
135;135;68;68;185;94
26;26;26;21;94;21
16;85;85;16;85;174
10;10;85;24;85;85
113;141;127;39;113;127
128;163;42;134;183;193
156;47;13;77;47;21
83;137;20;157;160;134
26;53;157;194;18;156
34;34;112;36;192;192
84;39;69;33;12;39
124;45;165;155;130;66
103;11;120;103;118;120
86;97;173;86;200;200
43;69;54;43;43;69
96;96;96;70;70;13
80;11;80;75;75;152
61;9;61;94;9;61
198;198;162;180;198;87
83;83;81;83;81;94
38;42;38;182;42;42
104;14;38;83;200;171
178;72;53;72;72;53
88;141;141;198;198;88
148;129;144;91;144;91
75;181;113;61;31;200
35;173;124;169;169;35
61;61;61;5;5;5
166;66;166;66;154;179
114;131;32;32;130;131
92;16;31;31;92;92
11;167;114;140;173;60
43;171;8;43;8;8
32;32;11;16;123;16
81;68;94;94;94;68
99;68;68;86;68;86
32;28;91;32;28;28
141;141;44;122;79;44
40;104;183;40;90;104
183;122;59;97;118;43
6;6;58;58;58;22
5;5;36;36;36;134
55;68;68;55;146;68
61;15;191;69;69;191
157;64;35;64;35;64
68;96;14;14;68;14
68;147;54;68;68;54
7;54;7;54;109;7
47;109;142;109;166;142
23;45;45;23;67;23
174;66;66;18;66;18
81;81;57;57;121;81
58;65;160;65;58;58
166;91;18;18;91;91
10;8;10;8;167;10
151;81;35;81;81;35
147;138;79;49;55;17
39;57;106;160;34;91
30;39;166;48;155;168
179;186;169;179;33;33
141;143;69;124;12;77
10;74;10;146;10;74
150;47;47;59;47;59
70;19;19;19;70;177
180;123;139;98;82;188
5;65;65;65;121;5
79;12;140;79;124;124
26;73;26;91;73;26
73;73;38;138;197;197
38;148;19;19;38;19
49;49;15;64;15;15
92;85;85;92;92;126
69;79;188;63;94;149
69;69;198;44;44;69
99;79;79;99;99;140
107;21;86;87;93;194
172;176;71;71;106;172
164;13;13;13;59;59
94;149;124;70;17;90
169;34;99;34;99;99
5;20;20;5;5;110
104;19;19;19;9;9
117;29;113;40;117;117
45;38;143;45;38;45
179;190;182;182;153;179
98;18;98;29;18;18
39;97;97;58;58;97
80;34;34;34;196;80
99;105;99;99;190;157
73;108;147;147;147;108
21;187;49;168;150;171
41;30;197;30;41;41
46;53;46;13;13;13
76;145;32;145;151;32
41;38;47;47;38;47
85;85;99;99;146;99
162;69;148;18;58;156
176;122;67;199;63;75
95;40;51;40;40;95
5;58;5;58;58;84
166;110;110;83;83;115
40;21;21;40;40;24
127;127;182;195;182;141
44;44;119;24;24;24
117;7;61;61;61;7
117;70;70;116;70;70
49;176;21;21;21;49
25;159;62;62;25;62
152;142;80;142;42;152
103;164;157;164;172;157
197;150;150;37;198;37
15;15;15;48;64;64
20;75;172;172;75;55
95;38;95;108;95;38
157;134;192;40;134;192
151;151;172;10;10;14
92;17;92;174;17;17
26;42;122;42;26;26
93;78;78;93;93;88
50;196;185;50;185;196
75;13;52;155;140;49
83;76;71;83;71;83
44;147;44;44;36;36
151;14;110;119;151;110
84;190;52;52;84;84
28;185;185;77;168;28
148;80;127;80;148;44
181;53;24;53;53;24
66;96;96;168;66;96
76;119;31;76;76;31
144;52;16;52;52;16
71;167;27;168;170;178
71;129;98;98;185;71
92;92;72;171;92;72
140;142;199;142;151;140
16;116;116;16;19;68
70;109;164;133;133;109
179;34;74;52;179;52
66;114;149;70;95;136
73;73;69;83;69;69
33;107;107;33;48;188
69;69;62;134;134;14
97;13;50;50;97;97
167;10;154;14;140;143
155;40;40;19;40;19
185;159;19;177;37;31
94;94;94;98;98;103
160;93;95;74;114;77
73;75;75;75;58;73
43;99;177;99;43;99
56;199;19;56;199;19
33;96;178;96;33;96
146;48;24;24;101;101
75;34;24;151;141;93
143;143;64;134;191;134
91;64;194;64;91;91
192;169;191;147;169;192
170;170;135;65;195;195
106;79;98;106;143;98
82;9;82;170;82;9
14;14;76;76;14;31
159;23;23;23;43;43
31;31;31;67;53;53
100;90;159;100;159;15
164;174;174;164;52;140
65;65;27;65;12;12
131;136;85;131;85;10
104;198;104;47;198;89
47;47;47;62;114;62
52;98;38;49;104;62
83;179;83;190;190;179
76;76;43;88;88;76
49;81;81;81;94;94
57;57;38;10;10;10
51;126;32;32;126;12
115;135;98;200;115;200
41;131;41;181;41;29
23;11;11;11;73;73
170;170;142;23;104;142
89;34;110;34;109;110
64;43;196;64;43;64
65;79;65;65;64;79
34;34;34;27;150;27
21;18;18;18;21;133
126;69;36;150;10;86
144;144;140;71;162;71
22;155;92;22;139;22
46;46;75;165;75;48
157;52;56;56;52;56
54;21;21;21;120;54
69;69;107;69;5;5
137;20;152;152;137;36
150;15;74;74;134;15
12;12;76;43;76;12
44;44;44;193;87;87
79;79;125;32;32;32
7;16;16;7;83;7
176;27;47;47;27;47
57;71;71;57;57;81
14;71;42;42;14;21
26;26;189;26;46;46
58;130;128;128;130;105
151;178;101;101;22;22
87;61;86;61;87;87
16;46;92;46;194;16
49;37;49;37;10;49
109;43;185;109;51;185
130;165;198;198;130;53
76;76;145;95;95;76
133;63;84;63;200;163
91;12;24;156;182;160
85;28;85;28;85;188
21;40;21;40;21;104
74;27;74;74;92;27
168;33;176;88;53;173
73;26;42;26;42;26
108;139;155;92;108;108
40;28;40;40;28;128
14;21;14;105;21;21
62;169;10;62;155;155
83;81;83;156;81;83
132;121;132;131;121;100
84;84;81;186;81;84
9;9;98;102;98;98
106;30;191;113;111;185
167;39;56;150;149;35
139;116;155;92;116;116
197;166;160;166;51;197
7;93;192;93;93;7
18;74;45;18;18;74
37;117;125;19;163;27
199;172;40;108;138;37
154;167;50;49;22;165
96;96;6;96;6;163
84;121;110;196;184;135
165;183;66;165;183;33
22;44;28;22;156;133
111;19;70;61;54;101
28;135;172;160;52;40
180;15;15;35;15;35
74;74;25;25;25;66
55;90;32;90;90;55
187;114;187;58;34;58
37;37;37;95;40;95
87;56;161;56;87;101
34;83;34;95;34;95
81;52;52;81;158;81
88;88;157;32;32;51
32;32;64;32;64;154
102;51;40;51;51;40
16;128;128;78;46;78
25;107;97;97;97;25
132;32;61;139;40;51
7;23;23;23;7;148
57;91;57;63;63;57
139;160;148;166;13;190
137;90;171;137;171;90
116;80;80;80;98;98
48;48;180;137;137;108
62;62;67;196;191;67
172;96;53;96;71;171
70;53;53;70;70;53
176;48;188;176;188;48
153;123;70;157;153;123
192;98;139;25;139;98
133;180;194;28;52;100
23;137;23;49;49;49
51;71;154;71;98;51
125;17;43;29;136;131
100;101;131;172;131;73
40;197;40;43;80;43
65;33;33;54;33;54
70;49;153;93;170;32
20;20;8;8;8;130
60;177;160;98;112;16
165;17;165;108;108;181
29;66;34;34;34;66
35;35;37;35;37;163
189;105;121;189;177;121
32;13;13;105;32;105
84;96;176;176;96;84
54;67;67;54;163;54
30;111;71;71;30;30
82;81;82;196;81;82
93;93;43;43;93;74
88;111;37;37;37;88
87;87;71;87;71;120
71;194;131;96;53;114
142;71;71;85;142;85
22;45;134;45;22;45
143;166;51;51;91;166
130;130;123;115;123;48
113;74;113;151;74;144
89;44;136;89;44;133
20;20;11;41;41;20
33;57;33;57;145;57
66;29;193;29;29;66
47;47;68;147;47;68
55;181;37;37;55;37
64;72;72;64;64;142
178;86;17;46;81;196
69;84;68;68;84;84
109;40;40;34;34;40
58;58;58;58;24;58
12;13;28;13;28;13
128;56;56;56;50;50
108;26;37;26;37;26
83;169;83;60;60;83
180;43;81;43;81;81
19;108;182;37;175;138
135;153;150;115;138;182
101;23;164;164;23;188
31;16;16;112;31;16
152;57;152;10;152;57
40;22;98;22;22;40
63;183;183;81;198;81
66;29;29;108;29;66
52;52;60;60;60;75
166;91;91;166;44;25
197;165;137;167;197;165
171;171;113;160;160;184
74;154;13;154;12;13
164;106;128;32;90;109
20;33;33;20;161;20
162;95;95;7;7;95
64;76;76;23;64;76
87;19;87;16;16;87
104;85;126;85;126;84
30;56;114;30;30;56
83;32;32;134;83;32
86;145;86;75;75;75
38;38;61;61;160;38
84;50;190;84;190;73
53;69;53;80;69;53
15;15;42;15;42;42
153;88;98;88;98;88
79;200;11;11;79;79
161;122;161;195;104;195
6;190;95;6;6;95
70;149;198;147;124;70
51;36;51;51;36;82
27;28;28;70;70;28
66;197;95;66;197;95
82;31;31;31;108;82
95;64;95;43;95;43
36;98;98;97;36;98
173;97;23;173;97;23
55;89;55;63;55;89
39;39;125;143;143;125
123;123;44;44;171;171
103;64;28;46;103;46
74;46;46;74;74;88
38;38;38;39;28;39
191;146;99;105;77;116
63;106;63;157;81;81
29;29;8;64;8;8
94;183;69;94;69;69
169;41;89;60;136;118
28;156;187;28;57;97
80;41;167;67;184;99
138;41;41;55;55;55
162;179;162;95;179;17
169;73;169;65;92;73
94;97;20;20;20;94
185;31;200;76;200;76
31;49;46;46;31;46
29;173;12;173;133;29
190;94;94;97;94;97
10;28;28;148;28;10
44;17;17;95;95;17
18;186;6;18;18;6
188;188;27;35;88;35
68;18;68;18;98;18
70;140;70;70;70;70
64;51;61;95;95;64
135;154;71;18;71;154
13;74;74;56;74;13
85;19;19;25;25;64
81;30;195;26;26;81
17;147;80;96;65;191
68;85;68;68;18;18
27;50;50;50;86;27
97;182;182;135;135;77
15;76;15;15;76;126
185;179;116;185;179;93
13;13;67;183;13;67
80;80;139;92;163;139
15;15;97;15;97;123
46;46;11;11;168;11
120;93;47;190;111;51
88;164;32;32;32;88
43;43;79;103;79;79
148;200;94;182;182;94
65;16;16;65;16;111
11;36;124;16;124;124
95;35;50;50;35;35
87;87;76;76;170;87
20;183;65;65;20;65
68;106;68;76;76;76
33;136;183;44;165;170
156;98;98;156;157;93
28;155;98;104;191;26
8;49;8;30;49;8
29;123;135;81;112;150
16;31;31;199;16;31
44;88;44;88;88;34
193;117;117;111;137;137
15;15;175;15;80;80
87;87;50;54;54;54
43;43;43;7;7;44
173;199;17;199;17;39
11;38;20;38;11;11
65;7;65;65;111;7
71;24;176;24;71;24
41;60;184;60;41;41
183;192;95;176;26;190
55;22;55;102;22;55
133;28;28;28;49;49
69;66;173;162;131;99
80;118;76;76;80;80
82;82;22;149;22;22
98;98;45;98;23;23
52;52;9;139;9;9
36;36;10;10;140;36
200;121;71;71;200;121
156;143;156;176;143;176
104;44;190;190;104;44
44;26;26;26;44;82
54;50;77;77;54;54
162;59;59;37;37;37
102;196;48;102;196;89
122;32;90;90;90;32
92;196;100;15;86;139
40;98;98;72;40;98
45;14;52;14;52;52
59;59;20;20;20;51
90;61;130;30;84;22
37;28;56;56;56;37
29;56;29;56;60;56
67;35;8;67;8;8
115;115;136;173;180;180
120;113;103;113;199;199
76;43;43;65;76;43
162;63;142;105;162;142
83;10;10;74;10;83
93;93;97;93;97;28
12;72;76;76;76;12
80;95;28;80;95;95
112;100;25;78;78;100
108;104;108;104;130;87
16;16;63;58;16;63
114;161;70;147;14;44
95;188;131;164;189;179
144;149;82;39;82;149
111;59;107;155;43;92
39;154;39;39;67;67
183;196;198;192;192;183
83;68;194;83;68;83
22;143;21;21;22;22
56;56;25;25;56;68
24;66;66;24;40;24
18;27;82;18;27;18
53;82;12;12;82;82
96;72;72;96;72;101
102;96;10;80;94;147
124;43;43;46;46;46
132;39;147;131;150;102
35;67;35;126;35;67
21;21;94;160;160;189
56;103;151;103;111;56
148;59;176;162;148;59
22;22;180;41;41;22
90;35;90;112;76;76
140;35;143;100;140;143
83;83;83;117;83;83
27;192;144;144;27;100
110;196;136;168;41;160
27;27;6;43;27;6
80;16;27;16;27;16
18;182;34;143;34;18
96;88;53;174;53;88
44;96;96;119;44;96
200;62;62;90;90;90
53;46;59;53;53;59
185;27;122;123;65;144
195;25;91;38;95;200
51;20;51;172;20;20
128;136;176;128;136;153
76;76;70;29;29;56
45;5;161;45;45;5
22;91;73;22;91;22
42;42;86;167;86;121
48;48;156;55;55;48
55;45;45;55;87;55
163;38;163;160;180;38
41;188;48;16;41;188
93;79;168;93;79;93
122;68;6;6;68;6
55;141;180;140;122;37
43;67;56;67;56;67
112;112;118;60;118;115
72;34;95;95;72;95
129;31;42;110;155;132
12;33;12;36;36;36
80;58;164;58;80;80
53;167;167;53;119;119
181;95;181;110;106;95
195;32;50;32;50;195
89;46;89;46;135;89
34;34;70;34;169;70
108;97;10;22;178;62
131;136;131;39;51;39
84;24;84;24;67;84
59;50;50;90;50;90
49;49;19;154;49;19
46;92;92;46;46;178
27;110;158;59;158;27
62;109;193;109;62;198
35;171;7;35;7;7
139;117;66;152;139;117
152;198;109;109;152;44
173;110;104;104;61;173
127;19;63;95;168;79
20;54;54;20;54;68
148;197;28;147;28;147
42;91;109;109;133;133
57;29;7;57;7;57
55;128;66;66;66;55
192;125;193;71;177;46
12;12;40;12;10;10
144;111;45;111;144;45
112;132;36;132;97;36
12;162;12;84;84;40
135;74;22;74;22;22
23;28;28;28;23;112
97;79;55;97;31;79
29;93;93;29;30;93
137;46;40;33;128;83
69;169;69;79;88;79
195;193;23;11;110;194
67;74;74;74;67;86
65;33;193;157;50;47
15;63;95;63;15;63
21;38;38;38;21;190
39;180;39;17;17;39
16;195;165;113;172;84
18;39;39;96;39;96
161;183;54;184;161;183
93;93;93;120;28;28
8;23;8;44;44;8
114;114;45;45;53;192
42;103;101;101;103;186
42;26;26;108;189;189
19;71;53;148;183;170
25;25;25;67;43;67
60;60;82;82;157;82
83;83;151;82;82;97
167;167;167;199;52;101
119;112;165;112;140;165
61;61;178;22;61;97
62;57;57;62;62;41
68;200;127;156;104;134
123;55;85;55;85;85
64;64;20;20;110;20
90;89;132;73;169;183
30;90;50;90;50;50
182;170;96;170;113;113
53;18;18;68;18;68
120;120;37;133;96;96
178;24;24;97;97;24
23;23;23;61;23;23
68;32;68;84;68;84
188;188;21;188;57;17
81;162;70;70;81;70
89;89;64;89;64;112
190;75;17;190;178;178
64;96;79;64;79;64
58;80;167;80;58;80
66;194;44;161;173;11
113;108;155;31;150;135
140;93;28;28;93;28
122;72;72;72;17;17
183;99;99;85;85;99
17;177;57;143;143;17
161;16;170;16;100;170
154;14;58;187;171;14
56;100;100;56;79;95
12;63;26;115;115;26
99;70;99;70;165;99
37;25;49;25;37;37
97;65;138;100;154;62
66;114;57;66;57;66
82;117;167;191;98;89
91;22;71;91;71;71
70;38;135;135;38;70
31;166;31;55;55;31
36;85;16;11;85;85
34;117;136;160;55;149
38;82;33;192;29;56
61;171;171;59;173;173
64;64;174;174;102;102
63;136;97;136;97;63
69;29;32;117;36;82
71;71;23;171;23;71
76;67;153;67;76;76
32;73;32;99;73;73
6;6;77;6;77;54
50;50;50;15;97;15
96;64;60;96;64;49
194;59;111;83;145;16
34;72;97;34;72;72
80;36;36;156;80;80
64;64;64;136;65;65
162;103;69;162;99;103
156;117;62;184;169;143
195;35;114;161;110;69
89;89;98;24;24;89
111;58;94;36;108;131
71;13;71;13;188;13
29;31;156;193;29;193
24;188;14;14;24;198
174;36;180;170;127;55
57;146;69;171;12;191
72;158;72;75;75;72
175;169;175;123;123;123
54;179;28;22;144;62
160;62;118;155;62;118
98;53;98;53;98;199
5;54;132;54;5;54
43;66;155;43;99;66
78;94;78;65;65;65
18;87;180;180;200;36
182;190;101;153;101;153
18;146;18;146;168;149
165;192;165;49;176;187
176;176;35;79;79;137
52;89;61;52;52;61
88;161;129;172;161;172
43;72;71;69;47;133
42;31;42;13;188;13
86;86;98;86;98;91
115;103;103;95;115;162
179;24;175;67;175;24
190;156;181;124;138;86
86;99;86;25;86;25
85;85;26;27;27;85
167;79;133;133;167;110
10;74;74;130;10;10
103;103;171;171;181;181
17;94;94;17;94;67
37;10;10;113;37;37
53;167;198;191;80;182
143;67;35;196;35;143
140;18;95;18;95;18
99;99;43;87;43;43
34;34;86;34;86;128
136;193;153;136;153;24
133;100;130;168;170;150
101;111;111;52;111;199
121;22;34;17;184;177
110;110;116;174;173;173
11;179;193;40;41;56
57;48;57;57;121;48
60;30;66;30;66;50
63;54;63;54;54;84
111;43;92;43;43;92
199;16;164;114;16;199
142;190;78;184;85;15
36;101;85;132;109;193
39;58;87;87;87;166
78;78;43;139;78;43
52;177;178;85;102;66
61;23;9;9;61;61
36;61;13;163;63;46
5;20;150;5;20;5
57;57;36;60;36;36
21;62;62;21;103;128
11;34;11;17;17;17
94;120;94;88;94;88
84;100;68;106;98;159
177;177;134;59;134;97
26;61;26;61;26;50
67;67;59;14;59;67
86;179;86;76;76;76
79;23;79;59;59;79
83;43;143;69;69;83
91;64;59;59;91;59
181;96;18;96;96;18
197;51;163;157;90;136
173;141;141;154;154;45
48;75;75;48;134;48
13;14;13;13;14;115
7;48;89;7;89;89
15;15;15;63;30;63
92;23;88;23;23;92
154;32;32;171;50;171
189;79;139;145;139;79
89;37;89;175;37;89
43;156;12;156;12;27
137;115;115;41;20;41
54;95;42;95;54;95
78;78;28;95;28;78
195;23;70;23;70;70
85;74;8;74;8;74
36;36;159;159;99;128
90;88;90;90;55;88
127;55;155;143;81;200
140;40;177;153;120;51
52;58;52;52;39;166
127;19;19;81;19;81
192;133;20;20;156;133
49;46;193;46;46;49
41;134;184;166;134;41
52;113;85;85;199;61
18;184;9;18;9;9
6;81;58;58;58;6
186;73;108;16;16;186
175;59;70;59;70;59
41;41;41;46;75;46
80;84;69;84;80;51
45;56;45;56;56;121
44;44;45;80;44;80
56;131;98;78;33;10
197;66;66;197;78;172
45;45;90;45;90;28
199;53;23;53;53;23
52;23;52;129;23;23
32;39;32;125;39;39
119;56;169;169;119;94
44;77;182;77;44;77
107;120;43;43;120;107
58;161;72;58;72;72
65;149;96;16;149;149
68;97;79;79;68;79
44;185;46;26;65;41
42;42;35;35;35;46
42;42;24;24;24;110
110;13;41;86;86;41
48;179;197;184;42;94
59;44;59;59;44;128
94;64;94;141;141;64
158;152;166;43;179;190
57;57;15;15;15;112
105;200;181;105;181;66
26;130;26;26;69;69
40;85;153;10;57;36
84;74;74;84;44;44
46;31;179;15;179;46
26;26;91;11;91;91
96;61;24;96;61;61
54;54;74;22;54;74
13;13;154;37;154;178
22;78;78;22;133;22
152;185;18;182;102;60
11;11;35;35;11;92
75;6;116;75;6;75
67;152;67;67;28;28
166;160;21;44;179;56
76;76;117;18;18;76
80;80;89;89;80;129
113;74;193;132;147;108
60;97;72;175;97;175
96;26;26;26;185;96
91;125;103;193;193;84
55;55;74;55;94;94
11;11;83;57;11;83
75;56;56;161;125;161
13;132;77;77;77;13
11;72;45;87;71;107
185;91;91;42;91;42
15;15;39;63;22;39
65;128;190;190;128;35
15;50;56;158;73;197
181;177;69;173;156;31
193;147;193;145;72;145
130;130;55;102;25;102
27;66;181;66;66;27
170;85;18;122;85;18
85;76;17;136;183;43
45;192;20;20;61;45
65;65;45;84;45;45
57;57;35;89;57;35
83;188;168;81;177;168
95;185;114;64;95;114
30;11;53;11;30;30
75;90;90;156;75;75
79;190;10;33;10;79
33;33;59;50;59;33
82;22;192;61;83;53
98;106;200;98;200;66
6;6;57;168;57;6
54;54;67;192;67;67
52;76;161;76;126;52
69;18;18;44;44;44
81;68;135;68;81;81
49;119;119;49;152;152
43;43;54;54;15;43
96;203;203;65;203;16
13;26;13;72;72;13
71;66;71;66;71;43
171;12;74;12;74;74
60;17;73;73;73;17
77;126;126;135;80;126
83;102;23;150;129;38
189;78;44;34;44;34
124;80;80;10;80;10
86;22;94;155;94;155
153;109;109;160;53;160
87;172;87;35;35;35
82;128;43;33;82;33
26;76;26;26;17;17
154;156;154;160;160;156
89;16;89;16;89;129
55;65;159;137;158;51
197;197;108;108;18;95
70;70;65;64;70;65
154;92;40;92;92;40
109;186;144;144;109;26
190;107;125;18;43;100
36;58;58;36;175;58
50;81;81;167;50;81
33;195;182;33;195;182
122;192;57;43;131;12
18;18;87;16;87;18
75;16;16;199;75;199
171;73;150;92;184;167
99;89;99;89;99;47
65;32;40;65;40;65
62;95;95;69;95;69
78;168;13;140;78;168
34;34;76;16;16;34
50;76;56;50;50;56
138;5;79;79;5;5
145;43;145;71;105;71
56;186;24;24;24;56
158;56;50;56;50;151
64;64;18;18;187;64
32;152;43;190;95;11
89;89;49;49;89;106
79;177;79;40;40;40
99;17;139;99;99;17
54;168;104;95;35;14
22;98;96;64;191;68
51;186;51;90;90;90
68;127;80;80;68;68
52;52;76;76;113;52
53;91;111;91;53;91
43;50;50;43;50;142
56;55;56;13;55;56
90;42;52;90;90;42
85;45;85;198;45;45
60;168;168;62;53;53
90;90;198;90;95;95
93;86;93;138;138;86
101;21;107;27;101;27
181;181;81;81;160;51
37;169;12;112;30;69
73;73;73;73;73;93
181;181;14;17;131;14
135;141;126;135;96;96
76;60;77;77;60;60
95;95;78;195;78;95
97;97;62;51;136;62
21;21;21;11;36;16
44;44;44;44;192;44
49;93;49;129;49;93
155;189;189;92;189;139
10;55;55;10;10;169
23;62;23;62;62;140
118;16;143;110;54;14
42;81;42;89;42;81
6;6;6;24;24;101
9;62;62;9;9;112
77;77;76;91;80;80
28;28;200;98;98;28
98;42;98;111;42;98
22;10;10;134;22;22
134;67;75;67;67;75
17;57;196;57;17;17
79;79;43;200;11;43
87;65;65;87;99;50
15;36;15;36;36;154
37;109;28;37;37;28
47;98;47;98;105;98
31;31;52;29;31;29
24;142;106;123;198;122
25;70;13;70;25;25
96;64;96;96;180;70
83;78;163;152;169;107
79;79;79;55;167;55
191;164;184;10;19;100
93;168;65;93;65;65
116;82;139;178;82;139
71;71;71;49;49;147
61;61;97;97;97;121
54;55;55;134;55;54
44;41;41;41;44;149
157;129;88;115;167;43
57;57;54;57;92;54
137;100;68;68;113;150
159;154;10;159;154;27
32;18;197;37;17;194
10;91;12;12;91;12
42;179;42;96;96;96
18;27;75;18;75;18
95;95;95;95;95;123
172;10;128;72;13;198
180;44;104;61;100;146
40;155;174;154;190;190
174;70;18;18;70;70
60;167;60;86;86;86
184;111;41;145;145;111
51;87;30;87;30;30
50;21;21;50;21;133
90;90;44;57;57;90
32;32;32;57;63;57
39;11;39;11;11;79
55;94;94;132;132;55
101;70;70;62;62;62
36;55;87;36;55;36
155;107;107;32;155;86
97;20;15;99;109;83
84;145;180;131;131;12
85;174;64;64;85;40
55;55;14;14;14;18
118;119;152;89;89;152
6;6;61;89;6;89
184;47;47;21;47;21
37;111;37;111;124;106
119;145;158;26;148;83
78;19;19;25;19;78
81;195;81;81;11;11
31;83;83;42;42;42
179;101;47;150;171;156
29;19;193;21;45;120
44;32;32;32;166;44
50;50;65;97;97;97
84;88;84;152;88;84
77;77;122;88;77;122
135;109;46;186;174;175
22;86;86;33;86;22
63;63;94;63;81;81
80;126;182;18;123;186
70;16;70;23;16;70
66;182;59;34;167;105
85;73;85;85;67;73
66;44;44;66;66;136
119;34;97;34;97;97
35;194;194;46;35;46
157;143;198;157;114;198
43;43;49;49;49;89
132;59;5;5;59;59
96;43;131;43;96;96
138;110;67;190;138;190
74;162;70;70;74;74
29;194;19;29;86;194
32;80;189;80;32;34
12;33;59;143;160;157
88;33;146;33;88;33
200;98;24;24;98;98
124;65;21;65;21;65
16;128;29;29;16;29
79;143;147;147;79;143
38;38;68;68;86;68
81;132;32;149;27;177
158;158;122;122;160;155
95;90;134;95;90;95
42;13;80;42;42;13
32;27;32;32;27;63
126;17;61;46;46;17
97;97;31;41;41;41
53;102;100;130;81;37
48;138;15;15;48;48
34;56;193;34;192;193
65;186;88;65;186;101
36;24;25;126;86;130
77;128;47;77;47;47
29;72;72;29;59;95
15;15;57;15;15;15
153;105;105;12;153;12
43;98;98;98;32;32
12;98;12;42;42;12
186;186;147;147;83;62
138;20;176;186;44;85
126;128;78;112;58;108
79;99;20;99;99;79
77;58;145;155;145;155
130;77;98;98;98;77
150;138;139;153;151;40
11;14;11;14;11;142
21;40;52;165;165;21
52;52;52;46;46;50
80;80;41;60;80;41
96;96;182;96;43;105
47;47;57;47;59;57
56;48;137;56;48;56
45;30;168;143;73;195
54;63;54;72;72;54
56;80;20;20;80;80
52;17;11;11;17;17
130;115;130;135;36;115
61;47;61;61;47;133
95;10;152;128;199;88
116;74;185;93;88;124
27;106;97;89;106;89
53;23;44;53;44;44
67;133;198;84;105;178
45;57;63;37;117;154
15;15;47;47;189;15
132;16;59;110;70;71
19;19;150;102;150;102
34;42;34;75;42;34
172;114;172;114;96;96
33;87;117;18;44;40
40;40;18;15;40;18
85;41;41;78;41;78
72;95;95;46;72;72
86;53;53;132;101;86
124;172;172;145;145;124
152;120;120;133;147;147
42;61;68;61;42;61
56;56;90;164;90;90
28;28;40;40;28;52
179;74;179;136;74;136
63;63;24;24;29;63
28;83;17;31;17;83
96;78;96;199;78;96
70;74;74;70;50;70
116;27;68;27;68;27
17;88;104;17;88;17
88;88;186;132;88;120
135;35;15;35;35;15
96;63;63;63;128;96
103;83;18;83;18;83
180;147;64;147;70;147
65;43;43;159;43;65
29;66;66;29;160;66
45;45;180;189;189;185
31;31;198;14;31;14
35;50;50;35;19;35
124;157;53;63;68;56
15;15;146;67;67;15
23;23;15;15;147;15
148;72;152;66;72;148
148;52;126;52;126;148
81;81;28;81;81;81
33;116;91;178;180;26
88;170;88;88;52;52
11;11;12;12;184;11
28;26;197;134;28;197
46;43;53;46;46;53
165;144;195;21;102;42
98;32;160;52;160;32
73;73;14;73;14;68
72;72;72;19;51;51
19;19;12;19;163;12
69;118;69;36;36;69
156;20;20;68;68;20
140;116;87;116;199;140
192;66;131;96;32;13
39;39;57;57;138;39
163;93;38;125;157;55
10;155;25;10;25;10
74;184;70;169;74;184
154;23;58;198;164;130
8;8;8;68;62;68
68;175;17;66;69;10
170;33;74;61;168;104
60;60;41;13;165;41
32;15;32;37;15;15
10;35;35;14;35;14
121;171;109;189;78;67
45;55;45;31;45;55
74;165;139;165;73;74
23;23;41;41;23;55
42;58;15;42;15;15
31;50;31;50;126;50
68;68;68;46;46;102
116;185;141;147;185;116
16;91;70;16;16;70
168;23;86;86;163;163
171;140;16;179;171;140
67;175;67;62;62;67
25;70;34;70;70;25
47;173;52;10;82;173
100;45;45;42;45;42
77;20;77;85;85;71
109;197;40;40;191;109
92;120;149;43;62;64
200;38;38;78;38;78
9;149;14;14;9;9
182;45;77;89;46;63
18;89;37;89;89;37
35;28;24;35;24;24
114;66;197;118;36;158
98;163;37;67;161;179
78;91;177;110;26;159
42;42;42;163;42;42
24;24;20;24;156;20
196;116;78;196;194;194
93;67;178;67;67;93
193;108;106;188;40;197
143;41;147;41;109;109
81;77;81;40;77;77
43;183;24;24;24;43
68;57;121;57;68;57
192;100;139;100;139;139
169;135;194;169;163;135
7;22;43;22;7;22
168;9;9;9;34;34
93;73;172;105;93;105
115;161;95;81;124;27
70;10;97;97;70;70
74;162;44;74;34;34
33;28;33;200;28;28
46;59;59;46;46;87
58;44;44;58;10;58
66;66;87;139;87;66
81;37;146;37;20;146
20;67;138;138;67;154
154;123;195;73;116;81
66;138;120;128;128;138
80;163;146;121;117;60
174;142;54;52;180;189
22;22;123;41;123;110
91;123;50;123;91;184
93;35;93;93;115;35
111;8;90;8;90;90
88;55;55;8;8;55
42;86;17;117;123;183
41;70;70;113;41;70
188;196;169;169;188;120
128;32;108;108;96;32
37;37;30;30;30;138
176;87;119;120;77;17
131;85;169;131;169;74
96;14;175;96;14;14
13;9;9;9;93;93
53;53;96;53;96;142
24;174;91;24;91;46
118;109;101;126;64;144
33;97;143;96;143;97
61;61;54;43;61;54
186;194;151;83;160;196
90;75;175;147;55;103
177;37;144;158;177;37
63;90;181;59;96;54
12;12;132;138;138;183
56;56;14;14;14;139
150;74;74;83;74;83
26;44;44;180;26;26
16;23;104;88;104;104
34;143;24;83;68;170
67;68;65;68;65;65
45;139;140;99;140;95
83;71;73;83;71;71
136;52;52;15;15;52
70;70;191;70;83;83
75;75;50;50;96;81
122;130;140;172;151;101
29;86;159;86;86;29
152;152;89;192;58;58
38;67;38;35;35;35
8;84;84;8;166;8
52;52;34;78;78;52
80;7;7;7;8;8
72;22;22;43;22;72
154;154;128;120;120;94
83;83;75;75;83;156
163;35;163;133;80;80
10;10;87;75;10;75
36;6;6;36;115;6
32;103;55;55;32;55
19;21;19;54;19;21
7;37;132;37;7;37
16;65;88;178;16;178
43;43;68;43;68;160
129;64;82;129;76;76
124;152;152;32;172;172
69;5;15;15;15;5
151;17;30;83;59;98
142;142;174;107;174;95
109;159;24;77;82;66
178;178;24;147;147;24
83;41;186;83;83;41
75;75;11;11;86;11
39;12;39;12;39;94
29;29;18;29;18;96
26;38;137;26;26;38
63;63;5;5;16;63
85;85;13;13;85;199
24;24;24;151;19;19
56;196;28;85;196;56
169;20;57;57;20;57
109;53;191;43;191;43
89;63;89;63;63;89
23;111;23;21;21;21
23;61;61;166;30;23
47;125;63;63;30;47
97;31;97;97;65;65
129;54;165;120;98;43
170;69;69;69;16;16
61;200;178;200;61;178
19;19;27;27;27;122
89;72;89;72;89;27
7;14;142;7;14;7
18;80;80;183;18;80
138;106;51;199;51;106
88;98;94;125;12;86
10;10;92;13;92;10
10;11;11;151;93;151
109;194;25;109;25;144
7;159;7;52;52;52
15;15;92;92;92;147
27;27;68;27;68;15
94;71;94;25;25;25
89;89;10;10;10;137
196;11;70;11;70;11
88;13;171;35;88;13
97;97;197;197;149;149
42;82;42;109;26;82
40;98;82;40;98;40
19;19;43;188;43;43
47;23;122;142;63;151
140;10;123;56;95;183
54;83;54;54;31;31
54;54;20;14;14;54
111;111;55;68;196;68
47;60;60;23;47;60
199;56;116;25;25;199
158;82;129;45;158;129
12;32;94;32;94;32
85;159;143;159;85;70
120;120;155;90;22;155
19;86;19;187;187;91
37;137;91;109;37;109
96;82;87;96;96;87
66;196;191;66;200;191
89;89;5;165;5;5
146;27;27;27;19;19
9;9;37;37;99;37
90;13;90;13;95;90
74;82;82;82;21;21
79;157;102;75;79;124
41;41;40;40;48;41
36;27;27;27;36;46
195;58;146;199;62;111
42;76;182;182;42;96
28;48;73;48;28;48
57;87;57;57;87;194
38;62;112;67;112;38
144;159;194;155;155;159
182;113;167;109;17;14
19;67;18;19;18;19
109;30;30;194;194;25
83;11;11;83;193;41
157;132;73;67;88;101
112;176;112;136;152;136
61;179;182;179;182;34
99;80;99;80;165;99
5;69;69;5;122;69
26;98;32;98;26;26
76;23;76;76;23;27
199;50;11;50;11;50
167;58;110;199;157;29
104;29;37;33;127;144
13;125;13;125;191;191
111;59;182;78;92;33
42;42;14;14;57;42
56;56;78;86;86;56
47;69;47;117;117;69
94;176;7;94;7;94
65;65;153;35;35;35
92;196;87;113;126;62
33;82;82;82;42;33
28;28;28;27;27;153
30;30;43;113;43;43
156;71;40;40;156;91
86;86;86;8;8;111
131;72;169;77;44;64
29;10;90;29;10;10
57;54;57;57;54;139
200;113;91;121;121;91
50;200;50;63;180;93
64;64;21;21;137;64
102;135;30;111;102;111
26;72;144;26;72;26
47;47;95;47;108;95
131;97;77;136;86;73
17;45;182;34;72;110
200;178;143;200;114;178
85;49;85;49;131;85
173;143;117;77;90;190
30;35;30;150;30;140
45;45;88;45;14;14
117;151;173;190;117;151
30;58;30;127;58;30
81;30;78;30;44;44
55;39;42;39;55;39
11;11;99;11;99;28
70;32;70;32;81;32
75;130;169;158;127;41
63;33;33;63;38;33
66;25;66;25;189;66
92;71;27;92;92;71
106;106;82;154;43;154
188;188;66;175;66;109
176;176;159;192;72;72
10;10;82;82;82;198
95;51;51;95;95;87
103;132;103;120;186;103
97;18;99;97;99;97
119;45;44;194;194;194
128;87;128;14;14;89
67;86;72;67;72;72
137;197;69;156;69;197
74;60;74;60;29;74
183;177;177;94;168;168
88;88;88;161;92;92
74;32;74;74;32;50
49;49;49;13;54;13
81;40;81;181;40;40
152;152;92;92;118;197
21;26;48;48;26;48
81;191;114;175;75;196
10;111;10;138;138;13
128;20;75;75;51;128
133;198;45;198;45;43
100;158;189;187;183;171
87;87;200;87;20;20
51;51;41;45;41;41
20;56;190;58;99;34
28;13;13;28;13;101
80;97;80;80;99;99
193;15;182;182;15;116
116;27;24;142;116;142
112;167;67;31;124;69
96;51;167;96;51;51
74;27;91;91;91;74
26;26;58;58;12;58
46;46;14;14;14;62
40;178;40;12;12;12
28;69;64;22;116;133
60;31;60;33;31;60
172;157;105;172;172;190
127;156;165;42;37;18
146;47;135;144;47;144
47;133;60;60;47;47
9;186;9;20;20;20
126;115;126;115;62;62
176;19;36;36;26;19
117;65;64;21;21;117
54;40;40;78;40;54
70;27;27;92;70;27
37;44;37;176;86;44
185;176;174;128;185;176
65;151;92;154;79;22
11;101;63;63;11;63
7;7;94;102;94;94
73;122;131;131;138;122
47;29;31;31;47;31
22;180;163;22;176;69
56;143;90;71;14;174
147;64;197;28;39;13
48;31;179;46;194;88
79;57;57;79;148;79
8;154;62;62;62;8
168;173;173;35;168;134
176;93;93;98;93;98
82;97;106;97;82;97
46;92;58;94;189;108
127;127;170;61;170;178
25;25;7;7;51;25
170;56;41;143;89;141
164;15;164;64;15;15
83;170;83;77;170;127
173;75;64;75;173;168
21;67;14;21;21;67
95;163;163;135;175;100
58;190;105;137;28;58
86;125;99;86;99;86
99;46;46;65;46;65
56;112;56;56;15;15
76;76;76;58;58;36
148;148;134;19;134;18
28;8;8;15;8;28
99;71;142;49;142;49
29;139;79;79;29;29
197;106;40;143;143;106
27;197;59;139;197;27
49;56;56;49;188;49
130;197;124;183;75;173
86;66;168;168;99;86
73;30;73;167;30;73
108;11;133;53;60;90
18;34;9;18;9;9
38;38;117;117;53;53
65;35;67;67;65;178
194;37;37;42;194;186
10;172;146;64;146;10
135;135;67;97;81;81
31;74;74;31;21;31
143;151;21;147;143;151
33;192;112;192;192;112
101;101;16;120;120;16
57;50;74;37;59;15
25;73;70;25;25;73
21;160;197;172;36;64
102;138;48;37;48;102
54;180;58;60;54;58
90;90;51;51;172;51
186;26;48;125;48;26
115;160;193;37;180;134
94;81;5;81;5;81
69;25;70;69;25;69
26;143;22;149;146;70
133;133;116;11;116;75
95;8;95;149;8;95
87;80;87;90;80;80
158;128;142;136;30;29
145;145;124;124;177;177
36;60;185;185;20;36
27;166;86;141;183;107
83;192;137;48;163;85
71;78;86;86;86;71
92;69;57;57;69;57
111;143;20;122;87;128
47;15;15;15;189;47
55;59;55;59;22;69
87;67;67;180;162;67
51;24;51;11;51;11
70;11;89;89;11;11
151;26;15;161;65;81
16;16;89;16;51;51
170;30;30;39;15;39
40;76;144;40;76;40
67;67;59;111;59;67
19;175;56;19;56;19
12;12;165;21;21;12
149;68;68;36;36;68
77;38;38;38;57;77
121;186;121;126;186;35
76;76;86;45;86;76
46;194;40;40;194;96
48;53;48;53;48;54
122;133;168;80;139;92
162;133;29;133;110;110
182;198;75;30;198;75
99;8;164;8;8;99
68;149;142;179;195;75
42;99;17;42;99;42
40;92;92;38;40;71
196;115;177;115;25;25
35;35;195;195;19;121
192;38;38;82;82;82
6;44;44;44;6;188
177;154;47;154;177;161
167;82;82;55;55;82
42;176;42;55;55;196
187;167;196;196;187;167
88;21;21;61;88;21
63;53;155;63;63;53
50;136;117;32;147;128
29;29;30;88;30;29
84;61;19;85;11;13
49;44;44;51;44;49
35;15;35;35;119;15
179;26;134;29;192;184
78;83;83;170;78;78
200;135;70;171;93;178
73;9;14;9;73;9
63;78;78;63;11;78
94;91;91;91;196;94
50;63;63;18;63;18
98;15;98;98;50;50
57;57;42;42;57;176
14;57;57;57;14;64
49;49;11;197;72;11
13;13;13;70;13;13
192;149;192;44;49;44
148;190;146;165;190;165
85;72;72;71;72;85
10;142;182;62;147;156
46;10;87;46;87;46
110;41;88;41;88;88
157;62;77;77;62;62
20;86;86;162;162;141
109;94;158;99;90;67
165;64;64;85;134;165
97;140;199;97;199;13
49;81;93;49;81;81
76;76;118;65;76;65
66;15;175;66;15;66
145;137;126;149;147;172
49;182;31;49;83;182
40;16;16;57;40;40
85;122;40;130;68;124
165;165;80;80;163;194
41;61;178;61;41;41
104;96;117;182;89;173
95;89;95;95;5;5
27;27;39;67;39;67
129;147;184;43;83;112
31;58;58;52;31;58
55;83;55;83;20;83
110;151;194;131;110;151
99;54;99;54;134;54
47;47;26;26;196;26
89;89;177;198;198;193
22;22;71;119;71;71
56;6;15;6;6;56
73;42;92;42;42;92
37;37;37;30;30;177
57;57;94;94;127;57
76;120;134;70;62;109
18;84;18;178;84;18
56;29;20;29;56;56
139;108;65;93;121;196
47;47;75;75;75;105
54;26;54;54;26;29
189;64;64;164;58;189
89;32;93;89;89;32
70;125;127;125;190;70
84;54;98;54;54;98
55;126;173;185;173;185
91;186;91;34;34;91
60;60;152;18;18;152
60;29;60;29;132;29
192;175;88;175;129;129
51;78;13;31;31;78
19;24;65;24;19;24
66;39;66;39;75;39
32;70;24;70;32;32
23;60;23;121;60;23
73;73;86;86;73;176
41;88;79;79;41;88
18;57;179;146;200;190
15;177;142;88;76;62
7;189;33;7;33;7
80;14;80;14;70;80
77;51;60;68;52;125
44;14;44;90;90;44
57;88;88;88;148;57
68;200;14;68;14;14
91;74;185;181;62;81
182;20;183;59;156;42
169;169;51;99;12;51
33;92;192;192;33;156
149;118;78;82;78;118
79;51;51;111;51;79
42;53;53;53;42;16
163;70;114;83;83;114
109;54;80;54;190;109
147;44;94;94;44;44
43;48;42;48;42;42
22;7;24;24;24;7
185;42;118;141;69;113
81;47;89;47;89;89
130;70;130;180;130;64
169;30;62;169;30;43
98;16;16;16;98;115
146;12;53;67;147;33
28;9;9;102;28;9
83;51;51;83;72;51
118;12;118;12;47;124
63;61;27;175;66;163
63;64;63;64;74;64
125;64;172;64;172;156
41;41;41;31;41;31
109;105;140;159;105;140
121;36;55;11;11;175
31;17;80;17;17;31
178;73;178;73;105;57
98;75;79;98;98;75
35;35;17;17;133;35
73;73;95;73;95;144
87;126;65;131;35;118
58;155;118;156;25;37
16;26;162;162;26;29
48;182;23;48;23;48
29;29;29;70;160;70
53;189;158;158;189;160
40;40;115;115;160;175
136;12;29;29;12;12
36;36;39;72;39;39
108;70;39;103;158;144
99;99;53;99;53;60
146;146;33;33;123;123
41;51;51;41;41;89
30;75;85;30;30;85
96;96;31;96;31;177
29;29;47;45;47;29
32;32;18;32;87;18
43;43;45;28;45;43
120;68;68;59;59;68
134;178;115;89;89;178
95;128;9;9;95;95
26;191;61;26;61;26
197;28;117;40;196;176
27;72;17;69;69;72
18;83;155;18;18;83
14;14;19;19;152;19
28;81;38;28;38;38
57;190;89;13;64;133
30;97;125;30;97;97
11;51;11;97;121;51
40;109;40;79;79;109
8;32;8;32;8;27
5;88;5;88;200;5
162;65;65;13;13;65
53;53;69;69;69;116
25;21;25;25;54;21
39;61;61;39;61;52
169;30;136;63;56;66
59;67;59;59;67;100
156;53;53;53;95;95
101;52;54;54;54;199
76;76;76;90;195;90
191;176;195;172;104;188
174;167;174;167;158;28
72;110;31;72;31;72
127;93;64;64;64;93
117;37;95;152;117;37
65;137;65;65;21;21
36;28;65;28;65;28
16;169;34;16;34;16
54;40;40;54;40;180
74;45;36;145;175;80
86;86;17;164;86;17
14;74;33;14;33;33
20;27;27;20;150;20
48;200;48;33;33;200
49;92;58;92;92;58
112;44;150;56;39;23
178;174;78;166;126;103
87;69;40;69;40;40
57;43;43;8;8;43
158;176;55;158;55;35
53;18;53;73;18;73
55;185;185;185;170;36
14;73;14;174;73;14
24;24;30;24;170;30
14;36;91;91;91;36
164;164;105;89;89;108
77;79;77;77;79;133
183;34;121;156;121;156
62;169;78;78;62;180
151;105;152;114;101;50
84;175;152;63;45;198
151;186;199;141;74;193
56;43;107;70;107;70
143;159;116;158;29;173
162;162;134;193;126;126
174;44;73;161;164;160
146;146;83;24;86;86
100;106;104;94;96;39
66;66;106;66;5;5
60;60;56;60;16;16
182;182;98;59;59;98
108;98;104;98;54;104
53;94;87;94;87;94
47;157;20;20;47;20
18;133;133;18;186;139
47;145;145;14;47;121
80;80;26;80;77;26
35;92;35;92;35;63
94;94;73;23;23;23
25;126;137;185;134;188
86;195;139;41;50;196
88;88;88;16;16;31
18;197;121;50;18;121
182;45;178;182;52;45
48;48;71;145;48;71
119;36;103;200;157;166
87;153;87;58;87;58
103;40;65;168;181;10
55;152;55;66;66;66
194;55;55;49;49;49
52;52;51;52;64;51
152;90;90;17;90;17
22;36;7;36;7;7
57;14;57;57;176;14
58;58;25;25;25;17
149;116;189;92;49;125
139;137;114;114;184;184
200;22;22;200;35;154
28;161;161;153;28;32
88;88;54;54;190;54
62;16;71;71;16;71
6;5;5;6;50;6
39;69;70;39;39;69
37;37;156;82;82;37
28;28;43;75;28;43
87;100;47;146;87;100
16;178;178;178;88;23
7;62;7;11;11;11
108;115;16;111;189;13
23;55;16;169;16;23
194;105;107;105;194;16
79;11;11;79;162;79
36;108;32;135;178;118
158;135;114;85;50;111
33;114;58;114;33;58
18;18;18;76;76;154
43;89;43;149;89;43
27;157;83;157;91;83
99;164;93;99;93;99
126;42;45;42;45;45
179;200;161;174;200;179
195;197;21;175;151;35
174;150;14;127;174;127
29;45;29;45;106;29
35;95;95;67;67;95
83;121;30;11;107;196
76;164;89;76;76;89
56;56;45;45;105;56
21;12;21;107;12;21
90;174;34;174;53;33
88;159;100;191;159;100
167;48;141;41;72;17
175;134;169;175;134;169
63;63;93;27;27;27
53;74;53;74;74;40
61;61;8;166;61;8
17;80;80;80;17;37
182;37;46;182;37;46
18;145;18;68;68;18
106;16;53;106;36;53
96;47;122;47;96;96
195;110;59;173;59;173
108;176;108;76;176;182
113;113;38;59;59;38
160;13;56;107;129;107
78;179;38;179;38;179
199;193;162;162;159;199
42;42;88;172;42;88
57;8;8;78;78;78
38;38;44;44;50;38
40;84;84;159;40;40
71;71;69;125;69;71
171;143;20;20;72;143
86;53;57;57;53;53
16;128;172;86;20;23
97;108;97;88;88;97
102;123;130;171;45;123
198;93;130;138;177;122
74;196;91;106;35;98
40;70;70;40;80;40
124;124;96;37;58;96
175;15;15;99;99;15
73;123;30;158;30;123
68;76;68;76;76;84
26;29;51;51;29;51
137;84;117;103;124;47
33;49;33;49;49;188
46;46;182;182;144;28
47;45;16;45;16;45
165;19;90;19;90;90
173;22;173;22;127;135
18;51;11;49;191;131
55;103;103;103;36;170
39;30;27;57;57;39
47;47;47;28;28;117
185;106;185;120;106;120
77;96;77;96;100;77
128;17;160;39;160;128
157;82;97;82;102;97
68;88;68;88;146;70
64;64;130;110;110;126
90;53;55;55;53;53
159;31;150;18;159;31
191;45;63;45;63;63
55;55;181;39;39;136
48;48;48;26;26;73
83;78;83;78;60;83
75;75;5;5;75;180
53;174;187;25;164;63
18;14;68;18;14;14
155;105;155;71;105;71
58;105;95;58;58;95
58;7;58;23;7;7
133;78;133;100;78;81
95;19;95;19;10;19
58;95;95;95;185;58
75;75;62;62;133;75
63;125;190;98;165;39
62;156;82;176;34;144
57;57;55;43;43;43
118;152;150;150;152;118
157;51;166;62;148;94
151;117;83;65;185;45
61;189;177;81;117;100
49;51;51;51;71;71
156;52;134;186;188;123
36;77;36;77;77;108
150;96;89;154;200;136
88;88;147;26;26;26
160;193;101;30;101;193
96;117;11;70;117;70
120;86;86;76;86;76
80;80;7;7;22;7
91;91;64;91;64;149
170;78;170;139;78;100
60;60;60;86;86;35
14;70;8;70;8;70
93;95;95;100;95;93
114;182;76;73;102;118
73;54;47;47;54;73
21;35;64;21;35;35
90;169;15;15;169;102
10;10;55;10;76;76
28;28;50;55;28;55
8;74;8;8;83;74
127;153;63;146;141;68
22;22;170;170;91;147
91;91;71;58;91;58
10;60;138;10;60;60
96;11;56;109;82;138
186;111;10;111;29;186
38;141;38;86;38;86
178;172;172;172;193;44
33;28;28;38;38;38
173;197;173;193;125;197
51;120;44;14;52;48
61;13;67;92;181;200
34;120;99;34;99;23
16;22;22;15;15;22
172;176;145;98;145;176
26;34;34;26;26;78
150;83;86;86;83;83
117;16;166;117;16;31
134;67;144;67;191;191
87;47;27;87;47;87
80;161;99;60;77;52
17;145;67;67;17;17
61;29;44;44;61;29
108;96;96;157;58;58
198;22;54;127;123;162
72;49;88;49;81;88
38;12;99;99;38;12
44;139;44;21;44;21
57;90;57;160;90;160
108;132;132;176;113;108
122;80;21;80;21;80
67;67;165;67;73;73
181;120;165;165;107;120
28;74;74;82;74;82
26;6;6;28;28;6
29;13;29;13;136;13
74;39;39;39;130;74
172;49;176;70;160;195
79;188;85;79;163;85
26;195;26;26;41;41
40;40;11;11;40;178
12;73;139;100;128;129
140;31;86;31;31;86
26;20;86;26;104;26
185;187;60;72;15;139
23;23;30;43;23;43
6;26;6;26;6;80
87;29;94;87;94;87
34;12;12;44;34;12
150;87;180;112;180;87
67;97;100;67;97;67
25;25;83;25;69;83
118;52;95;179;126;70
84;84;63;63;84;180
11;22;72;25;157;63
10;8;10;8;45;10
151;45;93;93;45;89
35;60;84;197;131;12
119;119;183;183;72;72
37;12;151;37;12;37
53;53;74;65;74;74
56;29;193;29;56;56
68;185;185;60;68;172
153;173;45;60;173;148
132;72;132;18;98;18
109;188;63;63;188;132
113;39;169;121;104;193
76;76;65;164;65;65
182;182;132;137;60;137
68;25;68;25;68;79
185;14;40;185;40;72
57;57;57;74;152;74
84;75;75;84;37;84
99;199;12;199;181;12
16;16;39;185;39;39
64;74;26;133;176;116
9;57;68;9;9;68
74;74;79;79;46;74
73;73;73;23;23;121
30;131;18;30;131;145
165;68;129;129;21;21
84;84;168;34;141;34
111;37;37;37;37;37
43;49;80;43;43;49
73;81;73;81;135;81
31;97;50;50;50;97
41;79;79;79;41;68
99;169;169;135;36;135
30;44;89;190;158;64
111;106;166;37;121;56
51;30;30;15;59;59
95;108;50;50;95;50
81;169;44;80;112;184
18;189;72;24;18;24
70;36;58;58;70;58
186;67;132;120;67;67
195;29;159;159;29;133
45;24;24;45;53;53
67;50;50;67;50;34
81;81;76;81;76;184
50;177;56;50;56;50
45;52;45;125;45;52
28;191;142;161;82;182
78;78;132;21;78;21
171;78;171;100;71;100
160;70;68;70;81;68
150;35;185;185;185;140
50;28;17;17;28;28
127;158;143;148;148;127
170;43;43;125;170;112
88;27;38;88;88;27
89;95;64;89;95;95
76;76;142;160;151;160
17;78;44;78;44;44
146;200;77;94;147;73
167;43;12;128;36;85
62;79;62;64;62;64
31;85;85;85;31;105
88;88;87;87;60;87
179;28;28;47;44;44
185;179;120;185;49;179
42;23;23;84;84;84
150;87;92;92;87;92
65;99;65;56;56;182
36;20;20;97;20;97
193;29;36;36;29;36
88;16;194;194;23;194
51;57;92;137;109;183
59;59;22;25;25;25
189;90;79;79;67;90
42;42;187;187;189;130
10;35;35;186;120;120
93;87;83;87;93;93
191;36;36;36;91;91
141;194;84;141;195;45
125;97;165;97;170;125
87;54;87;20;54;20
66;95;95;66;34;66
72;98;72;98;72;127
8;8;69;8;61;61
36;34;34;13;36;13
145;85;178;120;78;158
135;136;191;63;191;135
33;56;172;33;56;33
154;7;85;7;7;85
133;173;173;98;133;98
140;152;192;71;143;74
200;11;91;59;59;11
15;16;176;166;176;166
152;77;6;77;77;6
26;194;163;147;167;173
93;38;55;55;93;55
152;196;138;187;51;60
75;85;52;85;85;75
184;192;51;150;159;28
143;88;172;88;172;185
47;22;47;61;47;22
93;170;29;170;93;29
43;58;43;58;120;120
93;28;46;93;93;28
18;18;35;18;35;131
36;27;27;170;36;36
24;81;81;44;44;171
31;105;172;172;185;31
193;193;164;164;136;90
116;144;90;200;90;200
26;49;49;49;26;89
75;40;75;72;72;72
39;75;75;75;65;39
91;30;91;91;116;30
138;14;14;13;13;14
72;72;97;29;97;72
55;45;23;114;23;55
13;188;21;145;76;63
116;60;26;136;23;118
115;65;115;16;96;115
28;50;51;51;51;28
20;20;72;72;188;20
192;128;123;167;116;119
181;49;197;49;167;197
106;26;151;198;175;138
76;34;156;191;197;38
77;9;77;77;9;180
24;90;88;90;24;24
32;87;87;32;87;198
58;6;58;6;34;6
191;156;18;191;18;25
74;53;53;99;74;74
18;18;60;152;60;18
11;11;90;90;172;90
79;79;79;61;61;183
161;55;66;55;104;161
174;75;24;45;43;115
185;194;126;78;145;119
34;34;12;12;131;34
44;63;63;10;44;44
87;66;64;87;87;66
28;25;28;25;25;49
9;9;13;141;13;13
41;56;69;56;69;41
119;86;86;15;15;15
83;83;100;47;47;23
75;88;73;75;75;88
169;13;136;133;81;173
8;8;64;8;19;64
40;33;178;40;158;33
10;165;10;10;10;10
35;35;154;99;35;99
142;87;87;48;142;94
41;46;46;41;16;41
51;50;50;51;51;110
64;91;64;61;64;61
136;109;142;43;68;27
29;26;26;29;26;176
74;65;67;74;67;74
91;34;34;91;189;34
149;185;65;124;185;124
30;74;30;30;74;146
98;163;34;163;141;34
91;77;160;72;196;181
151;142;79;72;23;149
69;33;66;115;181;68
131;79;181;79;79;29
32;12;32;91;91;32
68;71;71;144;144;153
173;38;31;38;31;38
12;108;12;198;108;78
38;23;38;38;174;23
181;33;33;33;13;13
12;12;55;72;12;55
82;12;82;91;82;91
76;46;76;46;33;76
138;74;77;74;166;166
33;33;51;33;82;51
76;191;62;90;172;146
54;52;54;52;52;39
155;51;126;40;155;40
12;154;45;12;45;180
96;96;31;96;139;31
14;14;15;15;50;14
113;43;20;81;82;175
80;100;135;80;135;100
53;59;53;59;198;59
34;34;34;44;53;53
67;67;67;28;28;150
112;87;87;117;117;112
190;40;79;40;79;85
18;48;34;18;18;34
82;82;82;82;63;82
19;84;96;84;19;19
53;107;177;69;177;107
31;157;27;31;27;27
26;55;26;164;26;55
171;131;131;171;105;105
153;34;91;91;34;91
120;120;103;53;164;53
179;196;196;176;183;183
16;140;7;16;7;7
20;20;5;188;5;5
163;101;44;153;185;146
115;115;22;115;97;178
12;50;196;12;12;50
11;144;144;166;43;11
52;25;187;184;87;48
25;89;181;25;25;89
57;41;39;169;198;80
114;48;74;74;150;114
33;12;33;12;139;12
76;27;111;27;27;76
36;46;36;36;54;54
62;62;45;62;45;107
23;23;32;174;32;32
80;142;169;80;125;125
56;56;36;36;147;36
199;45;122;115;115;199
71;71;20;139;20;71
57;77;24;24;57;57
46;46;101;199;46;52
61;141;186;188;61;103
80;80;157;44;44;39
46;49;46;191;49;46
83;83;45;45;45;80
16;94;94;143;16;16
44;44;136;61;169;169
9;15;24;15;15;9
67;67;67;52;78;78
68;160;81;160;122;81
185;90;177;103;103;185
62;122;122;109;118;118
94;94;151;81;141;151
92;67;92;67;56;92
179;100;100;172;167;167
83;90;83;90;42;90
30;87;111;140;25;22
180;29;29;29;16;16
129;94;200;113;138;119
130;108;175;71;10;196
10;69;69;7;69;7
144;106;144;93;188;144
28;28;18;175;18;175
45;186;101;172;190;43
128;156;103;194;200;93
36;67;65;67;67;65
76;18;18;102;22;40
69;89;19;69;69;89
153;117;160;117;160;144
187;178;44;45;56;84
6;110;84;84;6;84
27;27;99;99;99;184
94;110;52;99;99;12
72;95;33;109;95;109
120;107;118;180;124;168
128;95;13;192;192;156
35;32;190;35;32;35
57;21;21;21;120;57
140;117;176;44;161;111
30;30;77;30;149;77
190;190;84;151;191;191
130;13;13;59;31;31
123;135;160;186;112;162
6;13;196;6;13;13
53;98;53;98;166;98
64;74;44;74;74;64
118;126;82;171;81;200
51;51;99;78;78;78
24;189;89;189;89;170
29;124;50;67;29;50
175;195;135;33;33;135
133;149;177;176;177;176
191;15;29;32;191;15
19;142;19;45;92;25
5;94;5;94;40;94
28;28;29;173;28;29
173;86;171;173;91;173
43;43;16;43;16;45
69;24;69;56;24;24
112;141;92;155;117;64
7;7;16;7;32;32
199;36;70;199;36;25
79;9;57;79;9;79
17;96;45;45;17;45
19;53;21;128;88;120
114;30;76;76;30;86
138;43;105;138;138;182
113;41;118;25;46;127
169;47;78;78;199;47
11;36;11;152;114;152
144;163;126;198;198;126
20;52;52;160;110;160
33;36;36;33;36;28
174;135;49;161;174;161
182;26;34;104;41;44
96;50;50;34;96;50
128;93;63;63;93;63
43;15;150;141;150;43
96;98;98;98;164;96
148;141;56;56;141;148
17;43;21;21;82;43
70;8;70;8;8;128
92;167;51;148;51;97
169;169;156;74;186;74
20;20;43;26;43;43
35;7;7;143;7;35
105;78;105;64;78;158
199;60;37;37;37;60
34;53;89;34;53;53
105;22;22;22;84;84
41;60;41;51;51;41
23;83;23;158;23;83
34;34;63;34;160;63
34;52;97;52;97;97
5;39;39;5;39;58
39;52;95;39;39;95
84;87;87;84;87;105
117;39;31;39;39;31
46;36;63;46;36;36
137;132;195;184;118;174
80;84;80;80;84;27
76;164;66;107;53;66
62;56;56;62;62;19
152;153;103;28;168;178
168;58;121;121;162;162
182;64;43;43;182;64
70;70;45;178;45;70
85;63;58;58;150;85
25;138;88;88;25;25
113;57;125;124;124;57
33;57;27;57;27;57
79;58;58;13;58;13
165;61;122;122;165;53
130;141;130;32;32;180
35;41;41;18;18;41
94;94;148;94;11;11
53;23;39;23;39;39
37;74;37;74;162;74
106;42;73;104;175;194
25;73;73;15;25;25
189;125;30;153;140;56
28;75;28;75;22;28
62;174;168;11;11;168
105;118;168;169;118;169
32;85;32;180;32;85
34;34;155;5;5;34
49;78;49;160;60;78
71;71;87;99;99;99
52;99;84;99;84;99
122;24;193;80;195;104
147;116;10;10;171;116
75;73;75;73;43;73
47;38;38;93;38;47
45;45;62;62;161;62
47;63;15;63;15;15
158;159;191;171;85;137
91;75;75;91;91;94
69;69;69;69;69;153
23;97;97;23;75;61
102;86;137;86;82;102
45;45;68;77;77;45
43;80;5;5;43;5
41;64;186;183;146;183
65;65;197;33;135;135
34;77;77;34;34;65
28;84;28;84;84;28
52;21;21;21;52;40
27;58;27;87;27;58
97;88;65;152;43;178
128;74;41;123;123;128
90;98;90;98;98;31
157;89;89;82;89;82
83;94;83;94;83;83
183;25;25;91;91;25
5;5;84;170;5;84
29;17;180;17;29;17
82;197;197;91;82;15
20;20;130;97;185;97
184;123;50;154;111;91
40;144;40;68;40;68
133;127;193;193;133;172
79;116;116;86;116;135
9;84;9;9;155;84
142;84;84;166;142;33
80;80;138;35;80;35
79;38;79;38;130;38
81;43;172;109;199;98
99;12;42;42;99;42
32;32;75;67;67;32
86;77;29;29;77;77
33;89;36;33;36;36
106;135;86;79;106;106
42;72;135;173;176;180
69;22;46;22;22;46
38;68;68;38;146;38
192;162;44;105;162;192
171;115;160;191;194;84
42;42;42;62;42;42
81;81;81;118;38;38
69;190;69;69;31;31
62;26;62;61;62;26
77;180;134;196;58;61
14;92;83;83;14;83
68;35;35;164;68;68
61;96;98;61;96;61
22;22;11;22;11;71
24;65;64;24;64;24
186;98;67;67;98;98
198;55;198;198;36;170
21;21;21;91;91;37
73;96;73;73;38;96
95;97;97;95;171;97
66;66;40;40;40;66
78;194;78;9;9;9
44;44;44;52;129;52
187;180;63;119;173;90
169;34;19;180;185;24
53;53;71;53;94;71
6;54;54;176;54;6
101;185;84;153;27;156
11;73;11;11;91;73
80;26;142;170;136;81
65;77;77;43;43;71
9;28;9;156;9;28
110;121;121;43;43;149
24;81;24;24;46;46
101;127;127;101;49;191
43;43;156;40;156;52
23;32;23;30;23;30
166;100;100;17;17;166
107;185;36;66;71;37
96;96;87;87;87;78
149;85;173;149;19;149
50;50;50;35;41;35
92;38;92;92;38;184
88;161;55;88;55;55
105;52;109;107;145;43
6;6;67;67;84;67
35;35;47;47;25;35
85;191;190;14;143;156
82;96;104;33;82;33
108;75;108;81;81;65
45;45;94;107;94;94
17;17;68;82;68;17
77;16;58;77;16;77
37;134;37;71;99;99
183;90;22;110;17;87
153;118;53;121;120;193
76;142;76;76;40;40
77;133;77;52;52;52
69;97;69;26;26;69
60;73;73;73;181;60
54;86;11;194;54;86
42;20;91;108;22;55
89;195;89;89;67;67
150;146;135;146;199;135
124;80;77;124;135;124
61;57;57;189;61;61
20;36;65;20;20;36
93;56;93;82;93;56
15;15;21;82;82;104
39;39;39;92;92;41
20;39;51;20;20;51
189;63;96;42;42;96
51;51;35;89;89;51
126;46;155;126;177;177
46;46;91;175;91;68
28;65;28;28;93;93
169;33;77;162;170;48
134;123;134;39;123;54
23;23;194;166;194;138
95;63;156;63;95;63
55;55;151;16;51;51
63;63;63;134;11;11
99;16;192;192;131;16
23;42;23;23;42;84
46;111;26;126;146;37
24;31;130;31;24;24
49;32;49;41;32;25
112;178;145;20;194;143
167;194;34;82;60;78
14;9;168;9;14;9
198;172;172;85;36;198
88;200;51;88;44;83
75;115;17;179;75;115
93;145;93;93;94;94
185;167;114;155;162;71
172;82;82;131;153;172
28;198;103;198;103;107
79;109;109;96;55;96
69;69;22;22;39;22
96;23;96;96;23;174
56;95;124;95;95;56
186;31;91;31;91;31
125;39;39;164;164;61
40;19;40;40;82;19
98;128;72;68;21;159
66;40;169;169;66;19
30;22;92;92;92;22
176;142;170;125;200;31
157;16;129;59;200;181
86;167;86;133;167;191
20;39;43;20;39;39
28;61;60;110;27;190
171;32;171;117;117;32
47;8;8;47;8;126
32;70;32;32;32;32
66;18;116;18;66;66
33;80;10;160;160;80
156;156;187;75;111;75
71;103;62;74;49;103
52;176;56;52;176;158
16;27;16;27;27;183
22;33;33;22;71;33
200;82;134;20;33;53
53;134;63;63;53;95
104;104;100;115;174;174
23;23;80;80;43;80
29;68;21;68;68;29
134;130;130;69;134;69
71;12;71;12;12;116
15;15;51;51;66;15
95;163;93;115;47;136
26;142;21;21;26;21
34;130;130;34;81;81
19;82;19;189;19;82
27;96;96;27;27;177
91;74;91;74;72;74
94;77;94;75;94;75
23;58;23;116;58;23
82;45;91;41;82;45
185;65;185;65;135;76
55;55;94;55;94;17
54;128;54;10;141;141
134;63;56;56;63;63
6;6;165;6;62;62
73;73;73;98;134;98
97;14;168;14;97;14
101;101;174;159;174;116
143;118;143;118;121;121
7;47;46;46;7;7
171;173;108;162;34;91
24;70;29;29;24;29
56;69;38;56;56;38
88;88;118;37;37;118
52;56;73;156;156;56
22;34;61;34;34;61
78;98;78;78;98;184
36;136;34;32;134;60
49;19;82;19;19;82
72;166;91;72;91;91
200;125;133;125;124;200
46;138;103;105;62;17
94;72;125;72;94;72
98;98;46;46;141;98
73;190;70;142;50;174
40;185;75;75;40;40
42;85;42;95;85;42
101;117;140;78;151;46
59;55;59;180;55;180
34;198;147;34;11;11
47;62;24;57;79;140
66;66;87;111;87;66
94;31;94;31;94;125
196;165;16;81;29;176
61;61;78;78;78;107
157;128;123;60;190;46
66;166;66;103;103;166
62;62;56;86;62;86
96;14;161;14;96;96
177;193;193;59;134;59
56;30;85;85;85;30
95;50;18;50;95;50
36;187;147;56;147;36
35;130;194;81;23;180
30;184;161;184;136;161
180;15;81;180;81;53
124;15;15;38;74;74
117;117;114;48;116;114
39;39;91;91;91;172
61;89;33;61;61;33
63;5;5;63;5;58
196;193;138;172;52;153
185;107;107;185;153;80
89;152;176;84;70;72
123;12;145;116;12;123
57;57;69;138;69;69
86;54;86;146;86;54
126;126;89;136;136;89
57;89;89;33;33;89
88;88;84;84;161;88
86;148;86;71;86;71
66;71;66;147;66;71
81;71;102;145;102;145
139;45;114;122;98;85
142;173;29;83;173;29
194;160;150;175;22;23
194;50;157;75;50;75
93;26;85;93;85;85
84;111;84;95;95;84
172;87;176;182;182;176
91;50;50;91;177;50
80;84;24;84;24;80
33;64;64;33;94;33
78;84;78;183;78;84
105;159;185;37;157;147
75;129;25;25;75;25
91;172;91;172;27;27
22;78;84;84;22;84
103;137;154;103;154;127
36;17;17;17;38;38
182;136;198;53;145;125
18;30;11;30;11;18
176;56;105;152;152;105
93;140;112;140;196;112
12;137;87;152;59;53
71;71;71;170;31;31
136;136;74;136;171;74
120;54;58;58;54;54
81;81;81;91;192;91
44;44;21;44;21;111
98;98;98;47;47;85
99;71;71;56;56;71
192;109;149;165;43;19
43;11;11;53;11;43
160;16;169;160;16;98
83;160;83;16;83;16
17;67;47;18;197;76
25;118;80;34;34;80
10;10;57;57;57;125
81;81;73;15;73;81
155;155;149;49;87;31
15;175;69;51;31;54
8;62;8;8;33;62
96;96;77;77;154;77
178;92;92;70;92;70
120;29;82;172;55;156
80;85;128;182;137;106
63;162;165;178;45;156
60;93;120;156;162;176
62;62;44;62;44;31
57;25;124;25;25;57
7;7;25;25;144;7
8;63;36;63;8;8
144;95;50;94;84;96
147;14;113;14;131;131
172;130;105;67;150;177
74;48;74;48;48;164
17;178;188;154;16;175
125;28;85;144;144;85
95;95;95;200;71;71
191;178;191;178;189;72
23;40;40;81;81;81
42;93;54;42;42;93
90;31;14;90;168;31
69;38;173;69;38;69
49;49;64;23;23;23
41;41;100;41;41;41
72;26;79;26;72;26
42;147;89;93;89;147
10;149;185;130;130;185
73;73;149;73;15;15
34;186;34;62;186;62
178;178;20;53;20;170
49;23;49;116;116;23
144;113;56;70;143;200
85;70;85;177;153;84
24;24;23;24;63;63
142;7;67;67;67;7
17;71;48;71;48;71
82;79;79;98;82;82
32;23;32;23;32;137
12;141;12;12;55;55
153;144;144;80;30;99
88;24;88;24;24;16
8;8;30;163;30;30
95;94;94;95;94;199
114;59;92;36;131;31
20;33;171;20;20;33
192;118;110;32;135;49
15;53;53;24;24;53
59;60;59;60;36;59
60;60;78;182;78;60
42;175;96;119;96;42
39;90;39;90;39;131
161;172;132;169;179;15
43;43;43;79;7;7
199;188;52;101;188;188
51;64;64;51;51;155
10;10;10;40;40;135
129;11;96;11;96;11
75;88;35;35;75;75
93;93;15;93;15;45
32;41;194;41;32;195
36;120;19;19;19;36
38;103;19;47;47;19
96;96;7;96;7;84
148;148;171;171;136;136
198;53;36;130;53;198
52;36;52;52;181;36
81;42;42;74;74;42
104;140;129;38;168;173
134;170;54;145;19;33
83;83;75;75;90;83
147;174;95;147;133;95
64;64;66;66;121;66
119;196;29;119;29;69
115;87;162;115;115;180
113;45;46;176;101;20
22;22;90;90;90;90
63;63;26;26;71;63
121;118;118;169;161;161
108;86;8;86;86;8
38;56;38;138;56;138
67;97;67;61;61;67
15;15;114;99;15;99
137;57;57;96;96;96
42;53;85;85;94;42
81;52;158;52;81;118
187;199;187;10;199;115
19;19;6;6;76;6
83;114;61;83;61;61
156;76;90;76;90;76
127;70;127;70;184;192
53;105;105;22;22;53
85;85;95;85;67;95
88;88;21;75;21;88
25;9;9;57;57;57
152;85;152;127;198;85
32;78;32;78;42;78
198;83;198;59;59;94
18;188;63;70;188;70
188;116;116;106;93;116
53;89;89;171;171;108
183;95;192;138;43;125
27;168;158;158;27;165
87;78;87;139;78;78
54;53;53;54;65;53
88;190;188;30;180;159
170;45;193;45;193;170
90;46;184;110;184;46
110;79;85;56;12;176
70;40;100;100;87;70
11;68;11;68;68;142
58;154;50;64;126;70
133;144;133;61;144;110
166;47;153;19;65;25
43;54;8;8;43;43
7;36;58;7;58;7
65;61;71;161;12;51
20;5;5;20;5;86
119;84;65;65;65;84
6;36;36;6;36;119
68;68;82;82;21;82
82;64;12;82;175;64
67;67;81;81;67;197
52;141;74;13;176;108
114;183;183;35;179;179
99;66;80;142;99;142
77;77;77;14;165;14
68;147;121;15;45;47
49;39;106;89;60;176
171;156;176;141;160;181
166;166;64;41;36;36
74;30;30;74;123;30
148;37;30;37;37;30
89;44;105;10;10;105
29;61;29;29;148;61
117;134;88;136;156;97
129;44;87;148;50;81
23;23;11;11;11;23
27;144;67;67;67;27
102;63;63;33;184;33
155;92;85;85;139;85
14;64;64;14;14;86
125;125;33;37;37;35
67;26;26;14;14;14
65;65;89;89;65;166
104;150;23;107;167;61
52;65;123;65;52;52
12;46;99;158;105;28
13;13;50;50;13;153
175;143;35;143;153;153
39;33;155;15;54;185
9;60;15;15;15;9
117;195;104;186;195;117
38;48;38;48;48;124
161;81;123;30;17;147
72;72;23;72;68;23
88;94;88;139;94;88
57;148;57;33;33;57
82;53;135;102;75;41
19;105;105;11;19;25
133;155;194;162;155;133
171;175;192;33;80;123
176;195;14;109;173;72
143;96;76;76;96;96
84;41;84;41;41;175
70;11;70;11;155;11
99;99;99;57;181;57
19;19;29;19;29;158
137;63;192;162;112;89
28;28;111;111;105;73
28;165;69;71;75;136
193;164;51;41;35;140
178;46;40;40;40;46
55;31;31;126;55;30
18;39;79;18;79;18
37;29;86;29;29;37
64;64;84;12;84;64
183;181;159;77;86;87
42;132;50;50;42;42
17;200;184;154;123;106
184;24;153;149;98;146
183;177;71;33;10;29
61;88;88;61;61;130
43;24;24;43;173;24
69;6;15;6;6;69
75;75;75;89;89;171
153;33;153;72;72;33
128;122;189;74;74;128
184;97;116;17;123;144
122;163;180;150;28;150
25;18;37;37;25;37
72;76;101;101;76;13
137;7;7;7;95;95
144;195;144;114;18;195
19;19;19;83;83;83
24;61;24;132;61;24
32;32;32;87;87;120
8;91;106;8;8;91
23;46;46;46;23;55
21;78;21;78;91;91
83;100;180;187;163;50
15;143;188;143;12;188
100;187;137;161;29;25
93;20;20;93;156;20
53;53;26;26;12;26
184;37;62;62;62;37
38;38;77;183;77;77
59;75;75;75;59;153
32;32;41;66;43;43
37;66;66;37;66;58
111;78;137;161;156;184
36;63;174;122;137;30
56;94;56;56;176;94
69;61;69;23;69;61
47;152;64;104;64;104
40;177;40;177;100;138
15;100;173;170;174;122
59;28;59;168;28;59
174;12;55;12;55;55
67;92;67;67;124;92
121;134;135;49;49;134
8;8;83;83;199;8
6;6;24;6;164;24
97;87;61;87;65;65
57;63;113;40;40;63
23;14;95;14;95;14
59;59;59;154;197;197
122;87;87;20;87;20
155;39;6;6;39;6
55;150;150;191;191;57
6;157;6;94;6;94
37;37;181;21;21;21
159;83;171;159;83;190
137;46;41;160;140;79
38;79;167;38;79;167
137;137;112;154;154;121
109;140;35;109;109;150
12;13;13;13;94;12
85;55;20;85;55;85
18;18;62;18;62;107
176;20;16;20;20;16
75;168;153;187;168;187
184;28;149;143;184;149
96;96;98;191;96;98
47;47;95;93;93;47
161;92;64;102;32;109
195;122;122;54;169;169
76;76;89;76;28;89
73;199;94;93;82;39
36;184;184;18;166;166
18;152;173;32;138;116
77;77;77;77;12;77
41;17;41;17;17;107
60;25;25;25;169;60
95;47;54;54;54;95
60;60;198;60;13;13
85;38;85;38;33;85
176;19;195;19;195;176
133;130;133;161;130;140
7;74;7;39;7;74
33;67;67;79;67;79
85;57;86;85;57;85
157;133;159;133;159;99
106;188;127;127;127;93
177;37;92;167;51;27
186;90;90;20;20;20
130;45;33;33;130;45
28;28;24;28;24;45
65;65;70;192;181;192
77;87;87;77;87;125
51;51;81;40;40;51
66;79;59;66;79;79
125;151;55;84;142;25
25;189;25;197;197;129
20;56;56;20;56;188
98;41;98;98;41;14
41;82;71;82;41;41
73;44;73;81;73;44
55;59;59;55;59;180
153;140;71;153;115;115
68;59;148;68;59;148
116;166;58;116;116;39
68;124;101;48;68;101
85;61;20;85;20;20
46;87;12;19;120;22
164;74;30;179;152;76
178;133;106;196;162;110
152;189;82;60;97;178
96;37;195;171;168;94
9;9;52;52;139;52
30;55;55;55;28;28
99;80;99;80;147;99
85;128;53;85;184;85
149;11;11;72;11;72
53;92;9;92;9;92
108;108;20;86;104;108
42;19;59;200;78;175
180;160;116;116;180;172
168;53;168;86;60;53
14;14;153;78;78;78
44;44;138;138;101;140
74;63;63;63;190;74
136;179;44;133;185;194
75;164;189;94;183;17
96;65;65;65;96;23
90;87;90;129;20;87
85;12;32;12;85;85
137;40;14;14;40;40
76;147;194;194;54;54
185;48;48;131;131;185
30;49;116;30;49;49
79;79;26;79;107;26
8;40;8;48;48;48
45;45;45;24;16;24
31;31;153;111;54;153
31;43;78;31;31;78
38;55;83;55;55;83
71;187;166;172;172;71
44;44;92;19;19;44
64;105;140;23;32;160
61;61;7;7;168;7
174;58;37;47;83;173
155;20;20;20;57;57
41;10;15;60;63;166
152;5;44;5;44;5
14;12;130;51;15;91
77;136;77;136;37;37
40;77;141;32;150;105
74;43;40;40;193;74
89;20;41;89;20;89
145;127;158;69;44;20
7;46;46;7;7;125
142;12;142;46;12;46
12;12;36;174;12;36
34;117;106;65;23;164
13;13;7;59;7;7
128;11;92;10;92;128
170;76;108;71;71;108
195;83;124;142;63;124
143;71;71;16;43;143
50;40;149;40;50;40
53;198;128;74;182;96
136;138;137;199;137;136
75;142;142;75;33;33
64;154;143;187;88;169
40;83;190;40;40;83
9;11;9;11;11;41
28;85;41;41;85;41
97;97;140;66;97;66
67;67;15;44;15;67
98;54;54;54;98;69
182;75;166;67;166;67
39;29;29;29;39;30
63;35;192;97;133;154
61;61;15;27;27;27
41;54;111;41;77;111
97;97;106;58;97;58
102;51;38;38;51;38
77;141;77;5;5;77
163;184;191;184;191;163
96;77;146;77;77;96
161;112;158;112;24;161
84;84;88;156;84;88
94;18;150;94;18;18
126;140;82;191;191;82
34;11;24;24;24;11
83;147;83;59;83;59
115;197;64;91;108;161
67;67;6;6;16;67
64;42;64;42;121;64
65;74;65;7;65;7
56;149;114;23;149;56
21;21;75;61;21;61
94;149;94;94;77;77
177;150;179;189;53;70
27;80;27;27;135;80
82;10;121;82;10;10
164;24;24;71;71;71
134;83;83;78;78;78
184;95;107;36;105;200
19;37;19;36;19;36
14;14;61;14;65;61
70;70;43;43;43;21
18;83;83;83;18;90
66;87;148;50;153;24
131;124;94;91;105;56
130;130;145;186;145;34
71;149;20;106;15;127
76;86;86;171;171;76
41;83;182;169;55;151
12;5;12;5;12;198
105;114;105;185;114;185
26;50;50;50;63;26
90;90;90;168;73;73
92;74;92;74;89;92
169;169;30;83;49;83
69;100;21;15;100;21
48;138;138;48;131;27
79;17;79;56;79;56
72;40;72;31;40;40
96;96;9;9;96;178
24;39;39;39;39;39
110;169;162;112;190;96
98;53;57;172;90;191
58;47;47;199;58;96
43;66;43;66;193;43
173;43;43;31;129;31
50;63;58;58;50;50
24;24;80;20;20;20
71;54;54;71;136;54
53;53;76;76;76;168
55;174;55;53;53;55
119;99;121;10;129;183
34;34;86;11;11;11
99;99;57;57;185;57
118;78;52;118;169;78
24;56;90;90;90;56
33;112;18;112;92;92
5;18;39;5;18;18
181;70;70;27;181;31
63;83;141;63;83;141
41;85;162;85;67;162
99;99;22;79;99;79
178;41;178;147;196;147
114;178;73;196;71;19
51;51;29;29;75;51
187;81;34;81;81;34
73;73;19;73;19;86
59;53;71;71;53;53
50;197;54;100;170;172
20;20;147;91;20;91
66;28;28;19;196;19
93;40;40;93;57;93
116;33;50;50;33;33
53;98;98;168;98;53
34;40;34;34;99;99
35;69;69;35;147;69
156;27;116;195;195;27
127;196;169;96;15;75
198;15;134;75;15;134
89;182;21;89;21;198
99;15;99;178;15;99
14;78;78;14;30;78
153;132;168;139;139;132
47;41;41;47;146;41
117;89;117;10;89;155
71;71;195;141;141;45
100;28;174;110;53;148
13;13;13;69;11;69
76;146;22;22;76;22
72;72;95;38;72;38
145;17;103;69;62;87
36;67;36;12;12;36
80;112;25;182;182;88
29;29;29;90;90;165
154;153;98;33;160;110
52;14;14;52;68;14
40;133;17;17;40;40
175;10;133;147;72;180
111;87;167;111;41;87
89;89;16;84;16;188
111;103;171;111;132;103
33;128;68;128;33;103
85;87;85;87;87;75
128;83;83;47;83;47
32;53;32;53;32;118
142;142;182;110;110;115
121;179;25;200;121;179
89;51;51;89;51;38
73;73;36;73;102;36
39;95;85;124;171;195
103;33;76;98;76;103
26;115;27;40;112;66
9;9;9;9;9;100
155;54;94;86;73;71
160;160;27;91;27;91
51;98;19;104;183;40
190;102;183;151;118;105
127;77;127;66;77;70
22;64;180;70;22;22
57;57;57;67;67;194
92;159;159;37;125;125
95;90;121;121;25;25
67;67;75;67;77;77
185;42;101;110;121;107
90;139;79;90;90;79
180;135;147;101;101;147
134;167;71;134;71;167
23;17;17;23;23;68
36;51;54;129;169;171
70;51;70;51;51;46
92;92;191;126;142;191
49;81;81;72;81;72
28;94;26;94;28;94
77;30;163;177;27;60
89;42;31;42;124;31
179;93;93;70;184;179
142;62;87;131;175;179
53;120;63;110;21;166
31;104;31;79;104;79
88;113;113;102;23;23
95;32;95;32;33;127
107;94;181;195;135;107
91;87;87;62;87;62
88;32;146;41;32;41
6;37;85;6;6;85
89;89;115;37;89;37
29;127;182;65;78;156
30;5;30;5;30;130
6;185;64;64;64;6
38;13;38;38;13;73
160;142;86;152;75;95
27;7;27;106;7;7
112;56;100;111;120;61
23;23;134;19;19;23
45;117;89;147;39;79
198;147;147;89;89;110
200;24;200;12;14;14
144;42;42;88;88;88
35;35;31;35;162;31
13;47;47;142;47;13
22;62;22;62;22;180
59;24;15;15;24;24
29;29;137;149;149;53
53;184;173;128;173;173
127;136;11;127;136;198
59;65;147;59;90;147
40;42;17;94;17;40
49;45;36;45;36;177
68;44;162;68;68;44
71;83;71;83;83;104
129;129;175;58;61;61
88;17;58;88;17;17
35;35;89;89;35;128
129;55;55;33;55;33
28;76;20;76;28;189
106;106;112;126;126;150
50;51;50;51;50;180
177;198;189;177;22;198
70;82;70;82;86;82
69;69;69;37;37;118
20;41;116;79;53;129
53;59;58;59;59;58
99;34;21;21;99;21
27;174;174;27;50;87
24;131;12;200;74;185
140;61;61;61;150;35
29;35;35;29;60;35
39;23;23;39;23;98
52;52;39;20;52;39
43;173;72;72;43;72
10;168;10;93;93;93
19;52;173;52;19;52
157;50;158;50;29;157
25;25;10;61;10;25
37;37;76;37;13;13
187;149;36;196;40;171
47;10;10;61;47;47
160;61;58;127;190;182
34;83;102;102;66;66
73;156;156;189;73;126
90;166;37;37;37;90
41;76;86;41;41;86
16;55;104;107;107;55
77;190;193;71;191;153
61;82;61;61;82;99
67;67;139;24;24;24
113;32;65;65;32;32
88;78;88;31;88;31
20;98;20;20;98;57
12;143;12;184;143;178
61;67;51;54;51;67
80;80;80;40;168;40
21;172;172;172;57;17
60;60;52;52;80;52
161;71;120;126;71;126
142;64;69;69;69;64
28;169;28;18;18;28
116;77;49;77;49;49
67;46;67;46;182;67
57;180;31;31;56;57
9;29;29;29;9;196
62;128;27;27;189;189
27;62;94;62;94;94
23;183;23;38;23;38
63;82;82;63;54;82
188;13;147;18;81;113
70;32;47;47;32;32
120;25;25;120;193;103
30;96;30;96;30;77
36;36;53;52;36;52
44;58;99;103;93;66
82;82;82;13;57;13
156;55;27;55;27;27
99;84;84;99;48;99
20;20;39;39;39;38
134;140;187;134;140;33
11;36;11;11;36;100
157;166;130;187;157;166
57;57;103;47;47;47
30;16;30;30;16;116
32;91;60;91;91;60
179;62;62;62;27;27
95;95;81;81;12;95
37;198;178;37;71;198
26;41;38;26;41;26
154;99;154;200;99;16
135;51;135;126;51;126
79;79;99;79;99;121
18;62;36;90;108;148
198;62;119;176;61;137
66;66;133;82;82;66
17;155;155;57;155;21
90;32;32;39;90;90
19;21;19;47;33;33
133;65;107;136;136;65
123;189;94;24;189;94
83;174;162;176;198;19
26;90;90;26;26;90
78;78;6;174;6;6
27;62;27;27;92;92
93;93;62;62;62;20
59;86;174;59;86;86
33;53;41;53;41;33
80;98;70;137;126;190
35;86;35;53;86;101
134;109;89;116;120;157
13;146;147;141;147;13
38;38;60;60;38;77
32;28;32;28;119;119
17;46;21;57;46;46
30;149;187;146;146;187
68;33;33;78;33;68
47;66;66;63;47;47
103;62;44;121;119;42
33;33;182;74;74;33
30;34;97;97;30;97
25;119;25;68;25;68
191;81;69;69;81;81
90;90;42;70;90;70
90;90;173;55;55;55
55;72;145;145;72;55
5;24;5;24;190;5
150;150;137;51;51;172
48;48;190;48;33;33
42;42;186;84;113;186
90;158;68;113;39;59
148;170;148;186;108;108
75;134;175;112;158;53
79;75;18;75;79;75
199;138;31;182;182;138
132;63;63;28;63;28
109;94;94;94;17;17
67;7;67;57;7;7
73;73;64;64;60;60
49;5;49;5;5;93
70;76;81;70;76;70
180;58;58;7;58;7
167;171;86;167;86;26
101;101;81;57;57;41
40;80;163;40;80;40
95;168;95;95;95;95
56;32;56;149;149;32
186;88;116;23;128;11
122;189;189;112;122;112
143;150;136;19;154;96
90;23;23;43;90;90
83;31;83;31;31;23
86;86;86;44;44;106
38;110;163;36;38;163
147;83;147;132;83;48
106;98;192;57;155;186
46;55;55;46;125;46
65;77;128;128;65;77
19;18;19;27;18;18
150;148;36;172;191;88
18;179;18;160;173;173
25;40;25;78;25;78
190;59;159;102;109;113
63;63;34;99;63;99
81;11;79;50;19;67
94;94;90;12;90;49
43;24;43;43;125;24
79;33;79;101;101;33
127;94;67;127;28;67
93;93;16;16;148;93
77;77;23;77;23;170
108;165;82;71;125;122
163;138;134;163;18;134
137;89;89;90;90;89
147;34;34;34;5;5
9;93;93;134;9;93
102;134;134;174;179;102
46;168;181;181;168;183
73;89;89;75;89;73
150;95;45;142;133;88
9;17;9;17;66;9
111;151;149;191;149;151
197;30;30;45;161;197
55;92;90;151;90;151
77;77;56;77;56;63
13;91;13;91;157;13
99;49;113;99;99;49
109;109;156;134;176;156
195;134;47;85;35;103
90;56;126;179;95;105
52;14;52;52;31;14
190;72;138;54;61;80
13;40;114;17;19;25
184;185;74;59;33;176
190;29;84;29;84;29
21;90;90;46;21;92
16;38;16;38;38;30
93;37;103;199;25;91
75;102;75;83;83;75
6;47;6;47;166;47
47;108;181;175;181;108
113;44;167;194;196;168
85;86;38;38;85;38
21;84;21;84;84;34
81;132;162;129;129;132
125;52;52;82;82;52
81;66;103;118;104;106
91;200;155;155;20;155
17;84;77;77;77;17
68;8;8;139;68;8
75;90;141;128;75;90
137;191;127;177;129;97
52;94;94;179;52;94
187;35;133;21;41;92
154;200;147;154;200;147
79;6;79;79;6;157
78;13;27;13;78;78
134;134;79;195;79;41
48;40;20;64;20;40
51;40;51;40;78;51
99;112;147;182;90;75
29;18;29;29;22;22
91;100;91;14;100;14
128;150;163;163;64;64
104;112;90;103;48;98
141;125;62;91;42;92
43;71;71;43;71;61
90;193;94;120;87;84
60;21;30;30;145;21
102;102;139;155;92;102
182;122;190;122;105;190
50;82;50;64;50;64
83;83;10;10;180;83
78;35;78;35;90;78
124;160;160;148;124;15
45;89;163;185;193;143
195;167;187;57;25;129
43;64;54;64;64;54
179;109;176;91;186;110
96;58;97;165;52;26
14;14;70;200;70;75
95;190;81;95;81;81
72;24;72;72;24;109
94;193;140;152;10;164
37;72;37;37;72;172
139;134;134;139;159;159
106;22;67;67;67;22
82;82;82;59;163;59
33;15;171;194;194;171
47;136;47;106;117;106
59;112;42;59;59;42
61;61;16;16;123;61
195;171;195;86;91;195
82;82;82;92;39;92
180;48;30;165;87;110
94;19;94;19;19;145
27;70;27;90;70;90
51;14;75;14;14;51
130;44;13;13;11;44
193;60;28;28;60;60
59;95;59;28;28;28
98;15;98;98;42;42
65;65;65;73;129;73
31;87;24;141;154;96
51;51;48;13;51;48
149;91;116;70;116;91
88;124;20;20;88;20
94;92;87;87;94;87
148;200;87;148;16;200
62;26;26;88;88;26
77;77;52;52;67;77
17;161;109;149;157;27
31;199;53;53;31;53
94;160;102;99;83;81
195;97;64;97;64;97
12;44;178;185;124;177
65;99;99;99;160;65
59;49;49;59;167;59
114;114;39;39;95;194
47;200;29;188;73;168
176;152;87;176;50;87
160;160;171;171;145;162
63;107;63;63;50;50
71;71;54;63;71;63
196;176;29;144;136;167
71;12;12;71;176;71
146;146;139;92;155;146
39;39;42;42;42;59
52;39;52;35;35;35
144;11;11;73;73;11
91;91;95;95;95;30
14;101;16;16;16;14
163;105;196;172;172;163
7;7;7;23;23;36
155;193;155;193;160;144
45;17;17;45;45;149
136;35;58;177;84;58
140;188;161;74;58;116
27;76;76;36;76;27
200;166;46;19;17;142
71;80;161;80;71;71
66;51;66;89;160;160
46;46;28;23;23;23
38;42;42;44;42;38
135;192;87;177;164;148
115;20;119;33;179;47
132;166;72;72;166;43
178;178;179;164;166;166
28;87;28;184;87;87
149;17;14;17;14;14
130;82;44;82;82;44
9;9;9;91;91;161
172;144;172;25;63;63
162;136;136;136;180;87
52;68;68;47;47;52
23;23;40;127;40;23
62;180;188;139;108;20
24;24;18;79;79;24
94;94;94;32;32;74
31;58;31;16;97;16
139;155;144;144;92;144
43;16;16;43;47;43
76;45;76;132;132;129
174;66;89;132;32;94
164;146;142;142;164;199
69;55;69;62;69;55
104;16;104;96;65;104
67;67;67;70;52;70
88;46;88;33;33;33
17;195;178;173;102;92
100;160;20;20;179;179
88;51;51;111;51;88
104;132;195;104;137;195
89;89;190;27;27;27
198;35;198;140;150;198
86;98;172;86;86;98
73;97;73;97;166;97
83;83;87;87;129;83
192;20;87;20;87;87
52;30;140;92;140;30
157;85;85;158;178;158
23;27;27;23;106;23
66;68;68;68;66;80
64;36;36;49;64;36
6;145;6;85;85;6
86;21;77;86;77;77
38;60;38;38;60;200
56;13;14;13;13;14
66;155;66;91;91;66
189;13;98;13;124;98
104;176;144;189;33;196
148;58;64;64;58;58
115;80;34;115;80;115
65;63;94;65;94;65
19;19;28;28;28;31
83;61;17;83;61;83
34;34;27;200;200;27
193;125;25;144;78;24
83;83;37;37;146;83
106;21;186;96;119;44
14;200;22;64;73;132
36;33;36;48;33;46
39;65;95;95;39;39
114;49;119;95;49;95
126;43;43;47;47;47
113;85;24;85;85;24
150;109;75;163;99;121
9;53;53;9;9;168
105;86;190;157;86;86
88;74;198;137;196;169
55;55;55;68;191;68
64;64;68;70;68;64
166;38;66;23;66;166
19;19;71;71;85;71
50;10;62;10;50;62
26;89;79;26;26;79
64;56;43;14;75;166
61;191;117;78;117;196
53;67;187;153;67;53
189;169;12;51;169;189
89;89;135;89;90;90
21;180;21;22;22;21
138;107;47;47;107;138
5;40;49;49;5;49
138;138;110;137;137;195
184;42;38;38;133;42
15;79;5;5;79;79
80;80;67;80;99;67
117;117;110;127;134;110
14;63;197;14;63;197
57;88;51;51;88;88
21;84;84;84;21;156
21;21;43;21;90;90
192;99;78;92;78;192
121;33;33;18;18;18
160;161;84;65;188;20
167;21;91;16;21;16
8;8;12;31;12;12
106;71;106;166;100;71
33;65;65;65;77;77
37;23;197;162;35;112
121;64;109;115;64;109
68;122;68;54;54;54
64;73;29;44;114;132
112;112;176;122;176;138
48;29;164;173;12;168
147;146;22;146;52;147
110;120;135;20;95;196
25;25;138;89;89;193
80;148;11;148;80;184
28;16;28;28;169;16
155;60;44;167;116;134
19;19;30;136;30;19
37;46;43;46;37;46
68;40;68;81;68;81
79;79;13;79;13;138
52;53;52;52;98;98
40;41;46;46;41;41
18;38;139;178;178;38
60;190;61;60;61;60
78;106;78;111;56;111
45;178;99;64;45;64
38;38;61;61;92;61
94;94;94;51;94;94
12;12;70;70;70;12
61;14;42;60;79;64
47;47;82;82;172;82
74;198;58;58;74;58
7;7;64;18;64;64
82;82;64;82;89;89
88;37;37;88;105;96
87;87;65;65;65;82
53;98;188;53;98;98
31;95;86;95;95;31
117;32;117;41;32;160
113;176;197;197;113;195
31;143;88;88;31;88
84;36;84;39;39;39
110;92;169;86;92;86
72;10;122;10;72;10
74;9;74;74;9;70
188;52;78;78;78;52
11;72;78;72;72;78
70;70;171;171;114;114
61;61;37;37;48;37
122;140;191;75;65;135
49;49;78;78;78;39
46;98;98;46;76;190
183;82;189;183;51;189
29;73;29;17;73;29
6;26;6;26;198;6
77;93;93;80;80;93
11;64;11;64;200;11
97;59;59;97;64;59
37;132;37;14;14;14
89;97;86;97;89;89
85;23;85;23;23;102
80;96;67;80;67;67
98;98;76;102;70;70
42;68;63;42;68;42
125;125;119;182;176;119
74;51;19;19;51;19
84;84;70;84;118;70
77;165;142;152;142;165
89;152;193;152;197;193
131;107;47;47;42;107
44;23;103;140;44;140
72;52;134;83;83;52
179;170;90;170;90;179
17;61;39;61;61;17
78;78;25;174;78;25
79;30;199;30;79;79
65;51;197;65;51;65
92;189;92;94;94;92
72;72;32;72;32;32
61;13;51;61;13;13
153;159;70;27;113;95
92;98;92;98;98;131
83;176;19;63;193;121
60;42;38;40;23;95
42;42;101;38;38;38
92;92;87;92;196;87
17;188;188;17;104;43
24;109;27;57;27;109
10;30;10;30;10;70
168;61;97;150;61;97
84;116;84;49;49;49
80;129;129;179;179;80
186;186;104;110;110;47
49;102;35;35;49;35
78;51;78;51;51;191
103;179;93;61;97;125
67;124;22;22;163;163
51;118;140;118;51;111
118;104;46;154;118;46
38;60;57;60;60;38
79;94;182;72;174;177
57;52;105;52;57;57
92;92;72;65;72;78
59;168;59;97;59;97
32;143;169;165;107;108
52;23;23;23;23;23
150;131;30;116;60;63
51;51;9;188;9;9
63;63;23;63;165;23
80;96;80;80;124;96
144;92;130;151;155;10
80;53;53;53;77;77
199;34;199;29;126;126
70;70;61;61;80;61
178;137;107;54;178;54
71;31;71;37;37;37
92;13;30;109;152;140
83;12;83;12;159;159
178;131;19;125;19;178
144;86;19;19;86;19
44;13;44;13;138;13
162;181;142;134;105;86
130;32;93;93;32;32
54;84;34;69;183;50
33;33;15;134;15;15
96;95;95;87;87;95
34;136;53;116;70;123
23;23;93;145;34;93
43;43;51;51;51;93
125;26;49;68;26;179
36;36;88;182;88;182
35;45;30;45;35;35
23;22;23;69;69;23
199;118;141;39;147;51
71;107;90;71;71;90
165;42;42;53;85;53
157;83;139;157;83;14
128;45;194;41;20;11
26;18;44;26;18;26
40;50;104;40;50;50
64;105;65;71;158;104
19;70;77;19;70;12
92;9;9;150;9;92
171;48;138;171;138;94
184;121;121;184;115;160
162;136;21;21;104;136
14;16;13;14;14;13
48;13;13;48;48;30
167;172;172;63;167;116
57;13;44;57;57;44
40;40;159;66;66;66
188;35;93;35;93;93
193;190;180;195;166;50
34;34;17;17;23;34
19;19;92;92;16;92
60;60;26;26;57;57
141;122;42;141;122;42
191;175;191;158;158;175
42;23;39;23;23;42
8;41;8;97;41;8
28;14;14;61;14;28
80;122;66;96;62;186
51;71;59;112;102;188
177;26;102;30;116;82
52;95;52;105;95;52
33;177;164;184;199;43
185;125;185;80;125;80
98;154;6;6;6;98
11;81;70;193;12;33
198;177;44;120;72;160
86;102;74;86;74;86
55;55;88;88;37;55
110;137;137;130;67;110
191;36;133;153;143;193
173;136;85;19;136;136
91;91;72;97;91;72
179;68;53;53;145;68
157;142;128;142;128;157
11;11;33;88;11;88
29;96;53;162;173;97
94;200;94;68;68;155
101;51;62;62;51;62
52;32;32;52;52;78
86;124;86;23;86;23
52;34;64;64;64;52
34;150;70;70;70;34
20;12;20;20;12;179
95;95;58;102;95;58
38;38;5;38;37;5
63;62;41;13;198;174
21;67;53;67;21;67
56;56;39;61;61;56
142;67;63;63;67;67
51;13;13;114;51;13
25;25;25;90;90;90
56;49;165;49;56;56
63;68;68;63;68;65
8;8;71;8;28;28
41;52;52;41;136;41
6;93;6;93;128;6
97;97;111;191;187;187
76;86;144;144;144;144
194;194;106;106;194;168
45;57;57;48;45;57
78;56;128;150;40;21
17;17;48;53;53;53
57;102;37;57;102;39
183;37;178;178;156;178
56;187;56;97;97;56
82;23;92;23;82;23
79;76;85;76;79;79
99;10;99;99;194;10
82;57;45;45;82;45
158;137;26;146;131;126
22;10;23;23;23;10
33;14;33;35;33;35
28;167;26;140;78;104
88;19;160;160;169;19
99;134;61;99;61;61
160;15;199;158;15;158
28;66;66;28;107;28
80;80;155;23;80;23
47;47;82;82;82;164
21;135;77;21;80;21
72;60;122;60;72;72
134;22;134;22;49;49
121;19;91;91;19;19
33;78;33;33;64;64
122;66;66;122;41;191
196;12;115;107;16;182
154;95;162;125;156;42
48;31;31;105;48;48
26;43;71;71;43;71
61;80;80;57;61;80
59;112;105;68;196;124
165;86;151;53;178;104
74;16;16;74;166;16
52;73;97;97;97;52
93;71;93;49;71;71
56;88;56;56;194;88
116;38;13;104;13;104
78;78;27;93;93;78
156;45;69;45;45;69
99;16;128;99;16;16
19;82;118;82;82;19
10;10;45;45;10;94
98;24;23;120;120;24
95;44;95;95;44;60
129;100;60;125;78;99
197;197;159;194;152;152
175;67;67;62;67;62
44;84;46;46;44;44
59;20;59;20;46;20
36;65;61;65;168;168
78;78;78;153;53;53
66;77;56;77;77;66
45;45;140;9;9;9
74;54;54;74;120;74
27;127;140;43;43;27
109;10;27;151;38;91
49;54;49;54;70;54
113;113;60;87;87;60
28;45;43;153;24;63
149;142;98;125;47;112
51;51;74;34;51;34
61;61;61;19;85;173
20;5;92;92;5;92
36;112;155;145;159;75
46;94;94;46;94;46
165;68;60;60;60;68
175;89;175;71;77;71
102;62;132;13;67;116
62;76;62;93;93;62
34;55;55;55;168;17
60;73;134;60;73;73
44;146;193;146;178;146
76;120;139;11;94;64
105;105;146;146;146;125
98;25;153;192;174;85
180;130;180;115;159;130
169;56;172;132;52;83
41;41;38;38;140;41
111;103;122;111;103;122
77;23;111;23;127;77
174;83;83;83;50;50
89;89;143;63;89;63
113;99;106;93;176;178
28;28;28;28;28;51
114;198;169;198;168;169
8;46;8;99;8;99
29;29;83;167;52;167
55;73;57;73;55;73
31;31;119;112;112;178
77;77;58;140;77;58
14;14;18;87;14;18
14;128;14;44;44;14
108;187;38;176;176;32
68;10;195;10;68;10
91;91;81;26;81;81
66;192;66;46;46;46
45;45;28;92;45;28
116;131;181;116;116;29
55;72;72;55;104;55
90;141;141;37;90;94
69;68;55;150;39;59
77;77;100;77;16;16
110;12;101;12;188;110
67;67;44;44;44;118
130;124;28;135;56;30
32;69;84;32;32;84
86;59;86;59;86;122
91;80;93;80;91;80
51;131;106;23;131;23
122;193;31;171;191;56
12;102;91;66;66;12
98;98;98;51;162;51
70;41;170;36;19;14
154;51;161;29;29;154
32;117;99;99;99;32
12;22;126;12;22;22
162;97;124;155;158;135
18;56;43;56;43;43
36;133;187;43;56;152
93;93;93;180;99;99
144;98;75;20;25;70
16;52;28;62;135;135
116;39;164;161;107;180
23;69;30;69;30;69
31;180;31;32;32;31
106;106;106;135;80;77
47;47;97;97;47;114
151;35;94;35;94;35
7;7;7;53;9;9
44;44;13;18;44;13
64;41;97;41;97;41
53;48;175;48;53;48
82;138;145;138;59;59
86;34;13;13;13;86
73;29;70;70;73;73
33;33;183;62;62;62
50;50;50;50;161;50
188;188;195;80;195;80
188;188;66;162;162;66
33;82;41;133;33;82
107;119;119;107;40;172
92;55;62;48;197;59
78;81;86;78;78;86
122;189;146;189;122;146
188;40;40;190;182;38
93;65;143;82;177;147
72;32;162;32;72;32
64;70;56;192;113;105
27;160;195;162;27;160
97;97;97;72;34;34
68;68;46;68;46;29
129;129;159;190;166;190
64;175;21;174;171;144
21;24;24;24;21;47
134;91;76;94;12;17
99;99;76;159;76;99
13;159;159;128;118;128
13;65;103;151;14;187
145;145;19;19;180;43
9;74;20;9;20;9
158;53;60;53;94;158
53;53;83;69;18;83
169;20;186;166;186;169
117;169;44;89;138;119
39;39;51;51;110;51
17;70;42;42;42;17
156;11;42;109;139;150
77;29;51;51;51;29
87;60;60;12;12;12
13;13;65;75;75;75
51;180;191;40;45;71
18;173;10;173;166;10
196;154;196;73;181;181
70;158;70;158;127;128
112;24;24;24;24;24
56;21;21;56;56;194
170;162;39;107;13;135
54;51;155;85;85;54
53;27;53;27;27;196
132;147;179;132;140;140
71;66;71;71;66;39
29;93;147;167;88;136
49;82;164;165;174;187
66;121;11;66;66;11
85;99;99;173;19;99
34;37;50;34;37;50
15;198;19;18;125;155
161;10;65;10;10;65
134;18;82;18;82;18
46;78;78;78;6;6
59;59;90;90;59;99
129;88;173;164;129;164
19;54;54;19;190;54
189;104;57;189;102;102
49;57;49;130;49;57
169;31;35;11;18;189
6;6;98;43;43;43
147;72;48;151;70;17
88;76;29;76;29;76
186;99;69;99;93;69
66;191;155;191;14;66
159;159;38;38;200;200
60;185;60;62;19;59
144;60;31;31;54;60
191;95;73;73;95;119
76;28;28;71;76;71
6;7;6;7;7;159
31;31;107;25;25;31
36;67;67;67;48;36
23;23;23;15;15;163
172;158;146;101;134;112
165;167;104;167;100;100
48;45;152;45;45;48
91;68;68;91;68;179
141;19;81;95;29;179
52;52;52;88;88;28
181;148;158;199;158;199
97;21;97;190;97;21
148;170;32;170;148;179
87;179;26;60;111;34
69;86;118;162;42;102
116;46;139;12;139;46
157;139;139;34;98;98
5;5;15;15;5;15
115;122;29;24;115;24
137;47;77;85;47;137
77;77;42;78;77;78
73;79;108;81;179;163
98;98;142;93;93;98
39;18;136;52;52;178
41;172;41;41;92;92
17;17;28;17;28;64
51;69;51;115;69;69
90;73;90;73;90;71
47;19;47;47;85;173
178;178;61;118;200;200
89;22;101;22;89;22
57;50;32;32;50;50
84;14;14;61;61;14
52;91;91;67;67;67
20;79;188;188;79;20
61;40;40;135;135;121
159;92;150;92;148;150
8;89;89;8;8;162
193;124;178;124;44;124
108;92;111;75;144;104
151;14;195;184;108;188
84;36;84;48;48;48
132;161;122;142;147;67
183;38;17;45;51;18
9;31;31;62;9;31
36;147;180;122;180;147
198;57;91;53;57;53
167;125;68;18;155;145
99;15;128;35;130;15
193;124;124;17;17;128
89;89;65;72;65;65
91;31;91;31;191;31
97;28;97;184;97;28
76;76;91;91;149;91
66;24;49;162;182;135
109;97;85;106;106;109
74;26;60;60;26;26
23;66;23;66;92;66
25;25;67;67;76;67
35;168;168;35;191;24
13;30;30;13;70;13
191;45;45;40;45;40
95;38;61;61;38;61
83;47;23;47;47;83
68;129;129;68;197;102
65;65;147;39;65;39
38;38;61;14;14;124
130;41;175;41;175;41
6;6;23;33;23;6
86;83;145;97;179;170
78;8;8;174;78;78
6;63;63;63;79;6
39;28;39;177;177;28
79;58;58;79;58;147
195;197;111;195;111;157
124;24;97;84;24;124
40;113;29;106;106;106
30;99;12;54;170;28
55;12;12;7;12;7
20;172;53;156;174;178
60;76;81;60;60;81
35;63;63;35;63;51
54;17;52;54;54;52
24;24;166;49;49;24
11;57;194;57;11;11
180;90;81;81;180;111
58;200;198;171;91;89
85;181;75;75;85;75
12;160;18;157;106;111
135;26;96;26;96;26
126;126;68;68;15;15
131;70;12;131;12;88
179;197;193;71;179;71
145;195;196;196;78;78
16;16;82;14;82;16
68;154;120;11;126;51
64;46;64;64;175;46
64;140;64;106;142;106
165;101;56;190;114;37
25;61;25;127;61;25
68;72;68;64;64;68
62;147;78;168;15;49
65;198;65;94;65;94
86;86;86;83;22;22
38;83;83;33;83;38
148;149;12;12;148;88
171;21;68;142;142;171
65;65;37;37;37;130
62;19;62;62;87;19
170;190;157;170;170;105
42;14;42;113;14;42
164;170;170;146;180;180
88;15;39;123;123;71
97;17;98;17;98;98
14;38;164;38;14;14
159;73;64;140;183;128
44;20;156;44;20;44
30;132;45;159;151;141
93;59;59;45;45;45
25;80;25;25;66;66
72;62;72;72;107;62
44;189;177;177;162;189
28;199;109;199;28;109
94;31;94;94;31;28
121;22;128;128;22;89
22;22;143;80;22;80
71;8;71;8;77;8
42;158;190;102;158;42
11;11;164;97;97;11
176;139;55;49;59;109
197;165;151;86;155;38
44;40;40;44;44;95
52;173;173;33;33;160
14;14;80;14;64;80
94;129;94;177;177;35
73;73;41;41;73;197
194;200;167;89;185;86
51;158;70;34;57;56
159;98;98;36;98;36
52;98;200;72;52;200
25;38;199;91;140;167
26;28;26;26;86;28
181;164;121;131;100;137
88;160;19;88;19;88
34;168;103;17;103;103
148;186;186;186;34;186
80;58;106;61;35;42
172;189;87;84;173;29
142;35;113;147;64;150
106;75;104;176;106;109
158;138;199;138;170;170
44;55;55;25;55;25
98;98;29;29;98;105
132;98;71;11;164;110
186;186;197;64;197;64
57;14;57;193;57;14
33;123;125;33;125;131
26;51;176;51;51;26
95;31;150;68;152;126
60;50;155;60;60;50
85;85;58;31;85;31
91;58;118;118;91;135
20;87;127;20;87;20
152;117;81;81;18;152
75;110;75;75;92;92
188;122;45;16;122;143
87;21;189;19;87;19
74;92;92;74;76;74
12;53;41;65;101;140
74;74;175;74;81;81
176;168;13;177;137;181
27;173;9;27;27;9
114;188;114;73;188;54
183;118;165;20;126;42
53;25;25;78;53;25
84;84;120;73;73;73
100;199;107;100;106;106
80;57;80;80;98;98
69;27;91;27;69;69
73;73;60;99;99;73
199;148;64;199;125;125
12;88;73;86;12;73
118;119;196;136;167;49
62;194;30;30;30;62
23;112;112;92;92;97
76;70;181;169;182;141
31;31;82;76;76;33
24;80;80;51;80;51
171;80;80;111;111;109
51;45;45;45;103;51
61;124;82;82;61;82
8;17;8;17;8;81
172;22;73;73;100;100
146;48;70;63;81;73
8;59;13;13;13;8
132;177;133;174;112;158
198;138;73;59;164;185
169;116;19;19;95;116
98;199;98;54;98;54
20;116;116;86;104;116
80;190;73;190;80;73
80;196;196;147;179;159
40;42;50;50;42;50
66;30;97;66;97;66
92;155;192;66;174;118
45;195;195;101;101;35
50;183;19;40;50;40
60;60;29;29;197;60
13;124;86;86;86;13
197;140;140;154;30;186
25;14;14;162;40;40
44;145;19;166;92;121
82;73;144;82;73;73
150;111;76;33;33;150
84;38;38;84;51;84
56;15;171;153;153;171
34;29;29;34;34;196
36;176;55;49;33;68
47;42;47;42;70;47
65;34;34;54;54;54
67;5;170;5;67;5
93;93;88;88;88;33
50;50;14;50;14;176
7;7;164;58;58;58
90;90;75;75;196;75
91;18;135;38;79;107
74;14;14;44;30;74
85;26;85;85;51;26
184;37;75;37;75;75
41;83;41;83;41;183
66;24;144;66;24;66
155;34;28;34;28;128
96;8;8;168;96;8
135;34;120;191;37;77
38;166;71;38;38;71
178;74;29;74;74;29
33;85;146;157;85;41
41;68;68;41;68;159
85;31;128;31;85;85
39;64;118;42;43;109
80;55;80;170;80;55
106;26;130;183;116;94
6;25;25;25;100;6
66;66;56;77;77;66
95;15;40;95;15;95
16;150;114;38;38;150
12;12;126;12;6;6
11;11;52;52;157;50
56;61;5;5;61;5
47;47;23;47;16;88
7;48;11;48;7;48
160;116;93;116;147;147
121;191;159;191;147;121
67;89;67;55;89;67
41;41;90;90;41;133
26;31;26;31;142;114
31;54;31;89;54;31
161;53;180;189;119;113
185;175;196;28;128;52
179;23;179;53;23;53
189;90;27;189;27;90
70;140;47;47;47;70
25;80;37;80;37;80
122;91;91;11;11;91
10;184;63;15;10;15
150;34;34;49;185;185
159;35;193;33;135;171
46;64;64;46;57;64
19;71;19;165;71;19
95;32;32;32;97;95
173;83;50;173;105;105
143;64;20;158;141;157
30;53;30;44;44;44
77;77;37;77;59;59
143;19;70;19;70;70
94;28;28;28;139;94
75;75;19;19;75;41
40;190;58;58;190;23
47;68;47;68;103;93
28;94;180;28;28;94
95;7;7;95;7;57
130;136;84;81;17;184
140;96;140;144;82;144
18;56;52;56;56;52
21;200;194;158;82;64
127;127;137;177;48;137
79;97;79;79;90;90
130;77;77;51;130;51
118;118;158;73;73;25
82;14;71;14;82;82
63;49;10;49;63;63
69;30;30;13;69;30
54;68;54;110;68;68
193;144;168;168;51;132
106;106;39;39;79;121
66;75;67;112;129;74
164;164;34;29;131;131
40;40;75;85;75;85
98;83;83;98;98;136
148;52;85;85;52;52
95;95;187;75;95;75
98;10;87;98;98;10
134;22;176;134;26;176
122;38;38;38;12;12
16;16;59;86;16;86
193;39;56;145;62;110
196;34;101;34;101;196
50;89;136;169;96;89
63;83;121;86;83;86
181;14;174;16;64;99
183;166;183;183;58;39
13;96;96;13;13;82
84;60;60;59;59;60
45;44;8;8;45;8
156;143;34;187;148;98
175;98;78;98;98;78
52;96;78;78;78;96
132;70;20;132;70;20
62;62;82;82;112;82
109;54;10;109;10;124
40;40;21;21;60;21
60;60;94;60;75;94
107;29;167;66;92;15
117;29;116;116;182;116
54;54;52;54;21;52
160;39;27;39;27;27
95;28;95;141;28;28
68;55;55;68;68;68
67;30;67;197;106;106
70;74;41;127;190;82
69;69;181;69;30;30
146;189;27;189;146;64
84;84;28;28;101;28
27;119;187;196;83;84
18;160;66;139;18;160
99;99;16;99;139;16
107;149;107;21;198;21
100;151;151;130;195;130
69;77;197;86;77;69
86;31;31;31;150;86
70;24;98;70;70;98
105;34;165;34;166;105
170;131;49;49;131;130
84;193;26;26;102;102
80;36;59;80;36;36
89;23;23;47;89;89
44;106;71;106;117;44
188;181;12;12;181;152
48;149;106;149;159;159
43;135;85;19;98;199
36;36;36;38;78;78
8;88;56;88;88;8
26;27;46;27;46;46
197;82;82;68;82;68
19;118;64;24;191;12
27;46;122;122;46;158
100;137;85;180;85;137
95;95;13;111;13;95
125;35;44;104;88;88
78;78;76;76;103;78
42;42;68;68;68;67
93;93;80;131;131;126
37;20;118;74;177;91
29;29;39;29;29;29
38;38;16;38;16;37
182;110;163;181;142;56
76;14;14;76;14;17
54;128;128;120;195;166
12;38;66;12;38;66
21;50;172;172;108;108
159;57;137;47;100;21
126;126;187;200;187;45
18;49;97;18;49;18
148;185;100;116;38;61
61;102;61;96;96;61
158;21;120;10;86;23
114;164;73;185;56;45
82;88;63;88;63;82
161;14;14;20;20;14
85;25;85;25;25;150
104;104;18;122;18;122
152;177;100;108;115;52
30;70;70;135;70;30
29;75;128;29;75;29
118;118;36;29;108;29
16;16;152;41;41;41
64;64;145;52;52;64
46;184;46;60;60;46
85;103;182;28;121;119
54;80;26;71;146;193
132;25;37;164;37;25
19;187;18;66;100;122
108;102;93;119;107;57
93;93;93;93;93;21
113;96;51;96;96;51
193;178;49;141;177;92
132;36;132;180;35;36
92;88;52;92;52;52
79;84;79;14;14;14
112;32;130;167;18;152
197;197;64;62;62;64
153;42;114;13;100;36
102;115;10;102;115;44
13;41;102;13;13;41
143;37;120;196;49;197
9;79;9;9;43;79
171;23;23;153;103;153
54;52;52;52;54;77
162;11;200;11;23;23
167;161;80;162;196;54
109;92;117;109;71;92
164;11;133;11;184;199
18;60;189;134;189;60
50;152;54;135;152;54
121;18;97;97;18;97
80;98;98;80;39;98
51;38;99;51;38;38
92;73;73;92;73;42
59;59;32;59;50;50
73;192;73;73;79;79
104;31;104;22;22;31
199;182;82;138;182;82
14;194;41;17;97;96
153;137;110;117;117;137
17;31;54;54;31;54
148;52;15;52;15;52
141;140;140;166;166;65
180;11;84;11;103;103
6;174;28;28;6;28
182;42;94;94;42;42
184;184;137;155;155;19
114;137;105;87;137;47
142;142;129;162;198;129
32;32;45;103;97;12
53;10;53;10;53;176
127;14;26;26;26;14
9;87;69;69;9;69
167;105;128;155;180;120
172;24;24;188;172;15
108;50;50;108;31;84
124;169;70;70;169;102
12;22;157;111;197;81
85;85;42;48;48;85
84;32;32;84;84;121
33;164;119;164;123;123
103;109;187;171;62;182
175;27;23;23;23;27
113;134;113;54;32;134
82;150;99;93;87;23
16;178;178;178;96;65
103;68;41;41;68;68
38;36;38;55;38;170
61;64;199;64;61;67
40;113;29;203;203;203
166;181;93;181;77;93
69;69;69;184;128;53
174;146;146;162;130;162
78;78;23;149;23;23
97;9;97;9;167;9
186;185;185;155;55;186
79;187;79;187;92;62
14;31;31;14;14;97
191;10;29;106;168;49
138;49;46;130;191;61
84;46;131;160;101;126
181;85;78;36;161;183
56;168;168;118;159;56
180;66;58;180;58;121
34;52;80;114;194;165
25;124;25;191;42;191
55;17;15;17;187;15
76;76;87;16;76;87
99;99;99;200;69;69
15;15;43;102;99;43
185;79;190;160;50;31
133;97;96;97;35;35
101;194;160;118;44;120
94;190;8;94;8;8
64;35;99;38;75;133
48;172;67;172;91;91
77;200;138;24;199;94
21;200;19;19;19;21
193;193;36;36;45;199
85;180;85;7;7;85
24;24;78;78;186;78
47;33;47;142;33;33
121;71;71;69;121;48
125;105;28;28;125;195
82;23;164;23;23;82
38;38;42;178;178;105
34;34;85;85;60;85
22;73;22;80;73;22
69;69;42;42;69;85
155;199;39;84;39;84
80;21;11;153;43;172
108;84;195;163;77;37
89;105;32;103;14;112
22;114;101;22;114;28
74;42;42;68;74;42
59;147;17;24;121;134
84;27;135;135;175;175
79;174;42;79;79;42
48;48;121;12;121;24
81;14;81;14;81;159
16;11;146;146;146;36
83;146;83;98;146;98
65;19;90;154;97;152
94;57;94;90;57;94
92;92;16;77;16;88
158;102;80;51;51;102
53;78;125;164;53;125
192;133;192;46;133;46
21;21;43;21;43;193
199;76;76;124;30;124
16;16;69;187;69;69
66;114;48;144;114;144
48;9;80;9;48;48
63;194;48;146;48;146
6;6;176;6;24;24
184;125;89;162;125;89
73;172;143;180;84;57
68;63;103;63;44;103
11;9;9;9;11;95
73;6;177;73;73;6
92;37;92;37;118;132
183;57;81;81;57;57
172;108;167;183;142;136
119;100;45;119;60;45
56;56;56;78;78;100
8;60;159;60;8;8
191;107;191;136;96;136
52;71;71;179;71;52
85;80;20;20;20;80
61;61;52;61;23;52
98;98;131;106;131;14
121;121;16;177;16;145
67;130;115;116;130;116
92;50;29;92;92;29
28;95;95;95;28;87
68;66;116;116;172;172
179;111;79;199;113;38
56;94;56;72;56;72
170;159;137;137;170;11
73;181;95;73;95;96
195;178;171;178;62;195
149;109;17;10;114;98
136;136;19;113;62;113
123;114;181;12;58;18
29;24;168;106;173;102
189;10;30;189;132;30
90;73;90;126;73;73
193;123;127;18;23;115
182;50;51;51;50;51
30;175;173;43;34;122
97;84;97;84;97;124
28;93;199;93;93;28
60;78;60;78;61;60
89;10;10;125;96;89
71;27;193;45;64;105
45;57;195;134;57;195
18;18;89;89;113;89
74;89;89;34;34;34
78;78;81;78;81;27
38;53;120;16;53;38
44;45;146;146;146;119
16;159;151;16;115;115
36;56;36;126;56;36
27;52;197;52;27;52
63;27;27;96;96;96
49;35;188;154;66;182
77;78;78;78;77;182
183;125;125;147;102;147
89;144;176;176;144;156
63;20;20;94;94;94
63;41;41;63;125;63
97;13;184;43;63;50
38;63;72;139;115;23
24;27;27;97;24;27
88;86;54;88;86;86
83;83;184;193;14;14
147;147;118;43;43;116
170;138;97;138;97;161
52;22;52;146;146;54
76;48;76;48;76;27
180;99;156;99;180;156
95;95;81;81;111;81
8;8;66;15;8;66
147;37;147;57;57;71
172;17;115;42;59;123
43;43;27;27;27;40
169;61;176;25;20;56
117;47;47;50;50;47
71;19;81;19;19;81
29;29;58;29;58;62
135;170;68;26;95;124
195;199;199;131;131;195
162;13;95;95;95;13
80;80;171;72;72;72
56;10;198;10;56;178
82;93;82;93;109;82
11;36;11;11;36;155
51;51;42;51;42;96
65;35;148;65;65;35
169;130;16;169;32;16
61;61;124;61;69;69
20;20;108;62;62;55
79;132;77;122;48;17
98;14;98;25;25;25
163;137;42;132;156;16
65;160;184;52;184;65
162;30;83;30;83;30
13;147;162;13;147;36
88;130;28;127;97;76
70;19;70;105;70;19
43;26;158;43;26;26
74;74;74;52;52;169
99;50;50;99;99;78
94;47;47;94;19;94
152;148;88;148;142;142
96;153;163;32;148;118
50;50;50;39;39;52
52;60;87;61;60;61
71;71;125;125;35;97
79;82;82;82;79;182
77;16;20;177;86;132
182;56;56;56;87;87
53;75;53;82;75;75
23;144;40;23;40;23
156;132;188;54;132;188
54;58;54;98;98;191
76;76;53;23;76;23
27;10;134;44;200;186
67;67;171;67;67;186
82;107;107;158;82;138
35;44;44;162;35;48
32;32;57;60;57;57
92;92;92;12;23;23
22;8;8;8;169;22
30;131;174;61;48;83
71;71;71;86;125;86
106;38;100;38;126;106
22;22;13;164;13;22
115;115;18;103;18;43
47;142;48;48;48;47
96;176;96;176;108;162
198;73;112;70;39;174
68;68;148;60;68;60
180;99;71;57;71;180
11;118;84;84;97;118
16;135;51;51;16;135
56;159;142;174;150;117
33;119;19;50;169;50
23;11;23;23;157;11
85;85;10;10;103;85
143;19;41;197;92;112
173;102;86;57;102;57
20;170;116;100;170;20
35;51;13;72;117;80
9;9;188;37;9;37
19;19;12;12;19;17
66;42;66;42;42;78
22;99;22;91;91;22
72;72;72;54;151;54
55;39;102;141;128;139
113;53;168;190;190;53
151;163;151;164;164;171
77;22;16;22;77;22
54;188;119;16;63;194
91;17;72;17;91;17
76;76;163;70;70;70
113;185;198;173;185;198
139;44;198;87;95;104
24;63;97;97;97;24
97;112;74;97;74;97
71;155;118;78;84;164
94;94;74;146;74;94
178;188;63;148;188;148
45;121;45;121;10;69
22;89;63;63;22;63
184;166;144;144;166;183
47;115;47;5;5;47
73;73;106;54;54;106
43;43;75;75;75;16
145;15;162;129;95;100
11;29;79;79;29;79
170;155;150;170;170;170
18;81;81;81;24;24
92;25;92;25;25;176
46;73;73;76;76;73
91;91;193;31;31;149
50;56;30;30;50;30
93;84;38;38;38;93
34;46;46;34;77;46
60;33;33;60;20;33
10;114;114;18;18;116
116;169;108;199;37;132
105;121;83;38;192;108
69;76;69;37;69;76
129;51;33;38;129;51
127;30;73;52;113;58
33;121;52;52;52;33
112;191;27;23;103;188
59;15;48;187;59;15
60;60;56;56;60;60
22;100;155;70;22;100
58;58;58;197;78;78
165;165;200;97;188;97
42;83;99;83;83;42
93;68;99;68;93;93
75;75;48;170;48;75
70;55;55;70;25;55
174;34;34;181;174;157
124;24;30;124;30;144
155;59;55;54;193;187
73;73;32;73;53;32
10;71;71;10;127;10
46;34;34;71;34;71
16;67;67;16;78;67
52;52;63;156;63;52
31;66;31;36;31;36
120;120;13;46;13;37
53;85;53;17;53;85
150;73;95;156;153;132
82;14;82;14;75;82
24;9;24;24;9;31
145;90;73;74;143;189
191;107;107;152;191;101
80;80;19;19;57;80
10;10;59;59;30;59
17;17;25;73;73;73
44;44;177;21;44;21
107;70;17;21;183;34
71;10;14;14;71;14
39;91;111;91;39;39
68;68;142;99;99;99
105;90;13;22;136;106
73;73;64;73;73;73
13;39;78;39;78;78
97;56;56;56;90;97
16;16;120;16;7;7
77;59;56;59;59;77
18;76;167;18;28;76
106;112;93;31;16;79
124;64;12;199;98;170
174;92;174;139;50;139
43;43;87;45;45;43
130;23;119;130;157;119
110;144;198;174;194;121
57;57;104;106;104;106
47;88;47;170;47;88
78;78;131;17;78;17
148;50;171;95;95;148
46;46;46;32;32;176
50;24;24;123;123;43
48;200;200;194;48;86
54;54;50;50;50;140
49;134;188;141;52;132
82;46;82;46;82;193
91;54;54;85;91;91
145;82;70;82;82;70
33;29;33;55;29;29
99;28;99;28;99;28
18;15;199;72;199;15
68;80;72;68;80;58
130;183;52;41;155;59
93;93;93;93;12;93
174;43;21;43;43;21
75;88;75;88;75;38
172;137;172;41;172;172
80;41;80;41;41;155
8;52;8;52;94;52
16;111;54;15;54;111
77;43;105;77;43;77
143;161;143;120;120;161
170;23;23;46;46;46
165;65;189;155;14;64
24;96;96;96;24;25
159;70;30;86;23;112
82;27;27;57;57;27
30;75;90;90;30;90
194;71;93;194;133;32
99;191;99;47;47;47
13;81;179;95;85;93
22;22;22;43;105;182
13;38;38;38;133;13
43;43;43;92;92;25
11;67;135;135;11;67
40;40;16;177;16;40
18;18;18;56;13;56
13;13;13;13;13;29
73;73;73;77;184;77
154;188;124;10;176;24
34;34;166;60;66;166
126;69;126;101;101;136
89;89;84;84;109;84
56;10;10;56;56;10
17;17;18;17;59;59
53;97;97;64;97;64
31;65;98;16;78;100
24;24;24;39;39;164
20;31;122;102;198;28
135;15;100;200;44;24
162;156;89;57;66;161
96;23;94;94;94;23
119;106;146;106;168;168
84;84;43;43;43;52
125;15;34;15;110;125
67;136;94;67;136;98
30;108;108;102;147;102
184;170;170;51;51;149
21;56;10;10;21;56
91;25;91;25;17;91
143;97;188;154;188;97
90;57;90;57;90;115
109;109;197;88;55;88
64;64;55;65;55;64
124;23;28;23;23;28
88;88;85;150;85;88
130;110;44;146;110;146
85;25;142;85;25;25
63;9;63;9;63;9
28;179;20;53;54;101
69;60;69;15;60;69
114;37;114;102;102;37
108;120;25;25;58;58
48;178;48;31;178;184
189;189;23;130;23;46
94;151;151;119;94;119
195;118;146;118;87;146
46;66;66;110;95;95
91;91;93;189;93;91
108;58;141;29;155;57
99;92;13;41;90;153
23;23;141;154;62;154
72;7;72;72;7;98
156;193;55;150;40;84
12;9;9;12;9;125
96;96;180;115;31;31
102;20;102;188;13;20
191;131;103;196;131;103
88;74;74;157;74;88
31;42;42;61;31;31
47;179;19;47;19;179
42;39;42;28;42;39
150;13;52;52;13;83
166;33;176;75;44;184
31;26;31;115;26;31
41;24;98;104;104;98
33;27;192;118;192;27
95;21;151;113;139;112
55;46;55;64;55;46
81;47;81;81;90;90
104;66;66;133;133;104
122;134;134;79;50;50
107;5;5;80;80;80
98;42;44;44;98;98
33;106;157;71;125;89
41;142;41;41;11;11
54;22;45;123;98;103
185;164;186;24;75;53
68;68;68;86;32;32
75;187;36;75;75;36
199;130;129;119;38;63
18;18;90;90;24;90
12;83;99;83;83;12
41;97;56;56;56;97
176;148;37;38;131;197
92;191;92;191;57;57
37;48;150;37;37;48
34;52;17;17;192;34
15;36;36;11;15;15
138;18;69;69;18;68
85;159;85;62;62;62
121;134;95;121;127;134
36;99;99;52;52;99
24;194;109;109;24;87
52;130;130;52;158;158
109;30;187;109;30;187
67;67;105;157;190;67
161;137;86;65;53;68
115;74;10;199;135;82
39;57;39;39;57;119
36;139;139;157;157;26
99;99;44;171;44;99
192;132;32;46;31;196
59;32;32;159;59;59
134;187;73;198;150;37
163;84;114;90;11;117
96;164;109;76;73;100
46;56;46;56;81;56
103;103;163;127;127;77
39;39;64;75;142;142
58;39;96;58;96;96
176;176;44;31;31;164
27;98;27;6;6;6
19;19;92;42;42;19
79;38;55;23;55;23
119;96;113;29;145;88
23;11;23;11;11;112
88;117;23;117;16;117
125;125;31;11;95;95
79;79;172;95;172;20
148;76;163;141;34;159
7;86;86;7;60;86
179;34;34;58;33;33
71;71;193;70;136;188
149;154;88;161;62;135
19;49;44;44;44;19
126;95;34;95;34;95
51;50;177;51;51;50
35;89;122;122;35;89
22;10;61;10;10;61
154;63;63;72;72;63
44;85;200;170;177;155
103;103;103;17;57;21
22;71;61;71;22;71
34;34;7;7;34;34
30;64;30;64;64;10
58;71;89;89;71;89
74;17;33;143;40;84
25;48;48;48;17;17
8;154;48;8;48;8
84;83;105;23;99;47
132;174;120;137;161;13
90;47;151;43;25;56
39;13;34;13;39;13
45;115;45;9;9;9
27;198;95;198;95;27
8;8;42;42;42;103
67;94;15;15;94;15
200;39;70;39;70;39
98;154;98;53;53;53
10;73;73;49;49;73
70;94;79;94;70;70
36;59;18;10;99;151
19;41;39;39;41;39
11;82;82;31;31;82
26;26;53;128;26;184
63;66;196;196;66;63
124;25;104;68;175;39
53;31;31;60;60;60
80;80;171;93;158;158
27;80;80;27;80;156
73;36;133;125;187;154
100;133;194;155;107;102
72;72;12;20;20;72
70;70;70;13;70;13
68;51;157;151;147;62
145;79;70;176;70;176
151;50;50;151;118;15
57;30;30;30;57;57
73;34;73;29;29;73
65;65;90;64;65;90
38;45;41;38;41;41
97;84;145;85;100;86
19;26;26;12;12;12
92;33;123;89;135;39
141;33;182;71;137;128
96;76;11;11;11;76
16;16;71;71;16;139
161;43;161;28;43;43
86;10;42;42;10;10
34;154;169;189;169;189
95;5;95;197;95;5
194;115;156;194;117;115
183;174;63;200;96;63
66;90;17;104;34;190
36;36;89;89;156;89
87;87;87;87;87;104
197;182;54;197;54;113
116;115;115;148;148;38
90;36;90;185;192;185
99;99;84;84;84;175
106;189;75;140;100;90
55;109;55;30;30;74
82;130;82;78;130;50
116;42;116;10;33;42
71;31;71;31;71;100
52;32;52;32;32;78
27;73;113;174;174;113
44;35;44;35;35;52
10;23;10;51;23;23
13;88;13;87;87;140
160;69;69;69;88;88
7;80;7;80;7;58
29;82;181;131;82;82
64;169;68;108;172;189
5;99;77;99;5;99
85;103;135;103;135;105
96;102;70;96;70;96
18;22;22;22;28;18
157;59;197;85;148;78
117;22;154;22;154;117
197;182;185;94;197;94
25;13;130;63;80;198
44;29;44;29;140;44
83;36;36;96;36;83
60;36;93;93;60;93
67;65;12;67;103;103
10;39;5;39;39;5
13;102;57;57;57;13
85;85;161;31;85;31
52;172;175;43;47;104
12;84;19;84;84;19
95;30;66;95;30;95
91;144;99;144;26;26
53;66;66;66;53;53
112;139;195;83;112;195
141;40;168;91;191;170
124;71;167;160;167;71
138;43;138;122;122;150
132;187;18;18;94;132
63;63;55;198;55;55
81;81;126;88;126;104
10;18;18;60;10;18
35;35;88;88;88;110
114;181;106;149;147;185
26;26;47;91;91;91
60;60;60;71;71;175
91;66;24;91;24;91
169;169;49;49;28;40
45;46;45;45;46;131
27;97;146;42;59;79
21;26;166;110;68;160
96;65;16;96;96;96
18;75;68;75;68;68
30;45;120;180;129;38
30;91;30;30;105;91
114;124;114;199;199;120
89;21;94;89;94;89
49;19;19;197;49;19
89;132;89;89;44;44
125;60;161;75;185;107
21;51;51;21;148;21
96;177;159;135;188;34
183;35;195;122;183;91
96;34;34;42;34;42
32;32;39;32;39;27
81;70;81;79;81;79
90;29;90;79;29;29
40;40;118;22;40;22
91;99;27;99;27;27
17;35;110;31;110;31
152;185;90;152;83;83
27;64;27;31;27;64
20;20;63;63;63;73
74;17;17;74;69;17
29;29;28;94;94;107
73;173;48;55;182;23
65;65;85;65;125;85
12;109;24;12;24;12
7;164;7;86;86;7
85;53;138;75;180;113
86;75;75;82;82;75
13;64;75;64;38;13
38;38;90;90;165;90
92;96;20;188;96;20
195;148;58;58;82;148
34;69;34;150;69;34
43;39;43;39;39;147
28;35;158;194;29;159
70;39;39;93;107;70
16;16;7;7;16;87
56;98;79;29;36;124
9;9;92;90;90;9
144;144;86;146;187;146
47;5;69;5;5;47
170;182;182;127;91;127
59;59;10;54;59;54
123;163;190;197;190;123
72;138;72;15;15;152
74;16;182;74;88;88
31;150;68;68;31;31
28;37;28;111;37;37
81;81;52;52;52;71
200;97;82;42;161;51
63;58;58;126;63;58
140;29;129;97;129;29
6;109;85;85;85;6
27;77;133;77;27;77
77;65;61;77;61;61
18;18;18;7;35;7
48;137;48;62;62;62
68;154;70;164;190;18
16;136;32;16;32;32
193;82;35;50;76;58
20;28;28;28;43;20
21;176;146;146;130;130
79;79;82;82;180;82
180;91;175;175;91;53
43;142;27;43;43;27
99;63;63;99;63;140
98;76;11;98;98;11
148;116;121;167;199;82
170;112;38;89;118;174
131;121;164;114;49;184
180;88;50;21;66;155
92;82;9;82;9;9
177;150;61;177;61;93
42;78;70;42;150;150
17;17;77;17;77;171
179;170;23;179;23;57
69;24;69;86;86;86
85;77;135;85;85;80
51;80;65;51;51;80
195;195;13;94;94;100
110;146;150;146;57;57
48;97;171;48;48;97
129;83;68;83;68;68
141;140;141;140;118;118
148;106;16;127;104;154
12;12;132;132;52;52
126;58;42;149;40;40
131;73;73;5;73;5
44;169;44;44;11;11
69;69;69;161;25;25
52;89;52;52;89;129
47;36;47;47;18;18
86;102;86;57;57;57
193;191;24;26;64;34
60;88;60;60;68;88
156;76;156;17;170;17
93;102;102;188;102;106
77;111;96;96;96;77
150;113;116;117;27;141
44;136;138;175;11;195
43;116;135;113;20;155
27;27;38;38;167;27
39;39;68;68;68;54
112;168;110;104;93;148
41;187;193;41;87;187
139;139;68;68;65;92
65;24;24;116;65;116
33;50;50;50;17;17
85;85;10;10;85;33
94;94;94;96;98;98
83;83;8;162;8;8
44;101;30;30;44;30
98;93;163;127;98;127
98;75;184;130;102;10
42;113;113;180;42;28
75;40;75;141;40;40
88;72;88;23;72;88
57;90;57;57;90;46
50;50;13;50;174;13
33;140;138;18;134;104
198;152;198;60;154;154
140;140;89;59;59;89
7;7;43;7;31;31
25;31;31;25;199;31
59;23;59;23;59;50
48;48;8;8;73;48
13;32;13;138;32;32
60;160;121;78;60;160
119;169;115;182;88;106
130;77;51;179;115;112
20;18;18;103;97;103
46;91;91;133;15;133
37;105;37;68;37;68
35;138;150;138;140;138
25;25;45;45;115;45
60;36;60;36;184;60
131;109;139;109;137;139
77;20;37;77;20;77
97;81;97;97;45;45
112;38;169;122;104;120
54;33;99;33;54;54
110;48;46;48;36;110
92;124;74;92;92;74
54;54;26;26;27;54
93;93;44;93;44;120
42;34;93;80;93;34
182;182;172;152;152;78
17;50;80;80;50;76
10;31;31;10;42;42
50;154;154;185;191;185
28;93;117;161;168;73
87;101;53;87;53;87
17;7;17;65;7;7
5;5;5;152;23;23
15;33;33;94;94;33
147;153;100;28;192;137
176;149;176;174;16;149
72;72;72;18;18;167
176;141;157;15;176;157
175;189;36;189;36;195
31;74;31;186;74;31
74;178;160;155;54;104
91;72;72;91;72;49
87;10;67;67;10;67
164;174;158;164;154;78
17;126;133;55;37;180
32;131;180;84;18;157
91;78;91;91;78;109
32;97;66;32;32;66
44;97;97;44;152;97
167;100;99;80;115;15
98;140;65;50;161;141
133;163;76;30;158;84
11;21;21;53;53;53
46;46;22;22;22;116
38;37;41;41;37;37
87;12;72;140;149;141
118;149;33;93;118;149
75;42;157;87;142;125
8;18;8;8;72;72
30;68;68;30;29;30
78;54;78;54;68;105
20;99;15;99;99;15
13;166;145;177;40;35
124;94;94;94;15;15
142;175;196;49;142;175
89;89;92;89;173;92
9;72;9;9;93;72
50;50;16;16;50;147
97;97;87;87;97;171
41;83;83;12;41;41
116;175;41;122;77;40
40;12;35;35;40;35
75;75;51;75;76;51
192;48;69;184;50;15
135;37;53;42;37;42
48;54;48;60;82;82
146;25;20;20;198;198
25;75;176;75;25;25
24;6;6;24;195;6
176;197;51;12;81;175
186;64;14;92;123;91
188;11;11;83;83;184
54;53;99;99;54;99
73;73;23;23;23;135
108;55;64;55;64;55
89;89;89;89;49;89
15;15;87;15;41;87
124;186;179;179;27;27
27;149;27;60;60;60
155;57;114;13;25;107
94;94;104;104;41;41
73;58;73;33;73;33
123;45;47;123;165;45
168;174;17;117;117;168
100;169;117;169;83;100
99;167;71;88;15;14
144;51;51;44;44;51
177;177;166;119;93;166
169;27;27;76;27;76
135;92;143;32;75;35
13;84;13;13;84;116
106;7;19;19;7;7
92;92;55;38;55;92
97;134;97;68;97;68
94;149;109;94;87;87
79;76;164;79;164;161
170;10;10;19;19;10
52;174;100;35;107;180
23;31;31;164;23;31
70;70;70;85;50;50
68;68;68;95;180;95
197;154;143;42;63;187
50;89;126;19;191;107
92;70;8;92;92;8
11;63;11;63;92;63
85;103;85;85;24;24
133;25;123;19;133;25
84;47;84;47;107;84
182;38;35;122;79;162
92;92;42;42;92;76
44;44;44;54;54;43
58;140;142;49;49;142
13;13;74;18;13;18
124;150;106;43;170;51
70;21;21;21;36;70
174;153;41;41;167;174
67;167;122;122;167;125
154;28;17;41;100;36
54;155;102;155;161;102
30;138;42;174;178;43
97;86;171;91;97;97
91;47;91;91;51;47
65;65;76;174;65;76
18;156;18;69;147;147
94;65;92;94;94;92
184;31;139;26;146;154
159;177;27;65;177;159
33;63;33;63;63;130
113;165;120;120;165;113
98;8;158;98;8;98
137;82;137;69;69;82
24;58;87;58;24;48
34;112;34;83;83;83
83;83;26;173;26;26
39;39;13;7;39;7
82;82;31;82;193;31
113;26;26;152;113;152
37;26;26;37;87;196
163;179;130;76;155;102
180;38;38;70;38;64
114;46;195;160;145;33
52;49;53;49;52;52
144;67;83;102;67;102
145;39;49;145;49;28
92;92;73;170;73;73
85;169;30;84;30;85
33;193;134;71;170;46
34;34;144;180;180;96
90;92;47;55;92;55
94;168;126;165;113;90
13;76;13;76;192;13
54;54;38;38;27;151
99;86;99;86;86;135
17;161;61;17;118;161
14;95;35;139;67;168
19;19;66;66;73;66
106;48;134;15;21;113
56;155;28;140;155;104
127;183;127;156;127;37
36;97;97;23;36;36
79;72;171;171;72;37
142;142;137;81;137;81
195;12;17;195;156;17
75;139;157;19;166;93
71;27;27;79;27;71
123;182;182;123;115;162
31;28;28;35;31;31
40;28;55;40;28;55
98;98;31;66;31;31
70;97;15;97;15;15
27;8;21;8;21;8
23;191;69;69;191;23
52;85;9;52;9;52
130;186;125;143;186;130
22;97;137;22;97;168
62;117;76;83;143;35
15;106;15;146;93;146
192;68;97;155;192;68
95;11;95;11;11;104
89;32;90;32;90;32
69;102;6;6;69;6
51;51;77;77;18;77
27;78;27;78;27;178
184;198;198;184;98;28
143;74;178;123;123;143
82;46;194;54;113;29
16;152;65;72;65;16
66;36;66;66;70;36
69;69;85;85;69;45
53;149;53;15;15;161
77;17;127;17;77;77
19;86;22;86;86;22
37;37;47;13;13;47
42;33;42;33;33;54
156;156;62;62;139;139
14;14;43;189;43;14
143;25;186;186;143;25
116;147;23;57;89;196
20;23;178;20;20;23
109;81;81;14;14;81
132;14;132;196;162;162
26;26;26;86;86;68
177;94;94;46;177;152
92;92;92;38;81;81
34;106;115;55;34;152
85;171;85;85;5;5
174;41;13;174;13;53
33;47;33;47;33;76
126;39;126;19;161;19
135;76;135;76;159;159
93;86;86;31;31;31
53;53;97;97;200;126
92;38;18;92;92;38
72;72;65;186;72;65
174;42;121;72;197;194
173;97;37;97;37;37
94;186;94;123;181;123
70;52;116;46;195;20
27;40;40;40;37;37
43;102;102;182;102;105
144;15;115;144;115;15
56;56;139;77;77;77
74;88;110;112;78;125
44;61;61;196;196;196
147;186;62;147;62;154
67;101;20;140;119;32
19;19;40;166;19;40
8;8;29;38;29;29
26;48;68;48;68;68
46;184;138;150;46;150
15;92;23;92;15;15
65;87;130;105;130;105
75;75;46;46;195;46
62;79;62;62;79;77
17;69;17;17;29;29
85;5;85;5;46;5
88;88;26;88;10;10
58;80;80;169;58;58
95;129;172;89;175;89
191;144;191;151;125;144
181;77;13;50;13;181
47;191;13;47;13;13
35;35;92;35;110;92
59;89;39;59;39;39
157;66;157;106;136;136
20;21;21;20;30;20
40;26;94;94;40;94
84;63;174;63;84;84
7;7;11;71;11;7
40;40;20;70;40;70
189;78;78;189;68;31
132;77;77;84;64;64
144;33;197;107;156;163
75;43;43;106;105;105
10;10;15;15;192;10
77;78;77;78;159;77
159;154;34;196;159;34
68;68;43;43;196;68
54;35;37;54;37;54
70;70;70;53;64;64
101;128;101;34;161;128
115;81;36;160;179;44
137;42;75;75;42;42
171;136;66;171;66;186
86;43;86;23;43;43
149;174;20;149;20;125
80;138;89;17;98;86
50;40;50;40;133;40
140;148;35;148;148;150
6;6;38;189;6;38
194;183;87;186;186;194
47;28;47;47;28;144
180;157;103;63;157;62
37;37;35;173;35;37
176;169;194;36;188;38
86;86;86;88;88;189
88;38;172;117;13;86
36;36;7;7;7;13
75;77;117;77;77;75
46;101;46;61;74;101
75;47;47;188;75;188
95;39;35;95;95;35
101;142;101;142;137;61
22;67;22;22;106;67
131;163;140;140;168;168
116;111;40;109;118;48
44;58;81;184;180;144
71;52;71;52;52;35
193;44;54;178;54;54
31;32;31;32;31;39
200;36;29;36;29;196
133;114;56;179;121;122
20;32;141;20;32;32
73;85;85;73;58;85
43;106;61;163;106;43
46;98;98;48;48;98
9;9;41;9;94;41
74;114;171;74;114;46
33;33;92;33;92;77
184;184;192;108;108;192
116;93;83;93;83;93
48;125;65;65;48;48
161;161;187;191;147;147
47;54;159;47;54;54
48;48;65;25;65;65
90;167;150;109;103;187
33;160;33;29;29;33
71;71;83;83;109;71
81;17;81;29;29;81
31;31;29;57;31;57
42;182;33;183;146;18
191;37;43;192;192;191
197;153;196;64;153;197
24;113;70;70;72;113
45;59;45;45;59;164
107;176;99;84;66;66
103;62;108;152;108;62
64;22;157;55;64;22
83;14;24;83;24;83
14;14;14;12;12;114
62;62;43;43;43;40
73;81;73;73;113;81
49;75;49;34;49;34
19;77;156;19;19;77
183;108;80;197;55;35
200;114;200;124;124;43
21;164;86;84;34;113
83;30;83;148;30;30
64;64;183;177;183;97
22;22;5;5;22;43
142;136;136;190;189;142
74;74;74;10;28;28
162;153;146;172;151;120
106;16;119;16;106;39
148;147;28;170;66;198
8;10;8;10;123;10
34;34;34;119;82;82
51;160;90;90;51;90
26;164;48;162;29;137
127;23;127;23;113;113
120;61;61;120;103;103
53;95;18;18;95;18
75;9;75;9;9;140
131;147;83;131;183;147
15;15;37;15;52;52
121;174;81;139;107;51
12;96;167;184;86;46
48;52;153;27;52;27
177;116;125;121;146;114
98;64;151;98;64;98
34;83;121;185;93;69
176;95;136;135;173;56
75;74;94;74;75;75
64;64;22;22;101;22
49;23;186;97;144;59
150;128;150;128;166;166
157;179;27;10;146;174
178;136;136;97;136;22
83;46;194;147;154;85
96;57;58;57;96;96
143;64;143;81;166;166
28;37;28;15;37;37
19;149;129;99;99;129
19;21;114;71;177;197
99;99;32;32;128;32
96;113;29;96;40;96
80;118;80;122;106;106
49;87;116;60;87;60
31;31;79;57;49;57
37;36;36;68;37;37
63;94;63;94;63;198
34;189;34;34;74;74
47;160;179;95;50;13
76;76;15;76;73;73
17;78;78;144;17;78
68;68;108;65;65;68
116;105;57;131;131;57
66;16;66;16;160;66
93;93;52;93;52;137
62;62;55;49;55;62
88;172;59;193;126;148
176;83;56;83;56;56
29;97;125;29;97;29
9;9;9;82;82;78
75;7;75;7;75;26
14;114;81;123;60;132
93;167;39;39;93;39
46;46;192;46;132;192
36;89;89;36;144;36
49;49;49;94;75;94
124;11;58;107;64;107
137;167;32;167;130;130
88;66;188;76;188;66
80;14;80;195;14;80
134;64;55;66;67;136
7;145;7;22;22;7
85;85;44;86;44;44
37;157;157;189;49;49
50;8;8;8;25;25
21;77;85;21;85;85
31;40;70;31;40;40
86;85;81;157;85;81
159;118;38;118;85;85
171;171;149;172;28;149
37;188;54;54;54;37
43;169;54;161;116;96
155;193;54;193;69;69
170;36;109;109;109;55
18;65;72;18;72;18
59;84;84;52;59;84
61;95;95;61;47;95
97;97;97;61;95;95
58;58;119;154;119;30
194;53;53;83;53;83
60;60;23;50;60;23
89;165;81;89;89;81
91;71;71;22;22;71
47;166;94;94;47;94
58;198;83;83;83;58
10;12;12;12;81;81
48;127;109;117;111;26
185;189;163;136;94;98
33;59;59;59;118;33
20;21;149;184;126;195
90;90;139;92;155;90
14;129;82;14;14;82
16;27;16;27;67;27
124;78;90;136;45;20
35;117;135;101;138;136
80;92;25;166;170;126
78;102;164;162;182;103
147;29;48;48;147;29
141;64;64;49;49;134
44;12;12;12;127;44
97;97;97;86;135;79
44;141;34;44;44;34
21;17;138;138;57;138
31;65;31;65;31;168
48;59;129;59;48;59
58;49;58;49;58;118
62;62;9;62;72;9
139;193;88;196;93;102
192;54;196;167;72;50
45;45;21;45;21;27
52;102;185;185;40;102
136;145;22;190;52;49
27;37;146;114;99;134
31;31;52;31;11;52
99;99;99;94;68;68
44;41;41;41;44;25
129;162;26;26;162;129
52;78;49;156;195;127
11;56;56;73;56;11
107;192;34;67;192;107
108;43;36;43;36;43
174;189;198;189;174;194
178;200;173;115;54;185
73;73;88;126;73;88
87;62;179;124;35;69
22;18;50;103;34;75
179;157;19;157;168;19
44;40;108;90;108;44
110;31;57;27;60;132
55;48;48;187;55;48
35;16;35;149;16;16
10;10;99;10;99;90
40;45;75;75;45;45
101;82;90;90;82;90
25;88;25;88;156;25
161;173;57;114;185;119
194;194;40;29;113;194
80;80;72;80;63;72
199;199;106;79;11;106
68;53;99;53;68;53
28;84;84;28;28;117
76;76;28;95;109;95
198;39;66;66;39;66
140;151;150;140;198;198
73;185;152;73;67;152
22;22;44;20;20;20
39;53;53;53;19;39
86;41;129;86;41;41
92;67;92;37;92;67
140;37;118;178;24;55
16;49;16;112;16;49
158;169;47;158;169;47
85;108;98;85;98;85
180;164;170;144;144;170
14;176;175;56;67;24
53;87;53;93;200;200
150;14;14;36;14;36
57;125;47;47;47;57
54;12;54;12;54;152
161;11;186;148;116;58
66;48;23;23;48;23
89;40;40;89;40;184
30;122;55;39;53;179
33;93;69;93;33;93
65;65;39;39;137;18
64;104;124;124;104;61
61;70;70;70;61;54
178;168;135;133;61;21
68;181;130;77;70;135
12;73;80;73;73;12
187;61;34;61;34;193
176;162;121;120;86;91
36;55;101;94;168;89
56;15;56;56;148;15
122;144;144;124;101;101
53;119;86;86;86;53
95;97;95;106;95;97
45;45;117;160;89;117
95;88;88;48;88;48
75;91;65;75;49;65
176;136;136;95;125;125
90;26;152;90;26;26
97;96;41;107;160;52
109;97;37;97;37;37
160;40;31;31;40;40
60;160;94;146;160;60
31;59;164;120;138;125
146;158;177;132;163;163
82;64;64;167;122;82
73;92;73;16;62;92
9;14;99;99;9;9
66;39;39;39;66;92
143;43;43;43;33;33
12;70;141;93;43;135
46;23;101;23;46;23
74;74;74;176;91;91
30;78;29;29;78;29
98;148;49;90;178;60
97;80;98;167;57;68
92;38;38;92;87;38
95;95;10;10;144;95
118;108;108;185;56;56
84;98;47;98;98;47
119;22;22;43;43;22
16;16;117;16;20;20
28;61;61;185;61;28
159;14;102;14;159;167
70;61;70;61;183;70
17;163;163;97;64;64
143;47;47;56;47;56
139;187;113;156;139;156
56;15;56;15;107;56
69;69;69;9;9;43
70;20;20;64;20;64
105;90;50;90;50;50
8;8;55;86;86;8
110;34;32;62;62;34
114;96;108;119;119;126
40;106;40;89;89;89
77;191;74;77;191;74
91;91;168;29;29;29
62;58;62;68;68;68
29;46;46;29;90;29
156;23;56;156;21;21
132;156;65;126;123;97
116;71;46;20;91;59
65;99;99;186;65;99
114;135;59;25;50;71
76;76;45;45;45;100
28;18;9;9;9;18
101;18;33;33;18;18
18;99;61;99;18;61
49;49;82;95;49;95
50;50;50;15;108;15
44;25;25;44;69;69
39;87;39;39;39;39
46;70;94;94;46;46
93;171;44;44;44;93
22;22;184;12;87;184
85;186;36;36;36;85
86;84;53;86;86;84
138;78;113;120;78;113
11;79;79;11;48;11
13;189;75;157;176;67
203;203;173;19;203;85
160;58;138;113;142;140
73;37;73;73;101;37
170;96;27;27;27;96
159;194;159;175;175;194
67;95;67;22;167;167
10;10;35;10;35;126
104;22;44;119;151;45
32;185;43;34;43;32
97;86;97;27;97;27
90;69;97;69;69;97
193;197;172;197;148;193
192;144;49;49;192;52
22;94;31;22;31;22
96;182;182;148;96;148
78;86;59;59;78;78
112;25;112;75;197;25
124;30;22;179;106;109
11;15;11;11;129;15
90;87;125;39;117;174
41;41;98;79;79;79
53;119;171;171;119;28
75;27;27;27;27;27
161;32;127;161;127;32
66;188;162;197;141;44
148;104;175;128;96;86
75;75;91;43;43;43
29;88;88;171;29;73
70;193;39;26;43;138
168;180;133;76;116;15
35;28;35;35;105;28
156;182;156;43;156;105
40;49;44;44;49;28
44;117;10;44;10;117
138;87;119;158;95;33
165;78;74;99;55;12
45;40;170;45;40;40
7;43;43;43;7;38
70;87;180;70;162;70
18;18;128;128;121;121
148;43;80;43;80;80
24;49;192;49;70;24
110;80;58;58;110;166
59;43;153;27;27;153
15;181;129;77;161;49
53;57;53;190;57;57
118;151;194;34;55;12
105;105;133;95;133;40
110;116;90;58;100;72
11;33;33;42;42;33
180;190;19;198;49;84
15;15;125;15;68;68
188;18;164;64;164;188
47;32;91;32;47;113
48;112;177;177;88;88
133;79;46;129;87;103
80;117;61;37;104;198
14;14;15;15;172;14
151;74;74;74;25;25
110;92;57;92;92;57
18;60;101;100;197;165
82;50;61;61;170;82
182;46;47;47;46;47
163;138;46;68;10;160
171;38;38;38;54;54
188;37;22;188;41;22
88;16;23;130;130;130
166;125;135;173;78;28
67;110;61;13;185;193
22;196;185;86;133;45
151;75;19;39;84;27
64;165;88;64;88;181
75;38;38;75;75;104
55;151;188;172;198;184
49;130;29;29;49;49
26;65;65;65;168;26
108;80;13;85;184;24
181;42;118;117;196;54
93;93;33;33;93;173
123;100;137;59;187;85
54;88;138;143;142;86
40;77;77;35;149;149
122;119;119;148;148;133
54;162;120;162;78;78
174;174;147;147;54;73
30;104;27;27;30;104
128;112;108;94;94;108
20;91;20;91;20;120
16;25;52;16;25;25
69;69;86;83;15;86
75;48;75;48;35;75
10;10;8;57;8;8
32;15;15;15;32;197
43;43;12;12;176;12
87;185;185;185;180;162
40;72;72;72;40;118
72;15;150;132;15;150
166;94;166;13;59;94
54;169;169;32;32;54
79;200;79;200;19;19
94;95;94;94;92;95
68;85;68;68;85;23
26;26;185;26;51;51
135;110;182;150;171;167
93;121;187;121;187;91
95;62;95;95;198;62
166;141;41;102;36;197
66;66;66;75;126;75
105;92;92;64;64;92
35;126;86;126;86;35
37;68;6;37;6;6
189;92;129;83;111;63
68;68;135;160;189;160
158;190;120;20;81;183
120;135;135;78;108;120
32;111;116;116;95;32
20;41;52;41;52;74
69;180;180;31;69;189
17;174;170;174;39;17
48;22;22;45;45;45
84;75;71;84;84;71
31;92;92;31;167;92
162;14;14;14;74;74
91;69;12;91;69;69
10;97;38;97;38;97
59;59;110;110;49;28
50;147;147;143;143;50
23;88;47;47;198;198
128;84;71;115;84;71
63;199;63;138;178;199
43;42;42;43;57;42
165;194;108;108;165;194
77;197;104;42;114;132
42;99;42;99;99;154
191;120;191;194;120;123
50;101;101;50;32;141
34;119;181;24;14;38
12;17;17;17;42;42
101;140;17;31;100;73
39;40;40;178;39;39
185;122;77;140;122;185
34;36;34;170;55;34
182;73;74;74;74;73
188;15;15;44;15;44
62;23;125;62;62;23
100;60;44;26;100;44
148;48;48;65;65;65
12;60;134;12;27;27
196;196;116;142;93;116
11;11;33;175;11;33
32;139;114;85;200;26
74;74;24;24;24;86
192;72;49;148;130;71
63;78;6;78;6;78
187;111;187;28;28;111
89;58;89;58;56;89
30;87;87;87;30;163
50;10;69;50;69;50
59;60;65;93;12;10
87;88;88;148;88;87
132;76;76;68;134;68
63;154;66;63;63;66
21;71;146;71;63;63
64;161;15;15;64;161
102;96;64;64;64;96
116;61;61;116;157;169
89;146;146;169;56;169
52;186;52;13;52;13
43;107;126;150;186;200
59;13;59;148;59;13
48;37;49;40;162;38
55;38;38;38;128;55
170;67;55;67;67;36
26;52;144;26;26;52
122;49;89;101;89;49
63;63;19;156;19;63
9;31;61;9;9;31
77;117;36;90;119;177
75;91;91;84;91;75
196;26;140;48;156;65
126;28;38;12;107;27
12;45;12;45;139;12
185;98;106;105;55;23
55;46;195;46;55;46
88;88;88;127;43;43
10;51;65;65;65;51
83;31;31;31;83;70
179;86;60;86;60;60
132;139;69;132;188;188
75;60;179;164;166;85
36;36;52;35;52;36
109;40;49;175;178;30
73;142;122;73;142;122
6;6;13;13;6;64
52;198;176;26;176;52
53;71;26;26;71;71
164;164;95;95;146;30
74;33;74;75;33;75
16;64;54;64;64;16
32;113;22;113;43;32
18;145;22;64;157;123
44;16;44;160;160;59
26;82;82;26;151;82
68;10;68;68;177;10
44;62;62;114;44;62
90;90;108;23;23;90
91;25;136;25;91;91
106;176;106;176;51;51
19;132;109;185;134;120
23;40;29;23;23;40
65;191;7;7;65;65
92;92;97;97;97;74
62;90;118;149;113;82
172;97;165;172;116;165
86;71;84;71;86;71
23;23;34;70;34;23
26;26;26;26;26;128
23;148;28;155;21;27
39;39;39;30;173;30
21;55;55;122;21;55
84;22;161;84;105;161
200;200;81;180;180;197
10;35;35;151;10;10
97;97;97;10;50;10
84;17;84;17;111;84
68;68;84;68;113;84
70;70;86;70;147;86
148;28;28;48;28;48
153;158;125;182;125;182
68;61;61;61;49;68
86;90;86;38;38;86
115;98;98;193;90;90
36;64;36;64;155;64
63;126;63;63;89;89
78;130;139;139;183;78
188;150;150;114;90;90
199;151;150;151;143;143
86;46;77;77;77;46
17;11;11;17;83;17
81;29;81;16;29;183
39;39;39;50;50;193
26;49;26;7;7;26
120;147;18;11;147;18
57;57;17;17;75;57
72;95;15;95;15;64
75;66;66;82;82;82
175;98;98;175;195;161
87;87;124;68;124;68
78;79;60;79;79;60
50;11;50;118;118;11
59;159;55;55;59;59
25;21;25;21;64;21
142;149;23;153;149;153
180;27;113;30;30;180
14;14;61;133;61;61
11;11;55;55;154;55
85;85;16;78;16;85
142;32;193;133;191;103
73;50;59;161;73;59
184;48;48;10;48;10
25;48;68;75;74;97
88;170;6;88;88;6
70;35;73;61;198;31
21;21;73;73;73;21
18;66;86;66;66;86
80;77;77;80;170;80
25;25;23;25;23;183
111;126;126;185;192;192
26;68;26;26;75;75
116;63;148;132;114;73
8;68;68;8;74;68
81;19;195;191;19;81
30;125;29;22;121;61
195;36;195;184;184;36
71;157;157;12;71;73
14;14;123;89;14;89
46;46;46;93;154;93
174;150;96;148;63;73
27;109;178;39;37;132
99;99;89;138;121;89
12;12;128;12;54;54
165;70;53;70;53;53
22;87;41;172;14;197
21;109;160;170;90;78
115;15;170;16;143;169
52;52;41;41;51;52
67;166;68;68;67;67
28;174;33;25;45;67
26;50;153;153;26;50
117;188;16;85;184;63
81;61;81;61;93;81
35;16;31;31;16;16
189;19;19;19;51;51
52;92;52;92;86;92
22;176;86;22;86;22
40;80;40;40;80;37
70;22;5;70;70;5
65;65;17;65;65;17
181;71;71;71;73;73
23;72;72;30;23;113
52;72;52;119;52;72
67;86;146;67;86;67
55;55;55;132;186;120
70;70;38;38;70;184
125;97;19;97;97;19
53;67;78;53;151;151
96;96;64;174;64;64
164;83;58;83;58;83
15;15;10;125;125;10
59;42;184;42;42;59
52;142;174;48;174;48
164;67;55;51;24;199
72;47;111;97;111;47
200;20;198;198;198;91
99;56;192;56;99;99
41;41;11;123;41;11
39;74;129;74;132;39
44;82;44;13;82;44
12;38;165;12;38;165
149;73;124;11;11;92
10;31;31;31;10;181
83;75;133;102;175;48
127;16;67;30;118;140
70;39;17;70;17;70
66;62;66;66;82;62
126;98;98;37;20;126
30;30;21;21;30;10
11;11;133;8;8;11
14;14;20;79;20;144
56;87;88;87;56;56
28;82;126;161;76;57
194;110;197;159;176;163
166;24;13;174;36;120
35;21;52;169;177;50
198;132;132;132;54;54
26;148;26;76;76;76
199;70;67;70;67;70
36;15;79;79;36;36
17;60;60;60;17;90
86;30;30;177;30;86
150;36;36;10;10;36
97;44;44;97;157;44
38;66;66;38;142;66
191;16;180;174;16;174
5;94;94;5;11;5
17;59;113;68;62;17
26;26;109;109;161;59
148;34;58;34;58;58
7;91;91;7;7;91
19;19;19;22;16;22
82;16;42;42;82;82
19;84;84;19;36;84
186;109;141;10;10;141
74;44;74;44;34;74
64;31;64;57;31;64
114;37;37;71;37;71
19;167;69;19;189;69
96;87;12;87;87;96
76;141;30;30;76;141
53;43;166;176;176;166
32;81;171;81;171;32
54;82;82;38;82;54
91;87;87;87;91;175
69;75;87;69;87;69
48;149;92;92;48;48
86;39;86;39;86;28
7;7;65;7;65;44
53;192;149;61;163;59
179;117;117;66;66;179
76;97;76;29;76;97
24;24;18;30;18;18
150;164;100;11;30;195
28;93;191;153;93;153
42;176;140;180;87;14
192;189;192;95;189;77
10;39;47;197;47;10
87;144;48;48;87;48
81;100;81;143;55;55
75;75;49;75;62;49
185;144;74;127;155;16
36;107;37;37;78;78
193;11;45;45;45;11
149;170;161;44;142;144
71;99;66;99;66;99
92;92;25;92;22;22
10;10;10;97;109;97
54;54;34;54;87;34
24;85;151;141;64;45
30;13;13;30;130;30
29;199;8;8;8;29
134;134;29;161;83;29
41;41;41;25;25;25
12;12;102;102;59;158
6;38;6;87;87;87
72;72;52;101;52;157
189;176;176;117;117;189
17;47;184;47;17;17
48;48;48;36;64;36
36;36;115;70;70;36
62;60;62;60;174;62
120;12;12;92;92;92
121;79;36;114;194;132
30;118;95;37;33;109
92;15;92;80;15;92
91;38;91;91;69;38
81;199;20;20;81;97
59;41;18;41;18;18
52;52;23;111;23;23
65;33;64;64;64;65
124;20;124;25;25;44
80;46;46;80;80;122
65;13;113;90;149;85
16;43;43;43;68;68
20;21;20;20;51;51
155;150;35;155;155;140
188;188;16;36;188;11
9;96;25;9;25;9
72;184;184;133;196;196
54;35;35;35;22;22
21;21;21;24;54;54
24;117;24;14;14;47
49;49;66;66;66;83
58;12;12;58;37;15
39;66;66;169;141;141
46;71;46;116;71;71
96;64;130;96;64;64
88;55;88;36;170;88
14;61;178;14;178;135
110;147;194;140;194;147
146;140;37;87;197;176
10;98;10;63;98;10
153;95;133;95;133;137
36;140;21;36;21;36
130;172;172;114;183;183
74;74;86;86;79;152
54;57;57;119;54;61
9;9;9;80;80;113
90;83;153;172;109;192
11;11;11;57;88;88
44;70;70;72;72;72
185;33;73;192;81;167
156;109;23;23;87;109
37;120;176;22;110;85
98;98;137;98;197;137
11;87;161;87;11;87
54;62;18;62;62;18
23;17;19;161;46;133
188;22;22;46;46;188
200;39;67;138;162;179
96;44;96;119;45;96
81;148;94;146;116;189
22;49;49;32;22;22
26;99;192;26;192;22
62;191;26;62;62;26
77;189;107;170;170;77
128;31;47;47;31;31
33;68;33;68;68;84
82;21;33;21;33;33
126;23;191;126;44;44
144;144;124;31;31;81
102;162;13;102;48;162
173;41;43;173;41;43
78;157;78;157;23;159
178;126;178;126;166;166
34;53;154;34;154;53
170;39;19;192;196;34
71;87;87;65;65;65
76;76;6;41;6;76
138;128;192;192;25;25
39;69;90;69;90;90
16;51;20;20;51;51
82;82;64;19;154;64
47;47;97;47;178;22
40;40;6;6;6;97
94;59;26;94;26;26
81;81;54;146;54;81
99;99;99;83;83;83
151;63;63;30;63;30
46;46;74;74;46;29
71;71;88;88;101;71
56;56;56;70;70;115
178;70;70;70;68;68
26;63;63;63;26;60
42;31;42;126;31;31
68;157;11;91;177;92
64;40;68;77;68;77
120;120;128;183;183;163
57;25;57;103;57;25
178;83;167;10;64;200
20;139;18;89;115;185
22;97;178;185;185;185
37;37;59;59;184;37
23;15;168;23;10;15
11;57;75;57;57;75
184;110;110;176;189;184
43;93;184;93;93;43
50;46;46;144;50;46
45;32;157;157;115;45
94;71;94;71;185;94
174;60;136;136;112;60
34;34;50;36;36;36
177;180;39;64;39;177
69;32;32;69;32;126
70;70;56;70;96;96
51;70;70;51;38;51
37;17;76;76;76;17
31;5;5;31;31;5
20;85;85;20;65;85
20;20;26;11;20;26
53;192;53;42;53;42
29;11;105;11;29;29
123;141;196;139;141;139
66;149;5;66;5;5
44;190;44;64;44;64
27;28;28;28;81;81
80;69;69;78;80;80
104;67;30;193;33;147
173;57;38;133;43;188
13;88;13;99;88;13
32;70;32;65;70;71
175;40;92;92;92;40
152;54;76;76;54;54
81;13;81;13;45;190
97;97;75;174;75;75
80;179;62;62;80;80
37;39;37;39;164;39
88;199;88;25;25;88
28;28;25;25;28;151
155;75;98;98;98;75
178;178;43;182;178;105
176;94;32;94;94;32
79;79;92;79;25;25
133;121;166;186;125;71
14;34;14;34;92;14
63;63;49;49;49;37
159;159;195;195;56;114
89;5;89;151;5;89
75;75;16;16;136;136
60;12;12;12;16;16
144;35;35;122;104;144
22;22;155;144;144;155
90;19;167;189;148;44
73;162;66;19;125;124
86;41;86;41;194;41
28;28;80;78;181;78
6;68;68;68;160;6
93;16;16;16;23;93
168;79;79;77;77;77
7;31;31;44;31;7
47;166;166;90;47;90
50;70;50;58;139;58
76;49;150;122;150;76
90;191;28;28;90;90
40;182;22;22;40;22
60;106;159;65;175;100
29;131;102;102;181;102
25;88;25;88;25;129
110;13;33;88;107;76
86;194;172;123;34;111
181;56;56;85;181;85
40;68;40;63;68;68
92;181;92;89;92;89
40;53;91;40;40;53
40;124;14;40;14;40
69;82;82;69;153;134
84;104;83;83;84;84
44;107;119;45;107;107
15;15;114;16;15;16
66;66;86;86;83;86
24;24;49;49;17;49
182;59;59;78;59;78
71;71;153;30;30;30
63;63;82;82;70;82
16;81;16;118;50;118
87;87;87;57;77;57
176;124;138;142;177;154
54;151;189;54;21;189
127;70;50;70;50;50
29;43;139;43;29;29
19;60;40;19;60;60
178;152;98;68;187;54
12;19;19;12;30;19
85;127;127;119;85;119
85;98;85;109;109;107
24;53;85;53;24;24
184;77;77;86;86;148
86;86;102;102;86;86
38;38;64;59;59;64
86;13;86;86;24;13
62;189;38;62;189;191
73;19;19;10;73;73
54;183;80;42;163;191
46;49;49;46;46;49
17;152;152;70;17;24
62;119;62;147;119;95
119;155;52;122;52;155
83;48;92;48;92;92
85;89;142;85;89;51
59;112;115;115;59;61
20;20;20;20;20;173
65;65;82;82;65;18
53;33;33;127;127;18
134;19;97;157;150;96
92;70;176;161;151;151
79;79;41;41;52;79
153;74;196;102;167;77
5;17;152;17;5;5
43;35;44;56;65;130
100;100;123;49;123;49
197;197;51;163;170;70
57;57;73;41;41;57
92;148;8;8;92;92
170;161;12;42;184;200
37;67;43;37;67;130
99;168;107;127;157;175
32;32;13;140;61;61
44;44;44;87;87;65
16;132;126;44;182;124
37;171;37;58;58;58
164;81;81;63;63;63
199;113;148;113;199;169
34;144;139;150;13;145
31;19;19;62;31;19
25;129;100;141;149;166
56;49;56;70;56;49
13;15;15;15;114;13
54;19;41;110;19;41
46;46;29;29;46;29
98;199;26;100;100;98
177;92;177;14;14;190
61;40;61;145;145;132
23;22;22;23;21;23
21;21;21;56;56;159
102;50;72;126;72;50
109;186;109;87;87;186
124;124;140;193;105;105
85;31;171;156;31;85
139;77;77;139;141;27
194;44;38;44;38;44
53;194;53;98;98;88
73;20;21;21;20;20
44;85;25;25;85;25
28;64;64;28;104;28
169;133;74;70;58;163
95;95;7;30;7;95
191;127;179;57;196;177
14;22;132;132;121;121
25;76;76;76;73;73
76;71;153;71;76;71
82;7;7;65;7;65
92;178;92;49;92;49
99;22;87;34;183;123
40;44;40;31;31;40
33;22;36;36;22;36
116;32;134;181;110;118
34;37;141;76;34;37
174;97;53;85;197;193
83;48;48;143;143;149
108;122;55;149;149;122
26;73;88;73;26;26
33;35;132;132;149;35
58;166;192;39;107;14
35;126;198;16;198;16
96;66;47;66;15;47
21;60;116;21;60;21
190;160;53;54;186;175
99;70;29;99;29;29
175;39;128;39;128;52
6;6;31;31;144;31
55;55;67;51;55;51
63;63;67;67;163;63
36;84;53;84;53;84
28;56;28;14;56;56
193;89;89;81;89;81
35;74;74;74;82;35
95;34;43;95;34;34
5;134;99;5;99;5
127;19;38;66;119;140
123;14;194;24;24;14
83;18;18;81;18;83
199;104;50;132;132;193
53;142;197;193;53;142
58;183;70;22;183;70
74;94;82;94;82;89
31;77;81;81;77;77
164;164;155;134;134;155
17;17;17;68;76;68
30;17;9;17;17;9
97;97;99;99;99;81
78;78;95;95;78;173
99;53;21;53;53;99
67;67;68;68;33;67
97;61;97;61;198;97
130;76;76;51;51;76
17;190;160;160;119;119
75;75;75;87;87;100
134;84;194;50;116;143
116;19;98;98;98;19
62;13;92;92;62;62
30;120;30;30;58;58
66;35;35;30;66;35
126;126;33;122;80;80
22;43;73;39;39;73
45;45;44;123;123;137
67;157;165;24;75;32
51;40;40;45;51;40
78;74;53;78;74;74
32;52;52;32;57;32
46;46;91;29;46;91
26;63;35;26;26;35
129;31;31;45;31;45
66;14;16;70;16;70
160;54;65;135;193;193
52;170;5;52;5;52
99;91;99;91;99;112
78;72;78;72;171;78
30;105;75;16;51;10
161;137;65;137;161;183
16;62;16;47;62;62
15;64;90;15;15;90
11;33;11;80;27;33
90;23;74;54;99;27
131;164;164;75;145;131
83;57;57;83;33;57
16;111;28;16;16;28
145;148;145;148;159;93
57;19;19;19;28;28
12;58;58;12;159;58
50;31;95;37;31;50
75;84;13;137;137;75
38;109;118;118;118;118
43;32;121;43;121;89
127;140;102;162;19;74
33;33;40;33;40;128
49;49;90;90;49;49
91;36;119;193;36;119
48;114;38;57;148;119
81;38;64;38;38;81
137;134;156;56;147;111
65;65;8;8;91;8
137;90;43;43;43;90
9;9;150;60;9;60
70;70;62;11;70;11
26;29;18;26;29;29
35;35;46;21;35;21
16;21;127;16;76;76
148;35;14;14;14;35
68;157;68;157;49;49
58;79;138;58;58;79
183;57;57;140;140;183
80;93;93;80;80;58
65;70;65;65;70;135
58;13;13;170;13;58
73;31;192;105;59;45
190;54;170;151;54;190
169;96;157;85;85;96
110;31;51;110;31;190
174;61;16;61;152;174
165;165;104;114;104;56
21;21;21;13;32;13
58;184;130;58;184;130
178;50;26;12;13;180
87;87;64;29;29;29
53;53;53;13;13;123
66;76;76;66;120;76
43;179;120;179;104;120
22;97;97;22;176;97
71;71;86;86;86;167
42;42;80;42;80;123
115;115;28;119;84;28
125;85;166;97;11;110
155;192;155;57;57;150
75;136;35;40;136;35
86;80;137;62;132;62
54;142;85;85;85;54
30;44;46;46;30;30
13;157;128;22;26;113
28;94;94;28;37;94
99;20;20;20;104;99
155;91;43;84;115;189
97;104;144;167;105;12
28;28;190;42;42;28
145;77;190;90;11;17
20;156;64;20;20;64
101;101;42;47;37;149
199;70;70;88;88;70
51;63;51;158;63;51
122;115;115;48;110;48
64;64;5;198;5;5
70;132;29;79;112;73
169;49;177;103;123;12
57;60;50;60;188;188
53;8;53;8;177;8
134;134;127;96;96;127
78;70;191;70;70;78
6;51;51;51;6;182
55;86;55;86;140;86
78;79;103;190;179;126
152;35;129;30;110;36
31;58;122;58;58;31
64;147;93;121;140;166
162;21;21;81;81;81
174;35;197;35;197;174
22;160;194;121;160;22
108;44;108;180;183;180
156;159;180;85;46;165
35;176;168;103;103;176
119;78;78;194;116;119
10;14;150;14;14;10
36;28;28;73;28;73
171;143;52;149;35;166
52;18;36;41;161;129
88;56;77;88;88;77
109;19;157;28;157;28
47;47;77;77;72;136
78;104;180;50;142;155
24;24;12;87;24;12
144;197;97;184;118;17
12;162;184;155;12;184
52;38;198;129;129;87
76;40;40;198;197;27
57;190;57;132;190;132
67;67;5;5;67;15
150;143;56;35;163;69
27;29;29;168;29;27
97;78;28;177;97;177
82;30;96;96;82;96
33;66;197;54;145;167
59;96;183;59;129;183
135;196;85;135;196;116
45;45;17;17;85;45
126;102;185;117;21;107
91;91;91;86;33;33
114;193;97;143;167;147
92;139;200;200;200;155
25;25;40;87;40;25
92;11;92;198;92;11
99;16;56;16;17;99
51;98;98;51;142;51
96;96;58;58;15;96
54;82;167;54;54;82
195;180;65;65;191;180
57;138;57;42;42;133
33;33;53;160;53;53
184;192;44;142;113;146
68;75;75;59;68;75
94;21;56;56;56;21
165;135;65;87;103;110
49;19;49;94;94;94
80;80;71;143;173;71
99;50;38;167;167;38
56;56;41;41;41;29
178;50;42;178;89;50
62;62;144;130;122;144
190;14;64;14;64;14
24;24;73;103;73;73
118;147;44;26;121;111
81;36;36;11;25;11
119;150;71;119;165;165
153;126;149;74;32;43
59;21;21;146;59;21
46;46;37;69;37;37
51;139;83;121;105;84
57;78;57;57;78;193
13;79;13;79;20;13
94;35;62;62;35;62
186;32;32;173;132;132
104;70;70;16;16;118
65;34;34;106;65;65
28;28;30;161;154;161
47;47;35;35;47;12
11;84;111;199;42;154
100;22;132;87;139;185
45;45;99;99;151;45
111;183;38;183;100;111
160;56;68;68;56;56
25;25;25;89;102;89
18;18;120;157;177;120
41;89;89;41;89;70
24;164;195;53;195;24
173;15;15;64;64;15
138;186;138;138;120;132
147;131;98;14;136;91
17;82;177;17;82;82
70;70;124;126;63;63
42;49;42;49;12;195
83;83;80;72;72;83
55;35;35;29;55;55
44;118;97;36;128;197
27;96;27;96;96;179
90;103;64;158;128;159
31;67;34;34;34;67
102;102;35;35;56;49
188;177;79;119;150;45
49;62;49;62;49;17
30;82;30;82;30;91
14;183;113;14;178;183
97;198;156;141;81;143
120;34;120;103;75;34
109;170;136;140;140;136
56;172;147;90;89;153
101;196;101;187;34;34
168;168;117;91;117;91
118;118;133;133;182;79
183;138;37;138;138;156
40;8;40;40;136;8
70;29;64;64;70;164
46;114;46;89;89;89
13;13;16;89;89;13
30;62;150;30;62;62
142;200;142;97;107;97
98;27;27;27;98;146
78;54;54;78;124;54
60;81;81;81;60;176
11;171;33;11;33;11
106;106;168;168;74;74
15;119;59;78;29;34
35;162;46;170;169;31
16;64;16;33;16;33
19;53;53;19;135;53
87;12;87;87;180;12
78;73;78;103;73;73
161;121;51;63;51;161
180;180;65;152;60;65
45;45;55;76;55;55
92;78;92;78;121;78
93;92;92;93;100;92
101;37;151;51;182;193
65;65;24;95;65;24
54;105;190;157;54;54
25;102;198;171;198;25
49;23;44;49;49;44
127;29;122;29;122;130
73;73;97;97;97;161
14;14;14;86;91;171
42;86;13;13;42;42
86;154;113;187;15;102
51;96;46;51;96;51
40;23;72;23;72;23
89;35;89;172;35;89
99;99;99;200;23;23
43;35;41;41;43;35
19;73;73;19;19;162
101;101;18;18;84;128
61;61;125;125;12;127
180;89;129;151;79;37
178;44;44;41;41;44
80;186;36;130;112;164
14;8;66;8;66;8
116;161;169;116;165;169
132;174;72;190;84;181
13;181;194;70;194;181
11;79;11;79;11;26
198;24;102;14;62;135
118;134;183;134;62;118
82;154;66;154;82;116
104;104;56;55;55;125
59;43;95;45;48;123
94;34;66;94;40;66
156;199;57;148;148;199
84;56;84;163;84;56
87;92;87;87;100;92
27;27;194;18;18;18
67;96;96;16;67;96
72;117;156;56;31;165
49;62;134;161;134;153
79;79;79;37;18;18
92;102;84;84;92;84
169;76;20;20;76;76
179;19;95;185;195;45
31;31;31;177;62;62
32;148;52;32;52;32
136;83;83;131;136;118
147;96;76;55;111;61
30;85;197;185;185;30
125;135;108;169;147;149
40;120;40;76;76;40
98;31;41;41;98;41
71;71;75;75;90;75
91;130;133;111;23;66
62;62;169;122;122;169
108;35;14;16;111;138
95;172;93;20;155;183
77;87;82;87;87;82
143;153;143;107;153;169
125;61;10;20;75;61
61;41;41;61;61;61
114;123;108;171;52;171
28;30;77;173;191;100
42;79;150;79;79;42
66;66;50;127;50;50
46;50;46;162;50;50
32;64;21;189;24;197
56;56;52;56;43;43
38;112;112;139;116;57
81;24;51;24;24;81
85;82;85;149;85;82
90;155;93;45;151;22
22;22;47;22;122;47
50;50;10;169;169;10
161;13;72;13;72;13
114;22;102;70;156;184
93;7;7;93;93;63
51;181;41;93;143;140
186;106;103;10;127;39
193;199;86;199;193;193
42;88;112;88;42;42
36;56;36;56;56;156
44;78;190;44;78;78
53;42;53;42;179;53
74;45;45;64;64;64
48;126;58;58;48;58
23;159;85;109;198;108
110;121;59;185;41;40
115;98;75;118;60;17
125;34;20;107;33;11
98;98;46;46;93;98
74;21;95;21;74;21
63;159;63;115;115;192
11;127;11;16;16;16
76;28;20;72;35;70
179;98;18;131;10;115
26;85;85;173;26;26
90;19;150;90;90;19
112;189;23;52;166;193
88;46;88;88;87;46
51;164;94;51;149;94
65;177;11;140;140;160
43;22;43;92;92;22
78;171;130;191;171;191
66;66;196;14;108;196
122;93;119;178;52;20
55;27;55;159;27;27
88;191;53;52;151;24
15;15;35;181;35;35
91;10;91;10;91;108
13;13;95;175;95;95
48;48;16;48;52;16
117;99;105;58;150;23
40;56;40;161;56;56
40;75;40;40;77;75
89;77;12;89;12;12
74;60;26;84;173;164
30;30;30;176;53;53
93;91;93;91;93;139
66;179;179;66;139;12
52;51;25;51;52;51
36;85;37;37;37;36
19;90;59;59;59;90
34;34;112;95;34;95
39;39;177;39;39;39
97;43;43;100;30;30
58;42;58;14;42;58
55;108;13;133;60;91
176;39;74;152;73;88
16;49;16;49;49;182
78;42;51;78;42;78
200;82;51;115;17;107
46;46;30;30;33;30
11;99;11;99;11;101
150;121;88;113;121;88
22;87;22;22;87;22
99;175;99;30;30;30
126;91;91;36;91;36
64;41;64;41;64;18
66;66;169;92;92;66
129;27;129;33;33;131
177;115;140;172;177;140
147;144;101;137;106;53
51;175;13;153;16;113
172;172;186;132;120;172
94;134;87;136;55;64
22;122;10;10;10;22
32;5;32;85;32;5
35;35;35;87;87;156
60;140;77;182;128;179
123;167;46;19;13;161
48;48;35;8;8;8
97;16;97;86;86;86
16;73;67;161;38;47
160;88;98;30;143;176
65;41;65;41;159;198
96;22;22;96;76;22
24;24;24;34;157;34
84;84;57;57;84;17
91;91;91;167;81;81
48;28;13;164;164;28
130;193;138;17;138;193
119;119;53;193;53;193
167;126;126;95;56;95
54;54;9;143;9;54
121;51;101;31;101;121
21;28;21;21;28;28
96;110;99;99;96;134
47;81;81;47;47;180
128;120;193;120;15;15
149;40;195;130;130;149
74;24;74;24;167;24
112;48;46;48;48;46
89;76;76;89;15;89
34;142;119;96;123;162
45;45;50;131;45;50
76;24;24;182;24;76
53;163;163;101;101;193
127;181;30;30;69;69
171;54;54;54;24;24
74;80;74;74;74;74
71;180;71;69;69;69
65;188;93;188;65;188
25;22;67;25;67;67
96;125;149;39;105;100
161;34;34;75;75;34
94;94;108;113;108;174
166;113;161;166;53;113
14;18;31;31;14;14
70;70;16;16;120;16
165;24;40;40;38;38
167;167;136;124;124;136
57;57;8;8;107;8
138;96;149;178;161;124
173;30;191;11;11;30
29;90;29;90;29;39
72;72;25;74;72;74
43;43;164;59;59;164
198;29;48;48;29;112
104;65;90;121;70;99
114;64;147;106;116;188
151;55;118;151;118;152
91;164;38;148;38;148
57;65;57;65;57;131
90;79;90;5;90;5
78;11;11;11;176;78
9;48;68;68;68;9
42;83;83;147;42;42
22;175;178;134;43;174
163;134;134;172;163;109
11;11;11;53;79;79
131;200;64;187;187;200
16;180;47;16;163;163
83;83;135;83;60;60
85;85;85;88;65;65
89;36;15;15;89;15
10;11;10;11;107;11
84;76;76;76;190;84
72;98;72;98;98;136
79;79;42;140;42;79
108;106;110;111;106;110
77;178;83;77;83;83
43;30;45;45;37;43
156;38;36;76;197;138
160;88;88;11;11;11
45;45;59;59;45;194
145;56;145;56;67;115
13;13;68;121;68;68
93;11;93;17;17;93
19;85;85;85;8;8
117;125;168;125;12;12
38;146;184;172;36;64
72;60;89;89;72;72
195;195;54;101;54;108
77;77;81;76;76;151
48;38;48;97;48;38
37;187;39;34;54;69
66;38;38;80;66;38
10;10;10;58;58;37
25;25;93;109;93;93
80;13;141;138;166;39
86;179;200;179;112;86
76;147;147;195;77;77
89;170;149;161;65;118
67;110;166;32;145;188
36;179;196;36;77;179
14;131;34;131;34;87
160;32;78;121;46;65
192;94;192;29;29;94
86;125;63;28;125;107
53;90;90;39;39;90
166;149;149;92;148;148
92;76;92;191;191;65
34;21;70;166;130;155
43;144;182;105;144;144
16;11;16;57;11;16
12;40;46;46;40;40
8;66;66;101;8;8
131;17;19;141;23;10
69;69;140;6;6;69
19;44;131;44;44;19
97;85;34;34;97;97
48;121;168;101;121;48
81;18;130;160;80;142
88;88;51;14;88;51
168;61;61;61;62;62
90;90;90;29;29;110
13;13;33;189;33;33
86;13;166;86;86;13
24;6;24;6;103;6
118;141;47;36;12;69
21;111;50;152;156;118
112;14;14;98;98;14
29;40;130;130;130;113
48;150;46;46;48;48
31;13;31;79;79;31
48;177;48;133;12;12
31;8;86;86;8;86
196;70;56;70;70;56
76;76;63;197;63;23
54;54;123;178;123;178
197;49;182;49;182;49
23;188;23;52;23;52
33;33;151;48;33;48
18;66;66;161;18;18
179;14;179;189;189;14
36;36;36;120;36;36
27;147;104;94;78;146
103;66;66;193;65;103
69;47;69;69;151;47
25;41;20;41;25;25
152;32;32;32;28;28
34;20;34;20;34;87
63;146;63;8;8;63
154;93;64;60;93;154
157;37;37;157;153;153
177;58;58;58;81;81
189;79;79;56;56;79
49;112;21;21;49;49
38;194;78;38;38;78
70;22;46;22;100;70
141;172;30;158;161;70
53;86;47;86;53;86
44;81;49;44;44;49
173;73;73;19;73;19
97;112;67;199;117;47
182;120;182;16;15;120
98;87;18;87;176;176
13;55;63;13;63;63
38;38;118;118;117;117
139;124;124;107;75;139
48;59;70;70;59;59
30;31;185;118;14;105
157;25;25;58;58;58
198;126;73;126;70;70
58;8;151;58;8;8
117;65;132;73;31;184
80;31;96;96;31;31
111;37;15;172;15;111
6;10;152;10;6;10
82;82;76;76;76;112
94;31;93;110;67;119
28;99;99;28;28;98
18;156;76;53;77;49
187;104;112;114;112;114
128;33;50;165;46;130
22;15;15;15;22;193
118;106;42;197;96;198
32;57;32;40;40;40
44;32;32;44;137;44
10;139;24;24;10;10
55;166;166;123;143;55
198;73;73;77;171;171
173;177;10;154;158;182
193;183;197;48;193;183
44;44;182;44;75;75
193;193;192;110;82;192
14;73;104;104;14;151
56;55;56;78;78;78
78;68;68;68;58;58
71;40;40;182;71;71
24;82;24;24;35;82
99;32;32;80;80;80
23;75;75;75;166;23
104;96;61;96;96;61
60;60;28;60;28;31
50;50;84;84;55;79
80;20;20;20;58;80
137;181;197;128;200;200
167;186;132;167;167;120
198;58;102;88;58;198
41;77;77;77;177;41
75;51;75;7;7;7
35;117;153;195;12;145
89;6;169;6;89;6
92;96;96;96;139;155
90;11;90;90;11;178
70;47;21;21;70;21
124;155;64;155;120;64
93;24;24;93;93;160
70;70;70;49;49;52
106;97;97;49;98;106
167;64;18;194;104;161
51;115;87;87;87;51
116;72;32;101;89;73
32;34;48;134;87;60
40;92;40;92;92;20
40;178;40;71;71;40
141;141;115;115;151;151
68;170;170;133;112;68
95;92;90;160;29;112
52;77;61;184;107;200
84;84;56;56;184;84
114;151;65;23;29;125
119;51;52;52;63;51
79;79;140;98;98;79
148;41;64;64;64;41
41;37;41;23;37;41
84;84;192;50;50;84
50;8;8;117;8;50
75;89;26;26;26;89
62;103;62;62;38;38
14;91;35;35;91;35
152;42;42;54;152;139
87;172;127;163;129;141
17;196;82;26;82;196
58;41;28;58;41;58
72;24;72;130;72;24
94;36;94;100;94;36
82;90;82;108;90;82
97;117;91;97;178;117
35;23;197;66;171;59
39;89;39;39;89;196
15;53;143;57;77;125
23;9;9;23;77;9
71;76;89;148;148;71
151;25;151;145;25;24
184;82;16;127;82;84
166;34;89;34;57;57
92;92;60;124;60;92
189;26;41;41;41;26
85;12;153;56;105;32
66;63;66;16;43;63
13;172;182;172;122;13
34;155;67;108;29;89
116;10;67;16;129;20
166;70;81;183;30;95
176;166;160;176;166;160
11;153;18;81;153;11
80;80;67;67;67;120
51;26;51;35;51;26
163;87;154;163;114;114
89;12;130;89;89;12
28;198;165;192;21;40
68;61;61;61;185;68
162;162;91;102;122;102
54;54;54;54;185;54
21;119;176;120;158;111
167;165;165;41;167;191
54;94;194;94;94;54
69;56;20;56;46;46
93;164;93;61;61;93
57;62;41;121;41;62
14;33;14;14;20;20
51;195;51;195;77;77
64;64;171;11;30;11
91;200;200;197;91;197
114;185;185;43;114;126
12;86;12;86;89;86
26;121;10;26;10;10
40;35;40;6;6;6
14;63;199;14;14;63
144;115;98;92;124;64
41;67;170;67;67;41
46;93;47;47;46;46
64;43;94;64;94;94
93;81;81;81;81;81
23;45;54;45;54;132
7;53;163;53;7;7
170;152;58;170;16;58
113;87;166;188;87;166
52;52;34;60;34;34
189;120;90;174;197;155
55;155;155;170;155;36
42;42;48;48;184;42
116;27;12;27;12;27
124;163;177;163;119;124
62;136;199;168;75;94
15;86;86;21;86;21
170;70;59;67;124;66
51;178;51;8;8;51
6;6;73;73;139;73
81;81;25;81;10;25
73;73;31;196;31;31
134;121;91;147;113;167
48;56;48;56;56;90
59;72;59;53;72;59
33;36;33;36;170;33
51;51;21;21;129;139
94;44;26;26;26;44
43;40;43;177;51;40
139;139;143;18;89;143
86;86;66;66;86;66
63;167;119;56;15;56
5;5;12;5;45;45
99;176;126;99;176;176
63;63;117;63;81;81
195;195;135;79;86;195
93;93;56;56;93;67
180;13;11;11;122;180
87;87;21;152;21;21
39;39;162;162;95;34
17;95;95;110;95;17
86;90;152;27;152;90
71;41;71;21;21;21
31;79;19;19;19;79
74;197;53;53;74;177
18;126;126;18;99;99
59;171;84;59;59;84
52;105;182;105;109;109
68;21;21;21;68;125
98;54;54;26;98;54
165;57;85;168;23;98
132;81;30;51;92;87
9;17;17;23;9;9
187;187;174;162;162;149
22;117;170;117;22;171
24;51;51;24;24;113
132;148;119;122;109;17
20;61;163;61;163;192
29;189;189;189;181;131
60;124;78;24;141;47
118;20;78;144;135;86
79;23;101;151;79;23
25;145;25;48;25;48
11;14;139;139;160;11
29;107;188;84;31;190
167;49;26;125;88;13
138;77;138;194;105;194
83;52;159;52;52;83
154;33;5;33;5;5
37;115;73;119;77;18
36;36;59;59;59;101
64;77;77;121;77;64
65;34;89;187;159;159
40;40;40;51;33;33
119;31;31;26;26;26
141;27;27;120;120;96
49;49;49;149;70;70
187;187;103;29;62;29
145;59;77;66;151;150
42;35;176;35;42;35
164;133;181;68;56;103
35;35;20;137;35;20
90;90;48;90;48;97
92;92;141;84;92;84
38;43;38;38;182;105
63;160;30;30;30;63
151;49;122;138;112;158
180;71;180;71;14;80
69;57;69;79;76;76
108;52;176;88;52;108
74;160;73;122;160;74
96;96;62;62;88;96
56;137;180;112;196;30
65;6;6;6;29;65
176;59;117;176;74;74
182;97;182;97;158;158
121;110;110;84;84;121
90;90;83;39;39;90
150;93;45;126;128;185
99;99;28;28;66;66
43;31;43;61;43;61
83;33;158;42;83;158
55;176;16;55;55;16
13;76;70;165;13;76
92;105;31;15;179;174
54;93;93;93;54;157
161;80;173;131;131;80
93;122;149;110;93;110
10;10;116;7;7;10
63;45;63;63;31;45
134;11;11;106;106;134
160;49;175;127;145;17
95;126;181;144;144;126
184;128;28;126;180;17
59;155;160;59;160;162
18;18;40;25;25;25
138;194;108;182;108;182
23;46;60;46;23;23
175;149;133;184;133;184
92;113;43;194;25;108
20;25;96;87;139;84
186;163;183;77;56;106
36;125;125;121;166;36
95;70;95;95;52;52
116;200;189;189;116;62
33;145;32;32;152;145
65;65;75;65;130;75
90;90;75;75;76;90
20;54;20;54;188;20
57;57;157;57;78;78
169;58;105;145;62;148
90;152;138;90;152;65
99;60;99;60;52;60
94;94;37;37;149;94
8;8;182;25;25;25
85;8;85;85;8;156
52;52;83;52;83;189
51;78;78;78;197;51
43;31;79;31;79;79
43;196;43;95;95;196
176;188;176;21;183;21
160;68;172;21;194;25
15;30;30;15;15;158
87;192;57;97;114;81
56;178;178;161;161;56
80;46;46;47;46;47
19;19;70;70;70;185
39;161;39;64;64;39
34;80;34;80;150;34
85;51;63;51;63;85
116;28;28;63;63;28
40;115;161;114;40;161
43;15;100;32;121;61
158;31;137;158;137;31
28;135;28;130;130;135
45;10;80;10;10;45
35;35;50;50;50;119
65;159;38;88;74;169
134;134;35;35;116;116
146;139;155;146;92;146
39;100;39;117;177;100
34;15;15;15;34;20
32;149;48;36;126;67
187;189;58;76;66;59
179;179;29;29;53;184
46;67;190;46;67;46
78;16;16;16;79;79
97;97;27;27;67;27
14;66;12;66;14;14
39;13;39;180;39;13
148;103;102;76;35;175
75;100;180;75;158;180
5;88;5;5;88;58
170;104;197;79;106;182
74;74;74;74;123;74
140;47;47;47;150;35
97;63;63;152;97;63
168;160;168;160;12;106
141;124;46;168;21;94
135;124;124;86;124;79
68;67;156;68;67;68
162;133;121;127;170;187
60;34;34;14;14;14
198;181;63;198;65;181
183;15;74;183;151;151
92;60;60;151;92;92
97;23;97;23;28;97
99;181;33;33;99;99
100;64;64;136;100;168
7;19;7;34;19;7
70;113;70;22;70;22
75;75;163;19;75;19
92;127;194;120;87;27
80;81;81;81;195;80
111;70;125;125;25;94
128;106;28;121;18;14
34;34;34;75;75;125
189;180;83;18;124;94
99;99;27;196;27;27
197;156;17;156;197;17
56;92;111;144;144;92
82;160;85;162;85;160
144;76;78;97;86;66
121;132;57;145;49;88
66;66;34;34;173;34
159;134;167;82;160;71
42;85;85;152;42;42
193;193;147;147;10;10
46;24;46;14;14;46
136;189;189;67;67;48
18;18;18;18;18;142
65;20;77;77;20;77
109;47;111;50;49;18
69;21;14;21;21;14
53;9;165;9;9;53
136;154;176;83;187;20
101;107;75;52;160;99
51;44;44;69;51;51
17;152;17;152;26;26
47;47;47;47;178;47
13;97;157;118;86;151
126;13;126;31;133;133
177;66;180;70;142;65
118;178;48;178;149;149
96;96;57;96;57;24
108;147;155;86;86;147
29;168;40;29;40;84
193;60;60;28;28;60
69;180;196;58;180;69
151;151;20;94;20;130
83;83;83;12;12;79
70;100;173;70;21;100
27;130;27;60;60;27
48;48;35;35;10;10
57;64;57;43;57;64
27;26;27;26;26;131
113;137;137;17;113;17
172;40;177;173;167;45
42;100;24;42;24;129
53;53;116;12;12;175
106;67;166;67;15;166
159;147;167;90;47;31
18;196;157;144;181;71
40;37;37;40;40;119
107;88;100;125;107;100
37;138;37;37;12;12
50;70;31;50;31;31
174;124;174;124;59;179
28;28;195;125;31;125
123;103;66;92;139;120
120;13;120;198;134;134
51;87;115;87;115;51
95;41;49;41;49;10
50;106;93;50;93;50
141;11;159;46;110;22
54;135;54;54;9;9
30;71;71;30;30;127
69;89;98;177;177;89
92;79;79;180;92;152
99;99;97;22;99;178
124;145;124;142;188;193
89;44;89;194;44;89
20;20;52;160;52;20
70;70;70;27;27;59
108;199;11;199;11;91
52;155;47;52;40;155
27;114;45;27;45;45
100;39;172;172;39;100
157;199;20;196;196;20
178;178;37;172;172;110
148;127;34;105;157;94
99;96;99;99;5;5
167;167;103;22;22;11
71;71;27;27;43;71
102;187;30;179;65;37
60;66;66;60;43;66
28;141;28;141;69;69
24;7;7;7;134;24
85;85;167;36;85;36
189;196;83;91;107;119
32;71;61;133;126;188
170;40;124;139;12;162
23;50;76;23;50;50
161;53;8;53;8;8
90;90;92;139;155;90
169;13;58;58;58;13
36;36;36;83;83;21
16;49;126;49;16;16
112;48;118;166;19;43
16;142;152;65;68;169
62;62;62;68;150;68
170;80;23;80;23;170
68;68;11;11;136;68
99;99;5;5;99;132
13;97;17;13;97;13
116;59;104;180;73;176
83;169;14;14;83;83
67;67;102;102;14;46
32;40;31;40;40;32
32;60;9;9;9;60
136;88;48;88;48;48
116;88;185;48;145;190
187;107;10;10;73;73
36;178;178;36;133;109
11;95;153;95;11;95
74;76;194;58;194;74
86;76;76;93;93;76
43;173;173;43;142;105
74;155;155;177;89;74
16;187;12;35;98;115
121;84;21;151;109;59
44;44;56;56;56;114
55;55;55;90;90;79
152;103;103;123;123;141
75;75;75;18;76;18
72;10;72;72;10;150
71;71;91;91;91;117
56;13;13;13;56;146
54;70;140;54;140;70
89;8;8;8;56;56
65;65;30;128;30;65
117;59;165;194;170;65
88;87;148;130;119;177
80;23;80;193;80;23
178;173;47;127;30;17
199;97;97;34;111;199
22;152;66;147;152;66
120;73;97;188;131;140
145;96;26;162;26;145
180;53;53;97;97;110
89;135;134;77;148;44
68;68;42;42;164;182
67;98;98;98;72;72
194;172;100;100;111;194
8;38;38;117;8;8
93;157;144;195;96;105
155;62;25;20;140;131
143;15;168;143;143;15
77;64;64;47;77;64
169;152;169;152;25;169
184;84;184;181;60;181
106;101;69;142;51;37
32;32;14;14;118;14
80;76;76;80;76;180
16;97;77;97;77;77
28;68;64;36;102;17
51;16;112;16;51;51
80;82;151;169;53;180
100;188;188;78;100;164
69;69;76;76;112;112
106;44;80;80;44;44
105;78;81;81;81;78
59;59;59;34;109;34
110;60;110;194;84;60
96;91;96;91;11;96
27;30;30;147;27;27
53;54;53;54;54;39
59;41;183;63;63;183
26;20;99;26;26;99
144;144;58;51;51;58
85;13;71;153;153;71
98;90;90;98;90;48
65;65;65;39;65;39
27;27;12;12;101;12
173;148;148;85;148;19
55;49;171;69;49;171
158;168;163;168;163;158
92;88;88;88;43;92
76;7;7;76;36;7
142;33;33;142;25;25
82;82;162;82;35;35
162;203;203;87;203;180
83;7;83;7;87;7
49;35;72;139;163;169
97;99;97;38;38;97
24;11;24;24;144;11
138;111;111;19;106;133
82;132;175;60;61;180
90;90;29;29;46;29
174;66;100;174;62;66
162;81;51;188;13;86
72;116;87;13;68;14
65;65;63;65;63;31
90;68;103;90;190;103
200;89;89;45;45;89
41;162;73;90;41;73
17;162;67;17;67;12
185;154;20;128;23;10
164;97;126;126;27;126
178;23;77;55;178;55
188;188;155;135;155;144
78;57;93;78;93;93
15;145;88;88;85;15
154;55;120;158;162;173
50;68;101;68;101;77
65;6;11;6;11;6
74;34;34;33;33;34
59;53;81;81;81;59
135;97;112;35;136;95
9;80;56;56;56;9
45;175;81;81;45;81
50;77;50;77;77;116
147;147;146;89;89;57
55;151;140;151;140;132
15;142;142;160;19;15
88;93;93;88;88;96
67;44;71;44;71;44
50;42;65;132;100;36
89;26;185;26;89;26
165;125;44;117;196;135
188;24;93;188;24;93
48;68;162;48;68;68
83;178;24;181;169;40
187;25;83;140;156;162
29;91;29;91;176;29
82;34;155;34;82;34
72;85;193;49;101;150
164;130;147;164;130;41
99;89;89;145;99;99
79;164;143;121;112;82
15;48;48;90;85;77
141;18;18;26;141;60
29;24;86;24;86;86
52;25;25;25;146;52
126;47;47;37;37;47
32;37;37;32;32;11
94;97;92;92;97;92
32;32;195;26;195;95
22;50;93;50;93;50
20;20;152;20;21;21
57;34;168;76;28;156
50;84;102;84;50;84
28;28;195;6;28;6
102;49;49;63;63;49
15;47;47;47;31;15
132;184;67;184;133;67
24;86;34;34;24;24
67;85;67;67;47;47
193;123;123;50;100;50
18;173;136;123;130;196
59;167;117;152;40;65
33;56;33;56;25;33
166;80;80;63;63;166
44;164;44;164;84;84
191;51;191;51;128;197
97;97;99;99;80;99
55;30;55;132;55;30
42;90;160;90;90;42
162;149;35;70;59;51
21;14;14;30;21;21
108;51;38;51;38;51
143;90;13;90;13;90
16;56;87;87;56;56
165;170;125;70;159;68
101;126;199;52;126;126
72;88;96;66;118;38
25;25;49;13;49;49
55;187;167;14;167;187
75;143;180;14;35;75
130;97;97;75;97;75
14;72;72;156;156;41
12;12;154;153;153;154
159;166;160;39;153;153
189;189;189;80;189;189
95;95;95;24;60;24
10;10;38;158;38;38
135;135;194;34;194;59
95;183;84;84;95;95
32;32;96;33;33;33
23;23;82;14;14;23
141;120;34;89;34;120
88;124;75;75;75;88
126;126;178;178;102;137
137;166;70;113;112;45
94;94;94;41;41;40
23;99;186;186;23;99
13;79;32;165;119;141
13;89;170;183;196;162
76;43;150;147;147;150
11;156;11;40;40;11
146;146;79;79;168;146
89;89;98;98;61;89
13;159;33;160;109;193
20;65;20;65;20;159
16;31;44;44;102;31
7;7;32;48;7;48
171;29;29;171;17;17
34;7;7;34;34;88
132;192;169;30;179;19
39;95;91;170;155;45
13;89;170;23;60;15
169;169;81;81;44;44
5;51;51;51;5;111
168;98;67;15;70;103
51;65;168;51;51;65
50;29;50;196;29;29
56;59;44;59;56;56
35;39;82;39;82;14
40;40;54;32;40;54
40;140;34;34;40;40
64;64;6;64;52;6
74;112;23;152;22;171
68;73;73;73;68;125
85;16;16;16;40;85
93;93;200;55;55;93
86;31;31;86;22;86
137;193;59;193;100;59
36;84;106;100;57;143
87;64;87;69;87;64
76;61;112;112;57;76
6;155;74;74;6;74
84;84;148;21;21;21
77;173;173;173;135;80
93;93;15;150;15;93
121;75;114;141;114;121
176;96;75;73;80;58
86;42;46;86;86;46
12;68;68;51;68;12
194;154;17;85;48;35
39;97;97;46;39;33
26;145;66;13;68;14
51;87;24;87;182;182
50;132;50;29;29;50
19;84;84;19;17;19
118;97;97;118;163;163
12;94;12;181;94;94
77;40;40;40;77;104
185;184;19;28;172;139
23;12;109;109;23;109
75;75;121;75;20;20
154;110;85;190;110;190
86;104;76;63;57;155
166;146;159;114;137;78
72;115;154;21;176;182
38;29;99;38;29;38
153;9;9;35;35;35
24;91;91;24;173;173
29;29;14;39;39;29
117;34;98;152;152;98
70;80;25;80;70;70
86;26;79;26;135;26
90;15;90;15;15;106
46;48;48;48;73;73
51;143;90;51;90;51
85;19;19;85;47;85
118;147;118;57;96;57
65;68;65;68;68;177
33;17;187;33;33;17
58;58;65;65;176;122
24;24;33;99;99;99
97;97;93;60;97;60
60;123;27;27;60;27
90;26;93;66;183;79
118;88;26;88;192;150
164;76;76;76;9;9
165;195;134;165;76;195
64;146;51;51;56;56
52;52;52;62;43;43
93;38;38;68;38;68
43;43;85;43;47;85
25;47;145;25;25;47
180;72;78;79;80;166
56;56;56;72;72;93
41;41;99;41;26;99
128;128;156;156;69;69
116;145;48;164;146;66
11;36;38;38;16;38
68;168;102;68;102;168
17;12;40;17;12;17
156;156;199;199;133;148
76;25;10;106;106;25
72;80;103;72;80;72
106;65;106;70;135;135
82;55;82;32;55;55
82;182;82;43;105;82
31;18;31;18;72;31
147;181;21;43;181;147
93;77;101;93;77;77
136;120;86;126;173;106
53;53;53;8;126;8
70;80;189;33;58;24
83;83;51;83;83;83
112;87;112;138;87;20
180;124;128;85;129;55
41;41;10;41;104;10
91;14;14;91;91;147
52;20;20;34;52;52
81;36;180;36;81;81
165;46;182;190;115;165
32;89;89;32;32;149
104;179;179;104;151;185
37;37;53;53;53;152
144;53;197;197;28;53
16;16;31;16;31;190
68;53;46;68;53;68
51;51;10;29;29;51
58;58;99;58;99;164
29;12;29;12;190;12
62;99;62;71;71;71
94;165;48;132;132;165
72;15;72;72;15;105
85;100;70;85;70;70
184;59;59;58;58;58
115;115;76;164;164;69
51;51;51;51;22;51
124;71;124;21;165;165
175;165;14;39;175;39
12;10;188;12;10;12
75;77;116;75;77;75
196;45;45;45;54;54
20;91;185;200;185;185
195;74;74;195;67;67
35;11;35;192;11;35
160;14;20;20;20;14
71;39;92;71;71;39
141;122;89;89;141;168
10;34;159;34;10;10
85;17;85;85;168;34
36;61;56;36;70;56
44;140;140;45;45;172
86;41;41;82;41;82
48;84;48;84;93;84
129;142;107;15;129;69
46;46;34;156;34;46
13;77;77;77;69;69
171;113;123;154;81;54
25;74;25;86;74;74
86;86;167;12;86;12
23;91;145;23;98;185
33;33;60;95;95;95
199;102;156;137;110;131
12;48;27;27;12;27
66;87;66;24;66;87
17;200;101;27;10;191
5;5;5;96;96;35
93;93;44;153;44;93
67;67;162;50;50;50
47;47;19;19;47;13
86;86;32;86;150;32
58;74;58;74;127;74
45;38;45;56;38;38
39;59;72;39;59;48
39;92;92;92;76;76
49;164;100;181;113;156
90;181;181;95;90;182
61;42;52;192;175;162
114;169;169;145;68;145
59;41;41;132;41;59
183;51;51;5;5;5
49;182;54;54;54;49
91;91;10;10;91;56
69;7;69;19;7;7
151;146;112;149;172;138
92;79;79;133;92;80
52;5;5;5;52;20
101;113;75;182;80;164
20;25;25;20;21;20
51;69;69;51;41;51
45;168;168;193;171;193
55;55;170;55;36;55
35;34;106;97;152;20
85;29;85;85;29;147
185;112;171;112;178;171
96;117;31;96;31;96
29;33;197;95;180;129
62;54;75;54;54;75
57;31;57;45;31;57
10;78;78;10;170;10
161;78;62;136;188;169
12;153;15;153;28;28
36;82;16;16;82;16
22;22;88;38;146;146
76;135;184;102;102;184
192;192;92;38;95;38
30;30;181;42;42;30
93;198;32;93;32;93
190;199;170;47;75;37
24;24;58;164;58;24
59;80;103;80;59;18
116;74;174;174;74;116
71;104;187;54;54;187
34;34;168;168;93;93
113;192;58;80;199;150
168;43;28;24;43;24
42;24;123;167;175;90
168;179;179;165;128;128
53;12;34;115;137;49
97;97;27;27;164;27
49;92;49;92;49;180
148;148;45;45;160;160
40;77;26;40;40;26
146;20;15;140;74;159
48;92;184;92;48;48
5;68;5;68;68;44
33;41;131;132;18;113
17;32;17;32;120;17
18;24;18;24;24;97
99;99;24;24;112;99
70;84;144;40;97;164
185;107;89;188;192;103
180;136;161;40;30;146
16;47;79;60;16;79
51;180;128;114;128;78
52;14;14;33;14;33
82;77;82;80;77;82
36;36;197;34;34;34
16;186;140;97;186;140
32;32;6;32;6;188
11;123;140;190;30;60
128;54;83;83;54;83
143;196;13;46;78;14
145;125;34;129;161;63
10;54;54;54;92;92
113;145;113;145;148;148
90;92;187;157;167;162
116;28;28;12;12;12
8;8;82;82;82;172
86;46;86;123;46;46
15;51;15;78;51;51
80;80;64;80;64;82
14;40;48;48;48;14
36;24;24;24;74;36
141;141;89;122;13;13
10;190;111;112;87;42
55;38;131;55;38;38
8;49;8;177;49;49
102;141;141;102;190;93
143;180;180;62;62;143
35;63;35;24;63;35
103;91;156;142;160;160
13;13;178;68;13;68
94;54;94;94;54;175
49;49;62;62;127;62
99;9;99;9;100;99
152;152;92;186;186;92
16;84;16;22;84;84
121;190;151;190;198;151
47;62;47;195;47;62
34;136;45;34;45;34
14;97;97;99;99;99
13;71;13;71;29;13
171;171;19;19;62;130
23;23;91;49;41;49
92;92;74;92;41;41
77;77;77;88;88;129
70;52;80;52;80;80
177;139;177;143;10;174
181;19;19;16;16;16
44;63;11;63;44;44
80;59;16;36;79;82
92;115;8;8;92;8
57;57;64;100;64;57
60;64;64;137;64;60
186;83;186;111;83;111
91;91;17;17;11;17
186;165;86;121;149;20
64;74;83;74;64;140
56;74;56;56;74;71
188;129;170;123;194;168
26;7;144;7;7;26
5;5;80;5;53;80
48;98;132;21;165;133
171;97;37;52;167;10
199;113;90;136;190;116
98;85;157;98;98;85
75;52;52;63;63;52
53;27;92;92;53;53
52;77;77;77;57;57
180;14;25;180;46;14
9;10;9;10;10;100
61;189;61;10;37;37
190;181;198;63;46;159
119;200;180;126;182;81
19;73;73;19;15;73
10;10;59;10;6;6
183;28;144;22;28;144
66;66;66;81;32;81
93;53;142;53;93;53
34;14;34;14;66;14
56;78;78;41;56;78
33;155;65;145;186;37
94;32;24;24;94;94
123;59;103;144;171;190
68;109;125;20;36;80
67;151;67;67;134;134
15;67;75;75;15;15
117;49;117;122;179;179
158;58;74;95;76;44
140;140;187;132;187;77
49;107;45;28;22;61
101;22;22;22;90;90
114;115;76;115;114;25
44;97;97;44;133;97
49;48;48;48;49;49
182;28;23;182;200;28
30;88;30;97;88;88
20;59;59;8;8;8
60;72;60;184;72;72
182;193;39;182;114;147
63;51;12;12;12;51
41;41;79;41;86;135
57;178;139;124;60;198
76;87;76;76;87;82
97;83;34;83;34;83
112;179;101;184;30;191
56;31;68;31;21;21
6;6;84;84;142;84
118;195;195;109;121;118
72;141;25;191;21;200
60;128;18;18;60;60
33;15;114;47;98;191
110;80;100;80;159;110
98;45;132;45;45;98
65;80;65;80;147;80
92;74;74;198;92;92
182;14;189;20;25;137
58;58;58;94;59;94
81;94;94;94;81;134
89;188;185;188;185;47
89;56;56;148;89;148
70;134;142;121;196;38
14;14;14;89;89;62
12;62;62;62;90;12
81;81;81;82;95;82
108;115;141;59;171;145
63;12;130;12;12;63
54;89;108;108;54;145
100;193;64;100;171;64
6;62;6;6;79;79
8;53;8;8;76;53
177;46;94;94;46;46
62;34;34;91;91;91
130;90;92;144;95;49
92;27;27;96;27;92
28;81;28;166;28;81
71;179;179;71;83;83
63;64;86;86;86;64
106;60;62;140;163;43
7;7;43;61;61;61
18;112;18;65;65;18
94;20;94;20;131;20
71;71;47;42;71;42
109;185;142;170;31;51
44;44;96;107;44;96
189;125;189;127;133;42
28;11;11;28;73;73
14;96;106;106;96;14
40;65;65;19;65;40
92;6;6;6;165;92
117;66;51;66;51;66
97;41;87;136;140;19
52;200;47;45;130;187
46;46;73;182;73;73
79;81;79;81;81;48
47;133;47;71;71;47
48;67;69;189;180;165
68;43;144;68;68;43
144;42;80;38;65;129
45;45;5;5;161;45
193;118;189;132;140;108
62;133;38;113;62;38
165;198;113;198;165;113
94;128;176;105;176;105
43;43;199;97;43;97
137;65;104;110;43;27
167;14;154;27;100;16
78;18;78;19;18;78
68;32;62;32;42;62
27;55;70;48;97;136
77;24;22;106;154;163
147;165;147;165;97;49
156;9;63;9;63;63
68;27;116;68;27;27
75;23;114;75;71;27
150;63;6;6;63;63
168;63;89;30;125;159
189;16;16;186;171;186
27;27;19;19;27;92
10;85;10;85;38;85
176;68;176;68;47;47
121;107;107;160;121;117
85;85;174;85;80;80
154;151;117;167;151;167
37;68;62;62;68;62
91;41;91;41;41;50
43;164;43;43;36;36
95;159;79;141;199;26
34;83;34;34;83;72
53;185;53;75;75;75
114;12;85;156;157;97
60;60;60;77;77;99
90;90;25;25;25;119
69;69;84;39;39;69
66;37;180;13;129;170
10;153;49;10;49;10
21;36;57;21;57;57
126;152;152;166;126;166
51;90;51;104;90;51
56;56;153;56;54;54
117;199;199;117;115;127
174;51;186;191;191;186
151;89;23;46;90;74
92;135;92;160;35;135
38;38;189;113;36;189
200;86;184;14;200;99
34;38;34;44;34;44
47;191;38;38;47;38
189;139;122;10;10;122
23;129;69;69;52;129
33;33;93;33;77;77
144;37;88;37;32;88
49;18;83;159;164;79
125;86;155;93;91;176
56;198;197;131;56;197
50;87;82;82;82;87
55;67;16;55;16;16
177;11;175;92;175;11
29;29;27;27;27;43
58;75;58;75;134;75
195;88;95;95;88;95
196;75;105;63;162;126
180;104;166;166;104;180
95;35;163;95;95;35
46;7;146;46;7;7
41;41;41;104;20;86
56;32;32;56;35;35
195;33;33;33;67;67
70;189;70;42;42;42
126;126;16;39;72;72
18;169;179;72;103;69
136;50;55;118;50;55
50;64;5;5;5;50
64;45;64;45;64;95
165;179;104;145;145;119
66;51;51;153;51;66
10;21;98;10;10;21
85;66;108;76;200;150
192;192;75;75;131;89
43;43;29;29;41;43
30;91;91;77;77;91
45;72;127;72;45;72
44;90;90;20;44;90
80;92;98;92;92;98
151;173;155;137;151;155
164;28;80;151;101;125
86;55;55;131;86;86
101;86;52;86;86;199
140;36;84;77;32;148
10;10;156;135;200;200
36;13;82;13;13;36
29;194;149;149;194;147
16;59;125;59;16;59
86;181;181;28;111;28
34;166;34;10;34;10
38;196;38;78;78;38
76;22;20;76;76;22
19;111;122;48;136;164
184;87;124;43;38;34
12;186;186;195;126;126
7;55;7;55;156;55
47;168;91;47;91;91
63;190;63;13;63;13
40;48;40;28;48;40
68;59;59;117;68;130
89;39;38;89;39;39
94;16;94;16;157;83
181;178;63;86;42;81
196;100;58;174;145;12
16;33;16;33;178;16
88;78;78;78;88;44
54;80;54;129;129;116
48;155;48;48;47;47
87;48;74;87;74;87
31;20;18;31;31;18
192;192;30;153;64;30
198;20;58;36;198;36
193;134;153;125;196;32
19;30;32;32;32;30
79;79;48;38;48;79
71;71;87;71;87;100
123;69;69;87;69;87
51;80;24;47;65;54
110;40;40;198;198;149
52;52;21;185;189;21
10;28;28;175;10;28
32;133;32;32;27;27
75;75;111;75;52;52
17;176;54;75;90;171
41;114;75;41;75;41
136;83;96;83;96;96
95;85;186;85;186;95
168;51;87;87;51;87
39;146;26;26;146;59
183;196;163;163;157;157
24;18;25;189;67;113
24;94;24;24;94;139
86;192;192;41;86;41
104;54;25;185;148;64
50;165;34;34;50;50
97;97;136;109;136;43
75;34;8;34;8;8
55;86;86;55;150;55
41;41;41;37;38;38
91;64;86;64;64;86
48;48;155;88;44;88
75;5;75;75;166;5
18;18;73;18;51;73
32;98;32;32;98;13
61;61;17;17;17;120
144;28;19;19;19;28
95;86;36;86;86;95
133;15;15;91;15;91
83;73;73;78;73;78
38;70;38;200;70;171
30;107;30;117;110;117
46;72;33;33;72;33
111;111;87;38;87;38
47;52;52;47;182;52
59;46;46;104;46;59
125;82;63;125;144;82
12;95;22;22;12;12
60;63;116;63;116;115
198;43;43;43;18;18
66;86;86;66;86;95
21;63;21;159;21;63
196;196;116;95;102;95
158;161;63;161;200;63
13;10;26;13;26;13
66;188;142;20;20;66
62;11;62;166;62;11
19;169;6;19;6;19
199;89;164;115;179;45
91;80;19;177;19;177
67;177;59;59;67;59
92;179;179;187;92;187
173;127;79;52;108;102
124;58;124;189;163;163
39;39;18;18;39;86
43;79;43;92;79;79
142;142;56;190;190;169
166;81;186;19;15;101
162;116;195;86;61;83
44;54;112;112;73;14
16;31;58;31;58;86
44;10;44;10;10;74
8;8;22;54;8;22
35;90;35;35;90;104
172;5;5;95;95;5
68;36;68;36;36;45
72;188;191;30;79;171
135;74;150;18;150;18
54;46;46;54;54;177
192;128;187;115;115;128
153;24;139;64;174;83
116;118;113;117;175;101
48;48;48;55;148;55
186;160;199;165;160;199
74;74;176;74;52;52
156;112;156;69;111;69
176;176;199;21;139;21
183;86;79;135;183;183
52;98;46;98;98;46
67;144;176;129;129;67
101;174;79;12;177;63
153;56;14;56;14;56
144;148;73;17;100;181
20;20;20;45;56;56
65;51;65;65;51;161
184;20;118;20;184;170
111;109;92;130;163;114
80;80;178;48;48;48
116;116;181;116;29;131
25;95;95;80;25;95
151;188;39;108;151;188
61;25;77;61;25;25
15;171;18;107;171;15
174;49;49;66;128;174
62;83;62;62;83;198
41;49;49;118;41;41
40;14;79;14;79;79
51;85;51;85;117;51
195;185;49;185;72;49
68;166;179;68;44;44
32;194;32;91;32;91
66;99;66;104;118;118
115;199;178;38;115;199
128;85;23;103;10;79
93;55;86;55;55;93
115;158;96;154;67;88
125;81;81;98;98;81
118;129;66;169;85;109
110;117;133;26;26;117
133;159;37;41;75;109
46;153;157;157;46;153
164;83;27;192;27;83
188;98;156;188;105;105
87;87;200;63;87;63
14;60;14;76;60;14
74;74;74;38;38;188
50;115;150;16;85;26
19;39;80;39;19;19
13;90;26;13;13;26
33;12;83;83;12;83
70;39;51;92;70;92
106;45;22;32;106;32
69;98;27;98;27;27
142;73;13;182;200;86
106;111;53;111;106;53
46;121;56;125;46;56
150;178;62;178;62;150
80;56;7;56;56;7
55;174;68;55;68;55
39;48;48;48;9;9
14;94;15;82;12;145
87;87;87;30;30;165
200;179;200;54;54;134
80;15;80;15;80;145
83;176;167;167;86;83
76;22;76;168;22;76
92;20;100;43;164;187
60;34;34;60;185;60
200;110;90;110;200;90
116;174;43;95;117;127
65;57;57;91;91;57
67;163;67;64;64;64
88;88;162;180;88;87
27;96;96;96;131;27
40;40;14;44;44;40
66;64;174;150;64;174
188;188;34;17;188;168
72;28;171;52;171;52
64;64;100;63;63;64
162;120;162;120;147;46
139;162;39;129;130;55
56;41;182;168;176;170
52;33;52;33;33;157
61;57;126;64;192;134
71;95;95;95;71;28
84;180;180;84;61;50
27;39;39;116;65;27
80;80;26;80;26;19
75;82;82;71;82;71
97;195;91;97;91;91
52;104;20;52;86;52
96;8;8;195;8;96
43;43;53;53;53;183
83;83;84;84;34;84
47;40;39;47;40;40
93;73;173;98;93;173
170;23;170;88;16;170
118;51;51;51;84;84
79;20;20;20;79;88
122;22;60;169;60;122
95;95;68;95;109;68
123;32;138;138;32;99
68;56;56;56;102;56
60;60;63;60;88;88
52;52;52;11;73;11
185;85;103;85;103;185
25;37;56;37;56;56
21;53;53;13;21;53
126;97;22;97;22;97
76;76;5;13;5;76
148;52;141;178;96;133
21;47;89;89;47;47
67;79;67;79;79;166
163;29;160;29;160;44
48;145;146;146;48;14
124;70;156;70;17;17
51;51;175;183;183;105
88;51;192;132;124;71
145;23;50;23;50;145
110;14;19;86;115;176
30;30;35;30;35;179
55;55;18;55;113;18
23;156;21;23;21;21
26;92;72;72;92;92
118;118;68;49;77;77
67;47;47;67;86;67
120;153;68;53;20;51
26;10;87;26;87;26
17;20;20;73;20;73
119;103;142;119;103;142
162;23;195;23;195;162
57;68;30;48;110;11
56;113;69;152;113;69
192;100;65;167;110;95
39;103;39;39;59;59
71;71;105;71;28;28
50;40;40;50;160;50
17;17;17;156;27;27
182;105;187;43;149;85
48;126;20;184;174;31
126;30;83;30;83;30
170;170;184;59;100;100
11;47;11;47;11;58
176;176;168;184;160;168
70;72;177;11;139;99
69;69;196;200;151;200
197;195;18;149;56;194
59;59;196;90;59;90
108;59;121;79;103;97
171;53;106;24;81;175
22;103;22;145;103;145
72;94;94;176;94;72
87;87;62;178;62;62
68;68;57;57;57;44
41;157;67;67;67;41
50;75;88;88;75;75
59;99;99;155;59;59
26;173;26;24;24;24
94;132;73;73;94;94
170;191;61;23;33;127
139;194;92;194;155;194
87;71;24;71;87;24
11;11;160;161;19;160
32;175;41;41;41;32
48;20;48;20;43;48
181;181;136;178;94;94
71;5;122;5;71;71
23;53;23;53;53;139
45;45;187;88;45;88
83;83;83;49;49;19
49;9;9;61;61;61
27;18;27;18;122;18
34;76;34;34;44;44
83;8;133;8;83;8
37;194;194;194;156;183
134;54;84;54;54;84
68;119;118;118;27;119
64;41;41;64;64;138
90;27;90;27;27;91
161;84;39;100;98;104
66;178;125;51;51;66
62;17;62;114;17;17
183;11;11;196;22;196
142;14;24;19;142;24
80;80;84;40;144;40
87;63;15;130;59;150
65;44;44;65;65;44
122;154;31;12;31;39
55;21;57;55;17;55
52;52;37;52;37;153
192;31;129;114;161;12
127;22;135;77;198;48
56;167;56;112;112;167
128;20;41;20;174;128
12;62;12;64;64;157
153;31;109;24;109;162
94;15;94;15;15;45
165;60;175;60;175;132
16;25;25;25;49;49
40;40;44;44;44;21
161;153;108;75;142;178
176;19;108;176;27;27
147;78;78;70;66;70
94;20;94;94;20;145
99;92;92;99;173;92
93;80;93;80;93;188
58;58;48;58;48;94
78;83;78;83;157;78
146;129;173;61;162;191
38;98;71;98;71;71
152;48;11;11;48;11
23;10;10;23;125;10
40;46;40;40;46;131
50;12;75;51;167;171
30;12;30;62;173;12
39;26;58;166;26;26
170;97;98;170;139;139
27;86;67;27;67;67
88;68;88;68;25;88
95;161;167;167;77;77
116;195;185;195;144;116
152;116;190;190;102;152
10;95;95;10;95;115
34;89;34;106;89;34
76;18;76;76;18;133
42;85;115;149;149;85
86;86;86;53;48;53
187;17;139;48;17;48
10;11;144;126;15;183
96;45;45;47;96;45
53;53;80;80;87;80
158;101;41;189;41;101
183;144;167;183;16;144
68;93;68;68;194;93
31;57;92;57;57;92
75;16;16;75;56;75
45;41;158;41;145;145
50;14;56;75;155;68
92;58;92;92;58;35
158;158;71;27;150;150
53;18;53;131;18;18
189;83;83;10;83;10
56;50;50;59;56;56
58;23;10;23;58;58
102;50;50;40;40;40
29;30;30;29;103;29
109;48;139;147;18;115
80;38;61;80;80;38
191;68;146;86;146;68
19;44;158;190;58;74
56;97;97;56;97;29
32;98;31;148;98;31
186;35;107;142;106;122
78;78;47;78;33;33
46;114;115;49;46;114
36;119;131;51;51;119
41;93;93;80;41;41
20;20;9;105;20;9
155;30;30;59;85;85
45;14;40;14;45;14
179;66;162;40;66;40
72;72;72;48;117;48
63;63;80;162;80;80
152;105;98;151;152;98
168;30;30;65;65;65
173;173;68;159;143;143
87;60;190;130;87;130
119;63;63;143;103;119
181;85;85;9;9;9
57;57;109;191;191;109
55;179;12;12;55;26
82;146;74;146;74;141
29;29;130;29;60;60
36;128;36;36;94;94
185;27;21;27;21;27
81;81;81;88;81;81
52;52;52;39;27;27
189;137;164;189;28;164
55;189;71;129;38;27
6;80;6;6;80;183
82;82;140;72;72;82
125;122;132;171;66;25
98;12;125;98;12;12
120;32;186;186;161;120
154;179;148;154;29;179
28;56;134;53;53;134
71;24;24;24;86;86
59;95;117;200;51;76
95;95;57;95;49;57
8;83;83;8;83;57
74;35;35;139;74;74
188;188;125;36;125;35
117;101;29;182;21;50
165;196;175;63;123;79
94;111;94;94;6;6
94;79;116;79;79;94
22;22;22;13;76;76
21;57;57;101;91;91
183;86;104;183;183;20
42;31;31;42;121;31
170;34;61;42;49;46
134;178;64;151;64;134
25;25;66;33;33;33
175;29;175;49;29;49
81;86;81;86;86;89
62;177;104;162;162;62
155;92;139;52;52;52
175;118;118;175;110;176
132;50;78;78;78;50
67;48;76;67;48;67
69;125;168;54;165;156
125;106;106;119;119;88
145;198;54;125;151;87
68;27;40;151;166;88
67;55;67;67;55;15
76;62;39;39;62;39
58;58;110;58;18;18
15;71;15;15;15;71
146;108;152;11;66;175
12;21;21;43;43;21
28;60;28;69;60;122
33;104;110;144;42;74
78;24;78;134;78;24
70;70;13;96;13;13
81;48;48;81;153;81
143;91;93;157;143;93
24;143;64;21;64;21
45;59;45;178;59;59
65;65;71;71;106;71
139;70;98;72;72;139
24;72;24;24;41;41
26;168;18;18;18;26
76;62;132;76;62;62
98;55;98;55;55;139
78;23;23;20;78;78
86;74;171;68;91;116
60;60;74;149;187;149
8;11;11;8;11;189
37;19;183;19;156;19
161;64;175;64;116;175
198;134;72;181;35;164
77;77;69;69;77;155
20;85;61;20;85;90
98;98;144;171;144;124
72;89;89;117;72;72
167;167;178;167;44;193
94;28;28;85;94;174
89;89;65;65;89;52
124;10;10;51;51;51
141;7;13;13;13;7
69;78;69;96;78;69
81;93;93;93;119;81
69;20;69;20;132;20
31;105;134;72;31;72
23;27;132;27;23;27
73;22;32;73;73;22
163;148;119;148;119;52
53;53;53;161;14;14
12;82;114;164;192;170
184;156;14;47;156;184
70;89;70;89;73;89
66;29;29;66;29;29
92;9;9;9;92;151
82;183;44;44;44;82
16;16;96;16;16;16
151;59;81;59;81;59
33;118;143;118;101;143
41;41;6;41;6;86
179;194;179;134;134;194
63;99;63;99;99;66
30;147;108;135;25;181
191;104;191;97;185;104
67;79;152;41;154;35
101;89;84;89;84;84
50;189;50;189;31;15
90;124;36;90;36;90
71;14;91;174;68;148
87;71;31;71;31;71
54;58;85;54;58;54
31;31;98;112;31;98
169;159;169;159;124;124
66;98;77;77;77;66
49;79;47;47;79;47
39;32;39;32;123;39
191;145;133;191;185;185
9;121;9;42;9;42
14;98;125;14;14;98
65;156;65;67;67;65
37;37;74;37;74;108
52;126;137;76;52;76
90;141;87;90;87;173
38;47;47;38;47;119
176;76;106;192;76;176
52;14;169;91;30;44
42;96;96;96;42;132
179;68;185;163;124;182
62;62;72;72;72;33
60;140;140;60;137;21
96;50;107;63;13;106
19;105;105;56;56;103
47;162;129;180;178;184
116;37;157;10;19;145
24;24;16;54;16;16
63;50;52;50;194;194
119;59;180;115;115;59
91;91;77;138;91;77
188;19;12;188;19;18
71;53;71;71;71;71
148;147;180;170;156;73
27;27;55;55;198;55
37;99;189;37;99;99
109;106;36;109;106;36
92;76;76;76;92;154
57;99;99;59;59;99
66;66;32;178;32;32
180;40;40;40;23;23
62;62;62;88;16;88
19;19;82;82;134;82
182;194;66;37;37;194
183;60;84;111;195;171
85;43;158;43;85;43
33;33;183;183;69;69
30;76;60;131;140;18
78;78;101;66;66;66
62;24;186;24;186;89
169;59;112;166;180;65
181;84;57;112;112;84
83;90;185;193;185;90
84;56;77;84;77;84
65;169;65;139;169;28
97;84;92;92;84;92
78;78;76;76;76;115
174;161;142;142;127;174
89;90;84;90;84;84
70;143;35;143;165;70
61;124;91;97;61;124
188;152;123;123;188;124
200;13;32;13;151;32
113;165;104;57;185;147
70;126;66;127;71;90
199;137;60;60;176;176
181;146;174;22;38;173
9;32;9;124;32;32
184;184;44;44;46;113
32;144;46;178;42;129
87;85;85;95;95;85
44;22;67;67;44;44
21;181;103;66;103;66
128;153;193;128;193;153
75;123;75;169;169;68
54;54;52;52;134;52
46;109;23;23;23;46
28;41;28;134;41;41
74;21;8;21;8;21
63;95;38;178;178;63
106;164;104;132;23;102
40;180;180;123;40;123
74;74;74;22;22;165
14;77;14;14;77;197
52;125;65;15;196;87
148;87;162;148;148;180
99;41;99;99;41;119
13;182;20;13;20;20
138;98;41;65;173;144
77;19;77;19;101;19
185;130;185;69;69;153
97;97;97;79;79;190
154;71;114;86;120;43
55;27;189;27;27;55
48;70;48;121;70;70
81;48;80;183;118;38
15;15;130;15;79;79
23;23;75;75;60;23
43;22;22;43;43;147
24;24;24;22;22;130
86;86;45;86;172;45
13;164;17;17;13;17
92;98;50;86;18;149
49;11;49;11;189;11
7;7;66;7;73;66
59;59;94;94;59;148
49;49;87;49;91;91
41;94;94;37;94;41
147;38;88;38;38;88
73;86;73;86;132;132
118;84;84;56;108;118
137;175;44;130;111;27
147;88;23;147;147;16
91;32;91;91;60;32
117;157;157;56;117;52
71;83;141;83;83;71
33;47;33;47;14;47
93;93;62;62;45;62
82;79;82;113;79;79
153;117;153;24;117;136
177;11;15;11;15;15
91;76;111;91;76;91
166;108;166;101;171;101
139;43;110;124;124;110
103;71;38;103;38;147
81;173;51;51;81;51
57;131;57;27;14;14
83;15;135;83;15;83
67;41;67;41;177;67
82;82;115;10;10;82
61;61;11;14;14;14
89;191;146;35;37;89
98;141;91;44;116;135
9;9;91;91;155;9
45;36;36;72;45;36
79;74;79;74;74;12
120;44;78;159;54;39
192;136;192;129;136;156
31;9;31;174;9;31
39;39;40;65;40;40
98;98;98;84;98;84
88;95;143;15;81;181
86;149;62;18;98;26
99;32;99;118;32;99
162;87;87;78;78;162
55;55;55;71;32;32
13;13;46;46;13;156
10;29;10;185;10;29
51;51;51;24;68;68
72;61;34;61;61;72
166;62;10;10;62;10
92;69;104;69;92;126
181;161;181;86;116;161
58;58;31;58;31;125
56;138;134;138;134;56
30;26;30;195;135;195
121;29;29;49;49;49
55;29;122;55;55;29
69;69;14;200;14;69
60;93;80;60;93;60
39;101;59;69;138;52
40;19;40;19;19;21
83;83;143;83;14;14
196;61;101;119;140;76
75;66;43;22;69;151
184;184;32;127;88;88
62;161;62;34;62;34
15;152;53;53;15;53
28;133;115;184;28;115
178;54;103;54;178;103
43;61;61;61;66;43
93;48;27;138;117;137
153;26;56;76;111;87
45;45;40;53;40;40
50;6;6;50;6;88
49;68;49;68;57;166
37;25;37;37;20;25
14;189;74;142;93;122
108;95;96;96;95;95
90;164;90;50;50;90
190;72;72;190;159;46
107;174;182;89;107;174
36;36;12;12;54;36
39;176;176;51;197;51
81;145;50;140;159;58
147;85;93;149;79;63
71;71;21;53;71;53
161;119;58;119;30;161
96;192;96;96;66;66
48;33;33;48;75;33
50;73;80;185;50;185
79;102;67;67;67;79
146;54;54;54;42;42
115;19;115;192;19;147
184;126;167;68;68;184
70;190;23;103;70;190
152;162;38;162;38;130
61;136;11;61;61;11
155;156;156;174;155;115
73;73;73;91;131;91
123;126;121;123;126;127
189;175;69;160;160;189
64;64;45;15;64;15
98;98;129;29;46;29
5;184;5;6;6;6
195;194;67;155;17;36
52;164;164;47;47;52
53;43;89;194;93;153
90;88;90;88;90;81
179;44;192;192;197;44
48;48;37;182;37;48
195;165;115;195;134;134
99;64;64;161;191;191
177;15;172;177;15;172
45;12;45;44;44;45
48;34;48;72;72;48
139;200;97;177;55;104
94;7;94;7;94;101
10;80;64;64;64;10
148;149;79;188;167;26
51;51;51;92;92;40
114;121;184;184;121;114
144;146;95;114;111;71
144;79;123;194;199;40
32;12;195;12;195;200
35;35;27;31;31;31
84;67;50;84;84;67
96;96;178;5;5;5
176;176;189;137;169;189
98;166;98;98;98;98
99;99;41;45;107;107
63;122;162;63;162;193
82;169;54;82;82;54
85;93;62;85;93;85
84;74;66;84;48;66
93;74;97;74;97;97
71;71;92;92;71;33
93;59;193;93;96;59
28;116;28;120;116;120
190;94;10;43;36;101
44;31;31;44;31;189
48;33;33;15;15;33
118;51;146;151;174;161
16;147;65;96;147;147
60;60;18;60;52;52
27;197;27;25;197;25
193;100;193;30;100;30
45;45;16;56;16;16
145;192;27;17;197;145
93;72;93;93;64;64
10;99;42;10;42;10
163;87;61;61;87;61
163;125;98;149;99;34
64;69;173;69;64;69
19;58;19;58;58;121
9;25;25;91;9;25
11;11;80;24;11;24
63;38;181;181;90;63
92;97;97;166;92;92
115;104;21;133;180;49
57;37;57;57;37;190
161;23;11;79;11;79
38;17;38;38;17;153
88;174;178;157;18;170
70;170;189;164;25;132
63;63;45;45;14;45
79;79;79;99;99;178
97;73;73;97;97;110
8;162;65;8;65;65
27;34;34;51;34;27
64;64;32;69;32;17
155;196;101;72;196;72
29;18;175;196;18;175
76;99;57;99;57;99
121;40;62;62;121;71
38;36;38;36;132;38
74;105;66;66;66;74
82;50;82;82;50;74
96;128;96;35;35;96
23;28;87;87;28;87
186;101;164;186;101;164
95;33;95;95;88;33
86;18;40;40;86;86
186;127;121;176;170;121
119;182;116;116;119;96
120;139;182;35;167;125
78;78;73;73;135;73
189;55;189;104;70;70
12;32;32;87;87;32
89;51;51;89;60;51
14;14;69;174;69;69
79;97;97;79;122;79
27;29;27;6;6;27
140;20;144;20;62;62
67;46;67;116;46;138
193;57;195;158;193;195
19;195;49;103;168;194
76;136;76;65;136;149
67;58;86;86;86;67
84;136;84;182;136;127
58;90;90;90;58;197
37;37;37;74;128;74
39;95;39;175;95;95
30;149;63;191;37;147
122;138;138;122;178;74
171;177;12;72;154;67
185;105;119;105;145;119
167;113;129;167;51;51
129;167;51;167;51;74
76;76;84;19;84;54
92;14;101;14;101;160
122;108;38;160;185;82
58;61;93;148;116;76
154;168;98;52;117;130
197;163;158;158;22;67
44;113;44;98;98;98
90;17;140;17;17;90
62;13;175;62;13;13
58;20;20;160;14;160
80;45;38;92;92;80
55;168;55;12;12;66
115;150;102;11;188;174
122;187;49;81;49;122
111;32;22;97;111;32
20;176;176;152;152;145
113;56;51;194;17;112
83;76;76;76;83;75
97;72;75;75;75;97
11;54;11;73;11;73
189;37;34;189;37;34
18;148;62;26;73;30
173;79;78;131;141;181
55;40;40;105;40;55
76;28;76;59;76;59
13;13;62;62;13;200
41;54;68;54;68;54
67;10;10;67;10;128
82;126;53;82;82;53
57;24;57;34;24;24
7;30;30;18;30;7
33;45;33;144;33;45
83;134;59;59;98;83
98;57;175;57;98;175
23;13;141;120;104;118
105;119;57;47;105;119
96;96;57;96;99;57
59;15;28;15;28;15
150;171;150;75;75;167
98;147;161;153;161;98
70;37;195;41;158;155
23;77;71;71;71;77
164;145;128;164;101;101
46;96;185;19;96;185
190;140;185;153;140;185
194;74;74;53;182;53
19;198;98;84;198;84
89;89;9;9;89;59
88;72;159;88;72;126
50;36;18;18;36;36
80;80;7;92;7;7
77;77;52;52;178;52
43;43;145;43;55;55
178;193;65;124;67;166
41;45;106;41;45;41
139;24;24;90;24;90
60;27;67;43;31;188
90;83;90;83;83;41
71;58;55;58;92;92
34;87;56;56;161;87
98;96;98;162;141;162
48;48;56;7;7;7
99;83;83;19;99;99
73;73;67;67;115;73
96;96;43;96;43;193
122;45;45;31;31;31
88;88;61;61;107;61
63;50;63;152;50;50
70;53;35;35;110;70
8;8;8;138;52;52
180;69;128;123;180;69
60;60;16;60;14;14
149;147;147;19;102;102
73;77;76;77;77;73
184;59;77;59;59;77
52;62;62;147;62;52
39;24;24;39;76;24
22;75;75;75;9;9
60;58;60;41;41;41
134;168;168;46;46;134
24;24;32;26;24;32
178;10;163;10;178;56
126;23;55;136;14;69
65;25;137;145;143;189
29;91;65;91;65;91
50;27;50;25;50;27
47;168;132;40;47;132
120;97;64;97;65;120
98;92;60;92;60;98
114;122;141;114;153;141
75;65;65;65;39;39
72;72;116;87;87;87
24;102;33;81;102;24
5;5;82;27;27;5
164;13;160;187;198;189
107;166;166;188;45;107
34;98;98;34;98;136
14;70;14;70;59;59
76;93;131;76;15;93
139;48;81;139;170;48
61;93;146;93;61;93
10;125;125;13;80;13
134;64;145;134;196;64
142;142;142;142;142;142
14;138;145;194;30;123
31;179;179;165;149;165
189;189;28;166;130;99
41;41;81;81;154;41
17;110;72;104;194;79
137;30;56;196;158;24
20;20;171;20;94;94
35;55;172;112;167;133
74;74;56;85;85;85
117;131;162;170;149;117
181;153;181;195;85;85
186;76;54;76;76;54
7;143;13;7;13;13
81;12;151;14;47;93
54;54;173;23;23;23
58;47;58;47;58;164
118;36;36;75;36;75
175;141;175;178;141;123
69;11;159;159;186;186
15;14;40;20;99;122
102;139;135;139;135;102
88;88;13;13;15;13
52;65;52;36;65;65
87;87;19;57;57;87
98;73;73;19;19;19
45;60;60;60;45;14
113;98;12;98;12;98
35;35;91;12;35;91
50;71;71;50;50;41
90;28;90;118;28;28
15;112;159;52;52;15
6;84;6;84;6;73
68;193;141;82;193;82
133;51;133;131;51;51
65;195;39;65;195;39
50;151;50;69;46;151
45;122;78;121;20;97
60;5;22;22;22;5
128;112;99;180;112;180
154;126;154;126;40;124
151;181;151;38;173;181
31;7;31;31;7;108
46;46;49;49;49;44
39;64;39;37;64;64
15;123;15;133;37;133
14;149;85;14;144;149
71;98;98;14;71;98
89;19;89;19;97;89
42;26;26;16;42;42
50;73;91;73;50;50
182;78;130;154;181;194
26;13;13;28;28;28
15;15;15;20;10;10
41;157;99;41;157;99
14;82;144;102;69;86
140;72;72;137;22;137
81;9;81;81;9;81
184;195;184;115;115;82
52;97;97;52;36;26
177;159;182;169;104;26
38;38;190;81;81;81
34;73;147;72;67;191
68;103;74;68;74;68
33;33;16;33;169;16
69;36;36;69;69;167
8;87;8;11;87;8
31;13;13;13;117;31
62;192;60;31;129;157
63;90;162;63;90;162
29;78;29;78;193;29
133;5;30;30;30;5
18;60;60;148;148;30
92;16;103;10;103;92
74;24;177;74;74;24
97;67;97;67;97;82
74;14;14;130;74;14
49;12;49;49;53;12
118;117;188;31;167;98
153;153;33;197;197;40
45;191;61;191;185;61
21;55;199;96;101;52
18;69;177;69;161;177
85;13;85;70;13;85
59;58;59;58;59;70
16;136;69;81;108;107
70;94;72;72;94;94
69;137;68;158;182;165
15;42;113;115;191;71
189;85;60;77;169;16
37;37;37;181;93;93
69;62;62;166;69;69
88;88;149;102;44;149
57;181;160;181;111;57
76;96;96;76;76;88
42;42;104;120;104;42
151;32;106;42;173;11
164;112;134;139;164;139
67;67;38;56;38;67
104;104;22;97;104;178
95;23;95;180;95;23
24;188;43;89;12;158
88;95;88;86;95;88
48;185;155;185;155;64
129;176;129;11;11;166
190;109;109;109;157;105
12;24;12;12;146;24
40;96;96;113;29;96
92;24;24;92;92;119
116;133;114;85;68;120
29;29;61;29;61;168
93;183;140;144;20;141
108;85;135;109;109;108
163;174;136;163;137;137
48;18;48;18;18;124
17;126;168;126;34;126
185;85;85;43;43;85
189;184;189;128;189;53
51;177;89;51;51;89
115;94;87;46;145;122
89;43;89;89;182;105
39;36;39;39;34;36
130;71;21;152;152;169
95;95;95;27;27;155
19;94;19;190;190;44
151;151;57;137;117;57
94;90;94;90;94;24
79;79;75;75;167;75
63;63;31;63;15;31
5;5;35;5;69;35
53;148;53;34;34;34
171;31;147;65;147;65
132;113;77;134;191;75
92;192;43;75;64;18
59;79;73;76;134;102
39;198;61;39;61;61
91;25;35;91;25;25
82;82;82;82;118;82
136;29;14;136;128;128
91;70;91;91;51;51
83;83;14;65;80;65
86;99;47;86;47;47
6;6;89;6;148;89
12;125;38;144;73;188
11;123;98;11;11;98
161;116;132;10;178;39
111;99;111;99;106;24
106;96;93;188;96;96
175;175;190;40;190;114
16;12;12;12;16;181
62;15;62;62;57;57
161;63;63;63;97;97
66;46;46;75;66;46
176;45;90;174;45;176
50;19;19;19;91;50
186;186;60;60;162;162
94;104;94;39;39;39
163;150;73;13;17;185
94;90;129;94;90;94
11;65;33;199;77;112
6;47;184;47;6;6
52;57;57;57;83;83
104;104;186;61;106;61
64;87;87;64;11;39
194;22;137;86;192;181
200;200;196;143;143;187
26;192;26;110;110;192
122;197;132;187;168;150
6;67;67;6;6;159
161;147;161;137;78;78
165;38;38;166;77;165
74;41;74;41;183;74
49;50;49;62;62;62
61;98;61;116;61;98
59;37;59;59;84;37
155;85;69;155;51;69
200;98;85;85;85;98
127;52;58;52;52;58
27;75;27;174;104;174
152;26;152;177;125;26
70;152;70;187;174;174
148;99;167;99;129;167
175;12;84;69;77;79
145;162;117;140;162;23
13;71;48;50;13;48
60;99;155;60;99;99
129;180;143;96;53;75
43;10;72;15;72;10
189;170;94;86;124;169
123;39;94;94;39;94
18;54;18;54;18;192
180;176;124;174;85;79
66;85;66;122;85;85
10;26;6;6;10;6
101;31;138;123;10;44
90;12;44;44;12;12
80;75;144;51;84;153
50;40;40;27;27;40
85;85;85;111;89;89
76;27;27;131;76;27
10;10;43;28;28;10
5;85;48;5;48;48
27;109;27;109;109;109
26;26;79;79;197;79
200;58;33;33;154;58
47;95;75;65;113;30
14;142;14;142;66;66
27;27;27;36;91;36
57;57;175;35;57;35
21;91;86;21;171;21
56;128;64;128;81;64
128;26;52;114;26;114
189;95;97;95;97;95
158;183;159;93;160;146
132;59;42;87;20;144
145;13;130;19;31;44
174;158;38;14;111;34
66;24;10;66;66;10
34;87;123;59;34;87
161;27;121;190;153;76
28;15;28;53;28;53
43;34;32;127;34;70
60;22;60;157;22;22
38;29;112;49;196;74
78;18;78;111;18;78
66;111;111;185;66;52
57;26;124;57;57;26
140;81;165;74;74;81
169;99;90;90;90;99
142;123;158;62;155;149
190;23;79;44;170;62
166;75;166;75;40;18
67;67;67;134;95;95
77;45;77;77;45;195
135;158;135;20;20;181
30;160;75;75;160;22
30;70;80;56;30;80
35;35;35;106;97;97
60;19;19;60;57;19
171;104;182;87;174;71
133;105;133;40;154;40
26;26;26;55;55;24
104;113;141;28;141;113
119;112;148;119;148;112
62;126;92;171;64;124
123;160;160;91;123;131
139;130;22;153;164;43
16;85;85;59;85;59
143;28;11;11;28;28
75;187;46;76;114;112
59;9;9;59;59;61
86;200;34;84;156;170
159;78;102;27;30;196
74;24;153;24;24;74
74;177;74;172;135;154
7;191;87;7;7;87
34;45;24;34;45;45
154;154;87;62;62;38
111;134;32;111;60;32
32;80;199;124;19;35
58;140;32;32;58;32
102;11;48;11;11;48
87;93;93;87;93;176
75;35;75;35;35;76
68;71;57;71;71;71
87;71;62;71;87;87
115;59;66;12;109;147
112;173;173;98;98;112
21;21;42;42;121;42
65;52;184;58;139;36
65;84;12;65;65;84
66;51;66;66;66;51
194;45;162;194;45;162
173;104;104;19;104;85
54;35;83;83;35;83
141;141;90;164;157;157
7;110;7;99;99;99
9;45;45;45;114;9
31;157;24;24;31;24
29;42;107;29;42;177
183;11;78;11;78;11
75;27;32;186;23;11
41;66;114;152;114;152
16;108;16;57;57;16
30;37;30;30;30;30
25;95;27;27;25;27
125;122;185;193;158;111
43;79;43;79;56;79
151;85;192;120;184;190
141;11;183;144;141;11
121;41;55;41;41;55
151;151;25;180;161;180
194;175;175;150;33;33
44;32;32;41;41;41
95;147;95;147;189;186
23;23;28;28;41;23
24;24;83;24;83;93
87;187;80;80;80;87
95;34;34;48;136;136
22;106;22;37;37;22
83;68;125;37;42;82
24;24;78;170;54;54
145;43;168;90;51;18
95;63;73;63;63;95
60;38;104;104;136;60
55;31;27;31;31;55
104;200;89;14;140;21
10;133;133;17;188;10
108;113;17;137;113;108
21;100;176;124;110;77
94;129;94;129;113;18
104;108;166;104;166;37
42;12;163;42;12;42
21;74;170;33;168;107
165;103;103;47;155;165
89;45;119;44;89;89
91;62;62;99;99;62
138;78;138;78;156;39
77;77;106;60;60;60
54;12;165;54;54;12
184;130;22;72;32;174
53;57;24;57;34;53
30;119;30;119;162;51
106;185;117;16;197;37
157;21;21;20;157;20
70;77;60;35;165;180
47;94;80;80;94;80
176;40;53;156;36;73
25;90;10;10;90;90
103;103;19;27;19;197
120;87;87;55;55;87
121;37;48;143;37;48
59;59;59;132;36;36
24;94;51;94;94;24
82;93;13;26;34;81
89;13;60;60;60;13
171;59;91;83;98;15
36;95;187;49;189;145
30;79;102;79;30;30
32;47;32;47;42;47
22;79;22;79;79;51
23;37;23;23;37;141
65;92;65;32;92;92
32;69;40;47;40;69
116;40;90;40;90;40
36;36;65;65;36;131
188;26;122;75;26;188
45;99;155;45;99;45
11;159;149;135;36;37
169;138;151;119;105;188
36;11;11;145;36;103
163;92;34;157;186;145
152;82;155;82;91;155
153;111;171;95;152;18
63;63;75;63;75;186
110;30;102;124;111;106
106;172;103;97;41;34
110;36;144;34;170;165
179;98;69;43;152;155
97;97;24;5;5;97
186;52;186;180;180;24
117;90;52;90;52;90
121;82;40;40;82;82
77;187;34;77;34;34
89;131;89;89;181;29
48;21;48;48;21;41
52;173;85;85;52;52
13;196;111;196;68;111
94;144;94;94;16;16
36;43;105;43;135;36
157;105;198;198;190;198
193;60;24;24;24;60
37;67;155;48;58;153
34;34;34;34;34;83
176;21;111;192;162;124
13;104;64;177;35;128
175;175;47;47;191;192
25;89;89;27;27;27
6;6;33;33;86;6
88;137;44;44;88;44
79;12;23;79;79;12
76;63;76;68;63;76
59;149;179;80;180;10
13;54;61;112;197;181
151;20;32;97;168;127
113;156;156;156;29;40
90;7;90;7;90;128
18;166;158;60;18;60
33;33;180;53;163;53
97;97;23;153;23;97
32;174;174;194;30;194
20;20;34;104;104;200
118;22;169;22;169;118
175;177;177;175;132;175
21;53;53;21;53;76
24;68;68;24;148;68
21;21;56;17;21;56
40;115;40;40;34;34
110;176;175;176;88;110
95;69;66;95;95;69
185;97;197;183;172;61
5;189;50;5;50;50
60;86;169;60;86;60
119;22;161;44;119;161
24;104;104;30;127;103
189;96;11;189;40;40
63;178;50;50;63;50
103;12;37;37;37;12
87;150;87;18;18;18
92;180;172;198;50;100
7;59;59;59;7;195
18;97;18;97;18;48
190;25;89;89;25;25
5;88;70;70;70;5
144;113;170;106;66;128
139;155;139;155;12;12
104;93;72;93;59;59
72;35;72;72;153;35
94;74;114;88;119;101
150;62;58;156;119;128
128;195;128;195;82;82
74;195;72;195;74;125
99;19;99;86;19;19
161;83;184;161;166;184
20;146;146;146;123;20
13;5;13;5;5;27
122;130;76;76;122;26
173;6;6;64;64;6
47;30;198;156;121;129
183;132;131;72;14;51
138;44;44;66;66;66
23;55;83;83;83;55
36;62;144;36;62;36
137;141;120;183;31;132
73;37;43;73;43;73
37;97;37;97;37;18
55;65;65;55;125;55
21;38;72;21;72;21
57;17;11;17;124;57
61;33;191;191;78;33
60;120;130;63;135;49
63;96;63;96;96;36
74;74;10;10;10;157
104;181;104;37;181;148
66;62;182;116;79;179
118;74;74;129;129;171
52;56;56;62;56;52
165;142;160;160;157;142
27;50;91;27;91;91
62;62;107;77;77;77
96;62;96;62;153;62
139;127;113;112;127;112
180;128;131;155;175;92
69;60;69;191;191;146
87;18;88;67;18;87
41;125;67;193;107;125
30;169;58;160;45;169
45;98;51;51;51;98
127;22;56;198;88;166
57;181;80;80;80;57
88;88;80;88;63;63
22;177;166;60;22;177
68;37;132;188;82;126
50;56;56;161;50;127
15;160;15;95;95;151
78;55;60;87;197;13
35;90;47;35;90;90
25;25;25;67;129;67
116;191;116;191;83;83
132;58;20;58;20;58
41;197;99;41;99;99
54;54;9;54;9;13
102;12;102;84;12;193
189;159;189;17;196;196
77;70;77;27;70;70
60;91;11;91;60;60
27;66;27;48;66;44
56;51;56;56;51;58
15;39;15;15;39;171
56;70;69;70;56;70
35;30;35;28;30;30
148;133;180;158;142;128
89;145;60;89;60;89
41;41;42;84;41;42
43;99;171;84;92;48
96;86;86;86;118;96
93;65;65;187;93;93
44;44;95;95;173;95
99;99;99;99;41;41
68;174;54;68;54;68
21;21;40;26;40;21
33;13;13;13;33;16
175;186;102;63;63;186
91;39;39;91;195;39
191;47;53;13;131;54
196;176;77;196;77;101
28;23;28;16;16;28
184;23;23;23;23;23
7;7;43;172;43;7
184;153;130;32;175;188
16;94;94;80;16;16
168;145;79;81;115;112
8;150;59;59;59;8
41;41;56;41;56;190
45;106;89;106;89;122
78;21;78;21;34;78
58;66;180;124;197;86
27;93;6;93;93;6
107;78;107;122;78;78
11;11;187;68;187;109
70;96;70;70;155;96
64;39;39;62;64;189
55;69;55;44;44;55
174;121;121;121;69;69
109;122;109;89;158;122
19;42;42;19;69;19
200;163;163;84;84;200
39;36;58;160;156;73
11;24;110;11;110;24
82;115;170;115;189;170
93;42;93;93;42;181
10;87;86;87;86;86
88;81;160;110;110;160
74;137;155;192;193;171
78;86;78;30;30;30
73;35;51;200;148;134
74;105;19;74;105;19
114;26;26;151;151;158
100;60;60;15;15;15
92;56;123;51;142;87
70;80;80;80;77;70
183;166;200;152;135;164
115;77;46;30;79;144
168;22;22;14;14;14
21;36;30;167;160;197
83;57;148;176;200;165
35;35;119;58;58;35
37;114;37;74;74;74
46;14;185;71;16;112
57;53;29;53;29;53
167;93;151;145;94;58
185;117;15;117;45;15
167;167;107;131;82;131
37;37;155;65;65;75
156;114;126;132;186;120
89;139;155;92;89;89
150;135;49;160;155;55
67;41;88;88;67;67
13;13;14;14;20;14
99;99;99;67;77;77
52;52;14;52;14;153
87;87;31;62;62;87
108;82;62;65;82;108
55;111;78;192;81;48
116;47;149;87;143;14
90;46;199;40;105;156
14;69;62;62;62;14
186;34;186;34;65;65
23;109;23;58;164;109
200;43;69;43;43;69
62;73;73;62;84;62
70;110;42;110;55;55
160;70;67;67;70;67
25;25;93;25;200;93
35;129;35;116;11;11
83;17;194;17;83;83
57;35;57;35;159;57
60;124;14;14;60;14
47;68;45;68;47;47
120;52;121;13;112;126
121;121;138;119;119;10
29;148;194;21;194;21
90;90;197;75;75;75
24;24;91;85;85;24
171;197;146;146;197;173
75;35;35;164;75;75
164;31;64;31;64;64
37;12;173;173;37;38
140;150;118;117;191;36
30;96;30;175;96;121
42;35;35;35;40;40
37;37;154;26;129;129
77;48;48;156;48;77
34;85;34;115;85;115
67;105;17;17;67;67
5;39;45;45;5;5
47;31;142;18;182;89
97;76;76;76;154;97
42;136;20;89;81;108
95;95;95;64;137;64
72;76;50;185;58;44
71;36;71;36;71;63
39;17;160;39;39;17
101;185;101;134;134;31
85;88;103;88;85;85
150;196;196;23;94;94
165;148;86;78;92;172
44;31;44;171;31;31
107;128;107;128;40;191
32;93;93;32;51;93
173;19;170;85;170;170
63;72;72;91;72;63
102;197;46;194;99;31
72;72;72;87;32;87
149;154;172;171;149;154
110;29;132;71;69;77
46;144;165;165;129;144
83;83;83;198;20;20
24;52;140;140;24;37
21;21;170;21;19;19
178;178;88;171;171;142
46;46;161;96;46;96
194;56;71;17;191;77
37;43;33;37;37;43
22;133;81;141;49;200
12;26;26;158;26;12
33;87;65;145;65;87
89;89;107;39;39;39
190;85;95;95;85;85
29;29;29;17;108;17
13;13;33;175;33;13
53;106;151;153;122;190
69;18;18;178;69;69
88;81;81;88;81;77
18;28;73;84;18;73
62;39;26;26;39;26
144;144;92;139;144;155
117;27;27;66;27;66
37;37;160;37;39;39
164;60;60;164;190;190
96;91;96;96;24;24
74;127;84;126;147;44
94;97;17;53;97;17
53;11;11;53;149;53
92;36;50;92;92;36
42;156;149;42;88;24
77;77;57;77;14;57
56;20;128;190;20;128
42;27;116;27;116;42
50;187;27;85;148;17
88;46;88;88;89;46
128;124;66;66;124;73
139;40;40;40;72;72
26;25;119;26;26;25
127;180;185;127;11;180
73;101;31;73;31;73
33;142;43;33;43;33
61;99;99;61;99;145
186;30;142;10;193;23
95;76;45;76;76;95
157;150;157;40;97;150
95;95;70;9;95;9
53;121;168;87;134;197
36;63;63;106;63;36
64;75;173;134;20;136
181;117;165;14;117;165
76;199;108;199;79;79
109;158;151;82;115;177
58;173;121;167;191;151
73;46;119;46;119;73
117;112;43;15;15;112
85;85;172;59;31;59
82;61;61;82;55;198
96;52;52;96;52;90
87;19;39;19;39;180
21;142;116;162;174;102
43;12;112;71;39;43
62;11;11;11;47;47
111;153;74;68;127;195
172;147;60;60;72;147
9;9;71;71;71;95
87;119;193;28;34;110
179;70;50;50;70;70
163;163;49;20;129;129
50;119;136;168;136;119
104;198;76;93;42;167
112;174;151;45;112;174
48;11;11;52;11;52
159;75;91;75;75;91
129;15;15;52;52;52
139;102;139;102;186;49
27;27;88;181;88;27
6;30;6;6;51;51
37;57;138;58;121;39
49;9;49;9;143;9
85;98;162;48;175;99
85;78;20;78;20;78
187;185;102;59;168;65
16;37;16;37;37;156
64;167;78;167;160;78
13;65;23;13;23;23
18;22;9;9;9;18
63;37;37;63;71;37
93;93;93;36;164;36
106;118;94;181;156;148
22;82;163;146;32;36
16;88;16;183;16;88
72;85;89;74;108;108
19;37;72;72;19;19
66;75;36;75;36;36
31;133;77;93;164;62
21;49;56;56;21;56
54;54;71;161;54;71
35;95;35;54;95;95
200;81;81;26;26;81
26;8;114;26;26;8
95;77;165;26;177;43
56;28;56;28;28;126
30;99;99;132;30;99
18;97;97;67;67;97
35;35;141;141;70;70
200;90;90;16;16;46
163;66;199;10;10;166
70;91;70;115;91;70
13;13;185;92;92;13
17;19;19;17;19;50
156;61;131;103;53;72
173;93;88;93;88;93
76;11;11;76;116;76
170;93;88;131;157;101
21;126;18;189;150;156
66;71;71;66;174;42
76;111;76;60;60;60
74;74;43;122;122;179
106;84;6;84;6;84
19;19;34;34;192;19
71;20;71;20;25;71
88;52;200;52;52;88
128;16;16;17;17;17
54;27;92;92;54;54
150;150;186;95;11;186
20;20;182;20;22;22
91;91;20;167;20;91
29;29;63;29;53;53
140;15;140;15;57;114
167;41;49;41;49;41
169;86;121;86;75;75
63;28;77;77;28;28
88;168;153;54;164;119
135;37;37;37;5;5
64;12;50;164;50;164
10;65;10;10;65;109
83;49;83;173;83;83
28;58;58;76;76;58
96;96;32;105;96;32
83;65;139;65;83;65
198;74;127;127;24;74
133;122;114;15;139;19
104;13;38;38;13;38
71;42;56;42;71;71
82;69;30;82;82;69
54;180;72;41;86;63
94;63;94;79;63;15
44;44;44;16;91;16
33;54;30;30;138;138
106;30;178;178;124;124
18;32;6;18;18;6
89;80;80;140;89;80
108;87;191;191;22;87
41;99;41;189;170;170
96;39;39;96;64;96
197;141;114;192;103;191
96;115;115;119;15;96
9;93;40;9;40;40
36;36;158;21;21;107
75;52;150;52;52;75
67;151;14;67;67;14
145;149;101;58;120;149
193;108;66;79;28;123
90;18;18;174;90;148
26;109;28;122;97;198
175;198;41;33;41;175
78;31;48;78;31;31
18;143;18;39;39;18
190;124;145;86;18;152
58;41;41;18;58;18
97;13;75;131;75;182
25;6;25;6;6;85
96;96;193;77;104;77
161;9;9;39;9;39
182;9;9;60;60;60
25;38;78;78;38;78
88;133;88;102;133;102
95;172;91;118;91;95
175;105;91;127;79;121
154;104;37;37;179;104
68;51;68;123;124;123
61;51;51;51;172;61
75;92;41;75;92;75
181;143;181;143;25;25
18;47;18;18;48;47
86;101;101;85;15;86
95;18;98;18;98;98
69;27;27;69;27;162
106;33;33;57;57;33
93;95;61;93;93;95
44;44;80;72;72;44
60;60;147;147;77;77
78;184;78;66;78;66
170;71;173;138;108;27
145;145;185;199;107;107
27;191;27;27;52;52
96;96;18;24;24;96
112;112;153;153;177;32
29;160;169;29;169;97
18;67;78;18;67;67
100;139;145;50;184;52
31;31;93;93;135;31
187;95;144;125;151;72
86;53;53;53;18;18
95;95;133;36;35;133
125;66;66;72;121;72
54;64;54;54;64;184
172;24;51;24;51;24
168;173;144;123;16;60
71;14;169;71;14;71
44;136;30;188;44;188
5;5;15;112;15;15
16;127;142;174;194;142
31;168;90;22;78;171
106;138;188;138;138;93
83;83;37;99;99;83
68;17;104;35;184;132
72;43;80;54;84;178
111;109;132;109;89;132
23;6;6;6;23;151
170;82;15;82;82;15
71;71;77;170;77;77
17;17;8;17;16;8
76;130;21;21;76;76
87;149;45;149;97;87
152;171;152;24;24;21
95;19;92;95;95;19
75;26;75;75;26;71
54;148;148;107;190;190
176;175;95;37;58;60
35;35;95;35;41;41
18;61;61;61;18;145
36;179;153;60;160;92
89;79;96;89;79;89
35;195;104;42;106;42
167;84;25;25;199;84
191;184;174;174;184;74
23;47;182;193;27;123
73;73;11;112;61;11
140;189;127;88;45;24
92;194;170;54;161;158
120;166;199;51;91;59
74;174;106;25;76;178
198;198;198;132;120;186
77;21;21;48;48;21
115;150;35;115;140;115
184;84;175;190;175;84
114;63;61;63;61;61
147;161;42;67;35;34
91;76;123;91;105;123
30;44;173;30;44;30
87;129;87;57;87;57
28;59;28;64;59;59
8;96;96;96;53;8
72;53;60;53;53;72
95;32;125;19;61;98
70;70;40;65;40;70
39;153;75;75;39;39
105;128;13;62;61;100
149;172;77;14;101;31
40;40;26;26;26;84
32;99;72;72;32;72
11;105;139;198;188;18
10;10;59;79;10;79
48;26;26;26;41;48
35;29;29;34;29;34
152;42;183;163;163;152
180;19;121;51;180;19
24;98;98;24;93;98
21;21;21;57;52;52
46;132;90;26;23;117
63;63;63;86;86;178
49;50;49;62;50;49
30;142;179;64;35;189
140;148;124;191;112;95
16;103;16;199;172;43
42;146;141;149;92;65
173;134;90;168;134;173
30;30;97;97;143;30
54;35;90;17;191;51
21;21;38;38;193;38
61;90;198;61;136;136
137;132;195;39;177;159
181;164;42;42;164;44
75;57;75;113;57;75
56;56;23;40;56;40
169;90;90;169;151;132
54;54;57;57;57;117
28;155;7;28;28;7
76;61;12;12;12;76
180;47;140;140;180;47
77;77;102;174;129;174
137;41;77;172;158;105
41;64;83;41;64;161
34;165;39;34;34;39
22;93;22;48;48;48
88;21;143;74;88;74
94;17;178;94;94;17
46;46;97;97;46;130
131;71;5;5;71;5
200;200;154;200;154;27
103;149;149;103;179;160
109;93;93;26;128;109
70;107;119;149;36;149
180;183;38;143;183;180
38;61;38;61;28;38
42;20;20;18;20;18
160;183;156;164;57;66
156;156;76;125;50;125
82;64;64;82;86;64
180;194;49;77;20;100
32;32;158;80;32;80
134;15;15;139;114;114
10;52;53;52;53;52
114;114;177;24;177;152
98;36;67;98;67;98
80;109;72;109;80;167
98;176;98;98;67;67
78;78;82;168;61;168
16;37;16;37;16;196
76;76;59;41;59;59
73;75;75;73;75;43
52;69;69;52;69;10
70;34;34;70;82;34
49;52;52;82;82;82
96;71;119;38;71;38
55;75;75;55;105;75
75;76;132;132;75;123
33;51;33;51;54;33
95;195;20;95;20;20
11;61;151;61;11;11
55;150;55;10;10;10
78;78;45;15;78;45
32;32;64;32;67;67
171;171;171;150;171;99
29;172;172;163;137;29
25;31;72;25;25;31
77;96;157;157;189;96
103;119;97;134;103;134
93;134;154;103;134;154
87;69;69;69;87;58
130;22;74;74;22;22
30;15;15;97;30;30
112;186;95;52;80;65
167;189;147;102;24;183
55;55;18;18;18;180
119;79;98;31;90;200
117;117;126;112;126;196
117;33;33;45;45;45
36;89;36;89;89;162
10;200;159;21;93;127
181;141;11;70;11;70
123;66;66;105;188;130
84;130;84;60;60;60
32;32;39;79;39;32
24;139;160;140;140;160
98;34;46;70;29;123
117;117;96;16;117;65
34;83;20;34;34;20
108;96;96;96;96;96
56;52;111;111;24;24
56;53;56;183;53;53
122;150;122;34;75;150
110;66;48;31;186;39
39;180;11;11;180;153
99;59;94;59;59;99
50;79;172;147;29;153
105;166;105;166;28;28
170;89;121;25;84;71
21;159;21;168;127;159
170;200;167;97;167;170
13;81;45;119;159;165
26;65;65;26;173;65
40;40;191;97;40;97
198;183;183;62;198;45
101;140;79;101;79;162
32;62;11;11;32;32
68;68;45;192;45;45
194;27;134;134;27;33
12;86;36;22;92;127
14;14;40;40;40;199
124;112;90;126;175;120
30;44;44;92;44;30
42;42;57;57;57;73
114;91;51;157;111;116
86;86;83;83;120;83
18;18;165;153;51;165
23;23;45;40;182;182
116;47;47;47;10;10
78;91;84;91;84;84
41;9;41;121;9;41
33;33;33;53;45;53
102;186;36;36;104;102
13;13;139;94;39;94
72;108;162;72;162;129
30;166;111;64;49;85
80;111;38;80;38;38
28;28;28;28;39;39
88;85;85;90;88;88
119;151;75;151;21;75
156;77;14;129;39;68
26;99;180;91;177;119
91;17;91;17;17;152
160;28;191;75;169;200
132;176;96;176;42;19
136;136;173;164;164;173
174;193;193;28;164;174
75;10;120;10;10;75
104;126;146;157;126;157
66;55;28;55;66;55
87;97;87;97;71;87
173;67;47;67;47;47
40;62;106;191;170;195
17;153;28;73;109;132
5;76;5;76;17;76
18;18;132;59;59;18
36;36;75;75;75;92
21;155;54;91;155;91
86;56;86;56;97;56
88;67;67;68;88;88
124;98;62;62;62;98
55;55;27;27;27;176
180;103;30;30;103;168
86;88;93;93;88;93
94;31;31;11;94;31
19;77;179;50;133;123
83;44;44;83;44;18
13;187;173;83;173;187
52;67;52;100;52;67
58;78;78;182;58;78
79;79;42;128;79;42
46;15;46;46;130;15
69;178;69;178;27;185
29;112;141;130;112;29
70;85;85;85;70;12
7;83;83;7;103;83
72;70;72;190;190;70
81;10;81;160;10;81
57;16;105;16;57;16
51;35;51;23;51;35
5;76;5;76;162;5
112;32;80;80;32;80
86;86;119;86;66;66
21;22;72;72;22;22
35;127;127;120;163;163
79;88;79;88;79;186
72;29;178;72;29;29
50;183;56;84;42;65
150;93;93;93;38;38
36;135;146;146;50;135
83;21;10;21;21;83
50;44;44;50;44;178
125;169;93;10;59;128
115;115;46;176;189;176
87;59;113;44;102;34
48;48;171;41;48;41
51;45;45;51;179;51
47;23;118;23;47;23
72;14;14;14;15;72
148;175;30;24;136;64
82;82;147;90;90;90
119;33;33;38;38;33
139;80;187;146;122;107
92;193;99;119;178;47
151;5;38;5;38;38
105;105;103;162;162;103
18;18;105;21;21;105
93;51;51;72;93;93
98;93;93;98;98;170
191;96;99;96;99;150
6;90;6;90;115;90
9;65;65;65;156;9
33;39;33;33;39;92
39;82;39;39;45;45
161;88;88;167;168;167
96;96;86;83;96;83
7;185;7;45;7;45
97;85;129;28;28;85
19;13;19;13;13;151
181;174;85;96;44;45
188;188;52;158;52;158
76;103;76;84;117;103
74;74;177;174;177;174
60;124;149;55;60;65
141;41;50;50;41;50
88;85;85;88;85;69
116;119;116;38;119;142
93;93;33;68;33;33
71;44;44;38;44;38
63;175;109;109;63;132
125;39;173;38;155;76
22;163;138;138;163;130
105;64;141;105;64;22
61;84;61;67;61;84
25;136;24;18;59;45
18;60;98;60;18;60
28;28;28;19;48;19
177;72;24;71;111;120
157;45;38;48;176;147
14;87;13;14;14;87
62;126;156;116;196;84
22;190;86;92;185;127
39;48;48;41;48;39
40;52;38;74;21;142
97;97;97;31;31;87
41;198;96;20;49;145
53;87;87;87;128;184
67;107;156;107;188;67
30;72;129;177;98;63
51;56;51;23;56;51
7;7;68;68;7;93
198;172;172;190;198;190
21;115;21;89;64;89
115;19;137;86;81;79
61;179;19;19;19;61
44;86;58;58;58;44
119;100;78;119;100;126
149;149;198;21;198;21
82;30;82;77;30;82
182;12;11;12;12;11
114;31;175;71;110;170
63;67;44;44;63;63
52;46;41;52;41;41
45;45;185;88;45;88
17;21;125;21;17;17
79;119;125;82;181;70
26;26;38;38;99;38
94;189;42;42;94;12
20;45;45;45;20;38
89;117;115;89;27;27
55;81;55;197;55;81
133;188;47;196;162;192
18;18;63;151;63;18
70;76;54;54;76;54
18;90;18;90;57;90
27;140;73;73;27;27
30;145;26;198;165;135
19;128;97;97;97;19
9;86;76;86;86;9
9;9;9;132;9;9
126;72;84;72;120;126
87;87;82;82;20;82
36;54;54;55;170;54
178;18;18;18;50;50
18;151;18;151;75;64
90;90;197;154;44;154
47;134;148;112;112;134
72;72;35;35;35;150
191;36;64;36;36;64
97;97;91;91;91;172
135;28;135;26;179;26
94;35;94;35;94;132
14;161;188;111;81;130
92;92;92;16;158;16
69;46;46;104;69;69
49;158;172;41;49;41
93;27;74;27;27;74
182;19;94;187;24;70
31;86;31;34;34;34
48;37;48;37;21;37
37;100;37;37;48;48
99;99;150;58;58;99
12;12;51;51;51;147
194;180;194;194;64;70
29;26;29;29;70;26
25;144;144;25;89;197
28;44;28;31;44;44
83;83;83;86;83;83
40;40;40;45;45;196
47;109;48;42;151;178
100;187;187;100;20;193
171;133;102;105;58;64
57;57;50;197;50;50
31;155;31;12;12;12
25;25;69;69;25;41
96;128;96;33;96;33
190;57;190;82;66;57
155;158;119;72;27;126
35;69;18;69;18;69
11;22;22;11;22;169
66;20;177;109;174;146
16;31;22;145;36;171
89;58;58;69;89;89
35;186;35;64;64;35
129;185;76;45;48;44
40;113;147;29;147;147
174;100;101;19;162;76
69;60;69;60;127;60
183;84;172;196;93;144
92;25;133;189;177;159
56;47;12;47;47;56
50;65;77;50;77;50
31;22;24;54;90;151
50;163;156;35;60;116
36;116;120;151;200;119
163;67;109;141;104;86
71;7;65;7;7;71
64;64;16;16;16;198
26;63;26;90;63;26
65;65;65;71;71;190
67;67;67;49;19;49
69;109;36;155;114;150
144;66;49;25;94;130
63;13;123;115;65;172
18;136;151;157;192;159
10;10;21;21;42;21
23;59;23;59;183;23
70;173;37;70;37;70
46;46;92;92;46;163
79;35;35;79;79;50
183;61;61;88;183;146
35;67;189;67;90;90
45;47;172;47;11;45
93;125;24;24;24;93
185;86;12;12;62;62
60;60;27;27;60;45
169;127;169;166;127;144
58;58;58;10;10;195
79;50;50;79;79;148
9;39;21;21;9;9
90;57;90;156;57;90
29;7;76;7;7;29
52;136;147;136;52;163
27;99;114;99;27;99
164;143;12;197;26;51
93;93;57;57;58;57
54;85;54;85;143;85
58;29;77;58;58;77
120;184;148;148;120;173
29;6;29;18;6;29
194;92;145;194;87;87
29;80;145;116;29;80
23;23;37;37;79;37
66;37;81;107;66;107
90;38;90;54;38;90
200;37;37;24;37;24
59;59;104;78;78;78
26;10;80;80;80;10
19;13;19;143;176;176
54;46;54;135;54;46
16;29;16;29;16;138
105;87;198;20;97;119
34;28;34;10;28;34
82;79;82;79;82;150
81;30;30;129;81;129
53;108;101;154;23;160
39;44;44;39;32;39
161;81;170;13;67;10
10;18;18;10;137;18
184;62;184;149;131;131
90;46;54;90;54;90
185;79;176;185;110;79
49;36;36;9;9;9
29;41;182;41;117;41
80;192;149;192;42;42
51;51;51;97;97;171
195;56;165;111;20;112
142;136;127;170;92;91
5;58;5;25;58;5
12;77;77;77;194;12
62;29;62;62;93;93
14;159;14;66;14;66
95;41;95;56;56;56
95;61;108;61;95;61
9;33;33;9;33;192
164;14;47;184;47;14
30;178;30;20;20;20
101;32;86;32;50;86
79;8;116;8;8;79
87;159;153;87;136;159
34;40;34;40;34;109
96;37;37;96;94;37
35;79;79;79;34;35
115;115;131;84;49;49
187;127;77;76;57;23
170;88;198;170;93;88
43;199;43;197;185;185
98;87;98;92;87;87
166;172;133;71;160;93
42;27;42;27;18;27
73;73;73;90;122;90
69;59;59;59;124;69
81;15;15;22;15;22
48;48;98;98;166;155
129;136;110;40;40;110
91;91;200;35;91;35
85;23;184;184;77;77
148;32;28;28;32;99
136;99;139;139;68;68
122;181;110;104;169;74
76;56;56;56;10;76
175;159;38;87;38;87
28;170;80;28;80;80
158;89;89;7;7;7
53;15;15;53;116;15
90;90;159;156;65;65
146;67;67;67;15;15
40;8;8;41;41;8
67;101;101;155;67;76
67;70;70;67;70;57
84;182;67;84;67;67
181;38;84;185;176;110
97;97;39;39;50;192
41;41;64;121;64;64
139;163;31;112;123;189
130;103;139;139;103;190
161;102;157;146;32;24
91;57;153;91;91;57
85;77;77;77;68;68
182;104;160;160;104;182
47;47;12;12;175;47
103;103;165;18;100;165
58;143;136;100;136;100
185;185;183;183;19;19
79;23;79;23;115;115
58;58;192;58;77;77
129;83;92;12;12;83
168;31;31;67;31;67
140;54;178;26;10;66
79;183;7;7;79;7
95;27;95;95;64;27
63;6;49;49;49;6
175;149;140;140;175;56
43;107;43;64;198;198
138;16;70;138;16;70
74;74;123;90;74;90
44;44;83;137;83;83
198;89;54;54;173;198
90;43;39;198;39;90
33;145;102;145;144;33
69;69;22;69;34;34
64;165;64;165;32;48
32;58;32;58;22;32
183;102;15;15;183;170
77;81;77;77;31;81
12;12;129;54;54;174
183;97;19;40;111;61
40;101;100;43;199;23
68;68;78;78;96;68
11;11;88;88;57;88
62;183;104;178;197;21
158;58;35;35;35;58
92;69;92;62;62;92
87;46;67;67;87;67
150;85;144;66;66;85
159;20;109;162;28;137
194;179;36;135;43;39
69;69;25;23;25;69
84;65;24;84;84;65
53;46;53;91;100;91
11;90;152;53;152;53
20;103;54;75;26;48
133;55;151;105;173;79
95;41;95;41;41;147
69;193;77;128;69;128
58;76;58;55;76;58
93;64;93;93;64;199
87;79;23;23;87;87
91;91;31;31;31;83
145;88;88;39;115;145
26;26;73;151;73;26
148;148;96;65;16;148
132;183;132;58;58;183
20;20;78;78;20;115
61;162;167;177;52;50
176;185;64;64;185;176
66;67;66;141;141;47
170;30;82;61;170;30
36;30;36;95;95;95
7;48;48;148;48;7
173;173;86;20;173;104
95;194;56;164;60;196
22;46;160;22;46;46
150;98;83;13;137;182
48;48;48;6;155;6
71;159;183;33;196;95
94;195;93;93;93;94
19;161;169;160;161;19
84;84;149;149;23;190
110;164;96;57;96;110
166;166;182;150;111;150
80;80;72;63;63;80
23;76;76;76;98;23
22;9;126;9;22;22
175;88;35;90;90;175
23;108;158;23;134;158
147;59;114;59;68;125
21;125;13;21;13;125
95;103;115;106;20;23
139;183;87;110;134;156
55;162;44;129;55;129
17;68;68;68;17;38
31;96;129;176;197;91
52;49;49;49;13;13
185;153;180;195;52;46
70;8;13;8;8;70
61;46;61;61;141;46
195;31;58;11;193;179
74;96;129;61;195;171
33;49;33;196;49;33
34;34;15;15;15;51
20;54;20;170;54;20
35;35;11;41;41;35
21;126;127;150;93;55
26;26;26;84;84;124
25;46;46;46;104;25
175;34;10;34;10;10
55;125;55;63;55;63
46;127;33;46;46;33
74;72;40;72;40;40
97;143;97;12;151;30
11;101;139;16;172;84
42;42;192;78;78;78
36;63;86;63;36;36
91;189;189;44;91;102
117;42;99;117;172;99
187;197;200;187;197;129
93;13;93;199;93;13
58;198;83;122;164;77
102;138;109;143;116;52
39;37;39;149;149;37
72;43;130;72;72;43
41;150;41;41;41;41
85;130;180;180;59;59
110;17;21;140;33;27
104;104;104;188;104;24
80;40;80;80;82;82
63;12;63;12;36;12
190;55;37;105;14;157
19;19;30;30;78;30
90;158;90;86;86;90
57;59;59;57;59;172
131;123;128;200;169;168
10;142;175;175;142;10
45;53;45;143;45;53
170;71;71;54;54;54
157;194;113;193;193;113
96;79;65;96;96;79
54;186;11;54;11;11
113;178;71;178;71;113
133;23;23;92;92;23
42;138;102;138;102;42
34;67;67;14;34;67
173;35;43;43;43;35
70;80;10;174;31;190
134;76;182;92;63;90
87;194;61;61;87;87
87;109;135;187;109;187
82;163;163;52;18;18
54;55;55;116;54;55
57;21;86;17;86;86
64;47;47;64;57;64
81;152;111;169;140;65
77;97;97;77;77;48
143;34;34;143;59;54
144;181;144;131;144;29
10;76;76;76;10;28
13;13;98;98;103;13
117;119;81;31;148;59
93;110;93;110;133;172
163;69;69;30;69;30
36;45;37;45;79;37
43;39;142;39;43;43
30;46;46;30;73;30
51;51;8;29;8;51
68;46;123;68;46;68
34;181;48;34;48;34
63;9;9;97;63;63
184;99;99;31;31;99
149;44;164;22;25;101
59;59;11;127;59;11
53;171;53;67;67;87
167;165;62;62;165;84
72;72;83;142;103;142
17;13;17;13;13;48
200;103;60;155;155;200
66;66;34;34;34;166
17;30;197;178;90;27
186;65;196;183;182;195
19;134;91;19;19;91
93;68;68;93;180;93
33;176;189;33;189;122
188;29;10;10;29;29
18;95;178;140;22;89
93;31;93;93;15;15
97;97;97;139;69;69
69;15;69;47;15;15
105;50;50;99;168;99
35;110;112;35;37;37
19;19;16;19;16;16
185;75;75;43;75;43
27;27;55;163;55;55
95;90;67;90;67;90
61;108;192;155;108;155
51;57;57;68;57;68
198;114;136;180;60;28
108;108;166;58;39;108
79;17;112;79;17;79
28;28;62;62;157;28
15;72;19;72;15;72
37;74;185;37;37;74
95;27;95;95;26;26
109;139;133;117;70;170
186;139;157;13;36;90
164;164;186;85;85;186
53;186;53;109;109;70
10;76;27;76;76;10
121;98;105;105;187;187
190;51;76;51;76;76
165;108;56;182;114;186
197;90;57;152;90;197
191;32;109;75;191;75
95;14;121;194;126;165
82;67;101;27;81;26
44;86;58;86;44;86
107;53;169;107;53;138
196;115;181;78;182;41
131;131;59;125;193;59
109;59;59;41;41;41
44;53;53;41;53;41
72;72;79;79;79;21
20;76;76;199;20;76
9;87;87;9;87;18
36;36;36;33;47;33
69;39;39;39;39;39
18;31;149;34;34;18
195;100;120;120;94;100
197;125;153;173;119;185
66;66;67;18;66;67
49;109;49;78;78;49
36;36;184;64;36;64
75;140;75;151;140;147
177;126;76;35;28;163
11;73;11;73;73;114
125;125;26;196;135;196
120;120;49;13;126;126
60;70;41;41;70;41
11;11;82;11;88;82
143;191;32;32;191;143
32;76;32;76;77;76
46;120;96;125;122;66
91;75;195;138;181;55
44;191;199;10;163;182
55;55;55;84;188;84
181;186;175;175;29;181
77;77;28;28;29;28
139;107;92;107;107;155
115;119;120;14;39;197
81;81;26;81;26;48
196;196;88;197;11;88
37;122;78;194;185;177
13;13;13;12;84;12
39;161;20;20;39;156
93;85;85;85;40;40
82;82;62;82;43;62
151;41;78;78;160;41
53;63;53;82;53;63
21;160;189;181;14;190
83;179;111;83;125;111
144;162;162;173;173;144
74;16;82;101;185;133
42;83;83;115;42;83
146;198;49;188;46;130
44;56;150;124;150;124
138;167;135;156;36;59
35;5;5;5;59;59
188;77;139;188;139;93
125;136;172;136;34;34
37;37;37;6;6;147
184;184;149;44;45;44
16;15;199;194;177;196
140;174;148;101;174;148
82;82;13;13;13;34
45;93;45;45;14;93
59;59;78;78;126;59
35;11;11;132;35;11
27;27;65;27;96;65
141;141;33;97;97;33
39;81;18;18;18;39
113;93;197;197;133;133
34;186;30;30;30;34
13;91;13;46;46;46
147;37;120;34;151;12
49;33;49;49;54;54
71;42;71;71;42;12
15;5;144;15;5;5
6;10;6;10;6;104
32;41;41;32;101;34
73;92;73;73;176;92
16;95;95;16;32;95
53;161;85;104;22;136
61;65;65;61;65;148
83;83;86;84;83;86
94;94;60;66;94;60
48;34;34;34;48;48
77;95;95;95;77;120
89;157;157;45;128;89
93;10;25;165;10;165
115;116;11;92;46;172
80;154;31;154;31;107
80;140;15;15;80;80
171;86;124;124;91;124
74;14;74;74;14;95
27;27;27;48;38;48
13;29;13;29;64;29
195;195;26;155;190;155
57;57;155;90;90;57
21;152;168;150;22;21
64;45;46;116;101;72
149;104;103;40;166;80
153;117;96;34;34;96
77;156;53;43;70;135
75;75;75;101;95;95
156;110;110;74;74;156
193;32;158;159;158;159
44;74;74;44;44;158
108;44;44;44;6;6
68;198;181;25;25;181
145;186;107;115;119;55
56;89;89;89;89;56
181;48;193;48;193;181
131;123;125;118;165;19
63;63;32;63;149;32
162;34;34;141;162;16
90;90;90;42;21;42
64;67;67;67;67;67
81;35;89;89;89;35
172;146;106;187;106;140
58;92;92;58;66;58
180;183;180;183;89;20
82;52;82;52;184;52
38;134;79;56;106;182
96;124;190;35;48;74
8;23;23;193;8;23
152;55;124;122;152;122
62;47;23;151;89;88
45;54;45;181;94;94
48;127;48;48;48;48
10;10;10;103;75;75
15;115;86;79;64;145
73;64;38;73;64;64
35;81;57;57;81;81
96;96;44;44;101;44
37;94;37;55;55;55
93;93;82;82;138;93
59;39;148;130;174;191
47;53;53;53;47;29
57;63;77;63;57;57
68;81;17;81;81;17
41;96;140;96;41;41
179;12;172;15;188;115
98;98;192;77;77;77
122;105;190;144;29;147
15;82;82;32;77;32
59;22;59;59;18;18
27;86;86;82;27;27
42;64;42;42;64;133
144;151;199;151;144;199
24;24;132;180;132;180
87;79;135;86;87;87
175;120;175;149;149;181
79;51;79;79;140;140
169;156;156;169;124;108
20;25;20;101;25;25
26;27;183;27;26;26
122;152;148;95;153;189
190;22;25;25;22;22
83;67;70;83;83;67
39;70;39;49;70;70
64;64;64;50;79;50
200;40;83;40;200;78
14;80;14;108;14;80
80;30;74;74;80;74
77;197;77;20;77;20
72;144;192;15;126;38
122;122;48;48;110;131
13;85;84;167;43;132
14;14;50;102;50;14
72;15;72;15;80;72
53;119;33;119;33;53
84;84;84;55;55;155
89;45;181;45;89;45
60;60;60;41;139;41
17;197;159;127;189;88
79;163;79;82;82;82
150;66;66;89;66;89
191;113;113;149;149;113
56;10;92;89;71;23
87;128;87;87;75;75
25;200;36;104;197;142
32;8;8;8;66;32
87;87;35;15;87;35
95;40;45;45;45;95
185;170;57;170;57;119
64;122;99;36;24;167
158;88;104;88;145;41
114;156;88;156;114;88
20;91;109;20;91;91
44;103;186;103;179;186
192;139;37;54;78;14
127;127;186;94;94;88
30;30;85;85;30;59
75;126;126;142;75;10
50;32;166;32;50;50
60;45;81;60;81;81
109;196;11;143;196;143
49;37;54;49;37;49
174;72;164;139;132;194
33;33;11;11;27;11
92;43;97;17;92;43
175;185;134;134;178;178
22;41;22;41;22;50
31;87;87;31;59;87
85;85;93;200;85;93
21;92;56;92;56;56
8;9;8;9;8;15
189;151;200;141;134;174
36;156;198;45;38;178
15;183;141;161;127;89
106;15;71;186;85;70
79;158;58;36;89;185
124;124;38;49;32;38
16;77;77;16;174;77
181;149;181;149;26;33
122;87;87;16;135;135
26;161;26;93;93;26
92;132;92;89;89;98
9;121;9;29;29;29
74;121;110;110;121;39
196;181;140;34;140;181
13;68;13;93;93;93
29;43;29;9;29;9
36;195;36;36;35;35
55;188;100;55;79;100
65;10;110;46;193;137
16;99;76;76;16;76
86;16;19;16;19;19
98;178;166;152;166;152
188;191;182;67;189;167
89;5;5;108;89;89
91;66;12;66;12;66
67;67;22;22;67;72
34;65;65;82;34;65
153;105;44;19;136;174
37;58;99;99;99;58
71;186;65;93;186;71
129;174;121;193;15;46
150;99;99;142;150;145
86;159;168;159;168;119
47;12;108;147;108;147
135;20;20;76;76;76
80;80;161;68;68;80
179;154;18;154;116;116
85;35;82;85;35;86
83;24;83;83;10;10
168;99;116;21;138;25
31;132;75;142;142;31
99;150;140;35;99;99
61;61;98;81;61;81
18;17;17;17;157;18
139;59;148;188;39;119
111;148;143;29;29;148
125;29;87;87;87;29
196;23;23;96;23;96
108;108;196;196;131;131
137;154;192;49;155;156
9;5;9;5;9;134
92;92;24;80;24;92
53;53;85;85;106;85
92;45;45;92;184;45
14;14;37;37;189;37
15;57;83;83;47;47
195;78;33;147;35;153
86;16;16;86;86;177
161;83;76;10;161;10
102;153;194;53;92;192
101;138;149;101;138;149
122;39;15;39;39;15
187;175;91;79;175;79
46;147;46;44;44;46
63;34;34;110;63;34
84;88;61;88;61;88
22;22;66;90;90;22
108;168;52;168;183;183
82;55;82;72;55;171
129;149;159;159;23;149
134;131;62;46;123;124
74;74;30;168;30;74
18;18;125;18;70;70
99;185;25;167;126;16
96;96;98;96;98;165
70;50;40;90;169;37
76;76;24;24;24;81
5;30;5;17;30;5
191;37;23;23;37;37
55;30;92;55;92;55
117;24;79;79;24;79
83;46;144;184;184;46
160;150;136;173;189;32
45;53;53;18;70;70
163;84;84;23;23;84
85;86;62;85;62;85
120;68;11;158;49;18
108;93;80;128;51;144
14;14;14;39;39;59
23;70;179;64;179;64
43;43;78;78;23;78
31;89;31;89;31;33
25;194;67;25;25;67
124;19;92;124;87;19
114;82;82;31;31;31
38;38;30;30;30;170
74;28;80;47;65;141
64;166;166;64;195;195
27;29;21;16;45;20
156;28;191;106;151;79
98;98;181;49;158;152
87;75;143;37;26;39
68;100;157;157;100;52
48;175;46;52;183;95
43;113;31;31;43;43
33;95;95;186;95;33
102;141;155;169;18;172
66;43;7;66;7;66
159;114;41;32;65;42
118;17;17;84;178;118
14;14;87;87;14;36
72;77;72;39;39;39
89;92;77;89;89;77
175;127;127;132;132;97
56;65;65;56;178;56
166;103;187;59;128;66
187;175;175;91;52;91
125;23;98;98;23;98
59;152;26;59;152;26
133;69;45;109;173;158
193;33;193;182;11;11
94;40;16;40;94;40
14;27;27;14;15;14
43;21;43;176;21;21
167;17;57;21;167;167
94;17;94;59;94;59
85;97;97;97;85;54
43;41;15;190;128;120
13;13;113;113;35;175
176;34;50;50;34;34
82;80;70;70;70;82
97;93;67;93;97;58
193;179;141;124;178;195
87;22;87;39;87;22
90;90;165;35;35;35
32;48;48;48;32;61
72;60;72;60;74;60
42;10;10;152;42;10
79;99;79;99;99;121
16;186;105;150;183;54
58;157;79;184;118;81
89;32;89;32;89;185
32;110;12;12;32;32
34;86;34;152;86;86
147;183;182;77;182;183
90;181;144;90;144;87
36;11;11;36;176;36
131;168;143;23;14;102
75;75;132;80;80;80
104;125;100;19;176;65
32;32;66;162;66;66
136;93;69;171;20;153
44;44;37;49;37;142
34;8;8;34;8;42
16;7;7;133;16;16
109;30;44;74;39;146
47;96;96;96;47;189
30;112;134;112;114;134
103;193;178;103;44;103
10;12;96;12;12;10
16;83;83;168;83;16
44;44;61;93;44;93
114;12;59;12;12;59
21;94;94;126;94;21
40;40;124;73;73;40
49;164;147;114;122;81
27;27;32;86;32;32
109;85;163;36;48;97
124;32;72;32;72;32
32;103;183;179;183;32
25;118;25;87;25;87
191;101;47;47;149;191
48;166;33;166;33;113
96;96;70;197;70;70
188;13;19;19;19;13
29;29;94;29;94;175
73;78;73;78;95;78
86;86;86;44;44;44
173;198;118;150;91;77
103;132;171;98;118;118
91;58;32;198;91;32
56;56;77;184;77;56
118;179;146;146;118;179
75;54;54;28;54;28
55;82;55;13;82;55
59;55;81;184;145;102
90;157;58;90;58;58
37;78;78;96;96;78
99;99;121;152;121;200
34;75;153;34;75;75
84;69;69;105;84;69
79;111;79;109;155;155
9;54;54;9;85;9
79;97;11;182;31;140
175;73;41;161;77;77
129;153;39;129;153;10
61;20;61;196;20;61
117;73;146;24;199;62
77;77;31;180;31;77
56;19;19;19;56;167
105;151;32;151;32;93
187;10;174;187;174;28
17;49;74;17;74;74
67;67;67;82;82;65
78;78;52;52;52;52
123;123;140;85;29;85
19;19;19;48;14;48
110;200;200;121;110;199
100;29;40;141;64;91
57;100;107;107;57;46
25;107;196;85;69;108
129;62;22;22;62;62
196;136;93;196;93;136
81;81;75;81;75;134
29;36;29;36;36;70
82;82;150;32;32;82
91;64;117;64;64;91
98;195;5;98;5;98
27;27;53;91;56;91
144;123;95;58;96;66
76;145;159;131;131;145
149;27;16;177;16;27
61;61;63;61;63;150
102;84;84;126;126;102
13;13;13;81;95;81
182;194;12;180;12;194
123;133;123;133;57;57
67;84;131;67;84;84
18;116;19;72;70;190
92;66;156;66;92;92
62;64;99;99;64;99
172;34;55;52;52;174
73;73;147;74;37;147
68;35;35;142;35;68
52;52;73;61;132;132
111;111;105;89;89;105
70;91;91;47;91;47
131;181;90;90;90;29
81;127;125;105;122;55
70;35;43;70;35;70
169;97;169;193;143;193
94;199;17;94;17;94
61;162;191;191;190;190
39;60;60;166;39;48
60;60;107;60;90;90
80;105;44;103;178;149
139;33;61;65;109;189
125;114;84;39;185;158
154;83;78;31;50;143
167;105;183;120;72;42
28;164;88;28;28;88
163;20;20;17;17;17
25;25;170;25;53;53
32;28;32;22;22;22
32;46;46;82;46;32
44;105;68;68;44;68
123;38;31;87;166;16
12;90;90;12;12;73
137;158;58;141;54;49
39;39;58;10;58;58
59;59;31;59;31;12
150;113;150;150;150;199
173;92;74;92;92;74
64;21;192;64;64;21
62;146;123;139;123;62
36;21;36;21;103;21
143;82;149;64;116;110
60;86;86;86;48;48
5;5;5;14;66;66
76;148;76;148;37;98
117;31;104;31;104;28
58;21;130;15;21;15
150;44;40;35;104;154
49;130;46;127;190;140
86;19;86;86;19;167
54;19;104;19;54;54
94;42;94;42;42;11
103;103;57;114;91;91
62;73;73;62;69;73
131;190;107;170;82;92
56;5;130;5;5;56
181;140;163;180;117;21
91;91;46;187;91;46
63;51;68;51;68;68
76;46;46;46;76;144
25;65;120;140;67;59
144;70;70;70;58;58
61;55;61;55;55;30
79;78;79;78;79;62
72;72;106;11;11;11
145;93;93;145;173;156
19;85;19;85;59;19
186;151;186;151;38;38
176;103;176;60;60;103
10;10;11;10;11;164
167;185;131;185;160;88
48;48;48;49;49;21
40;95;95;28;40;40
25;158;123;76;123;76
34;12;12;34;47;34
74;50;74;74;50;120
109;27;85;27;85;85
71;34;71;34;71;21
15;168;15;99;99;99
56;79;56;12;75;12
114;67;198;55;106;11
184;187;135;106;11;186
58;67;67;164;58;58
106;31;20;20;31;20
78;54;71;78;78;71
51;159;178;80;80;159
36;110;39;70;107;14
48;40;38;40;38;38
106;64;20;66;95;158
37;15;48;21;127;152
196;114;103;131;107;90
165;171;100;100;199;54
149;195;18;195;152;149
14;68;68;14;169;14
195;115;169;97;115;195
14;14;62;62;14;46
186;196;128;196;107;128
183;14;149;106;176;176
166;171;52;117;117;166
16;18;16;16;16;18
146;56;111;111;142;142
92;92;92;80;81;80
198;75;75;11;75;11
18;157;157;18;126;126
89;7;7;89;130;89
93;9;9;70;9;93
5;5;95;95;98;5
34;34;34;57;57;89
175;24;163;175;109;109
199;108;137;78;138;105
185;87;87;65;87;65
127;118;133;118;133;152
39;46;39;32;39;32
14;41;96;102;86;17
74;57;74;57;115;57
57;58;57;72;72;57
199;199;106;106;36;36
44;92;148;44;92;92
37;37;68;68;68;20
90;67;90;67;90;72
11;11;77;141;189;94
28;28;47;47;122;47
38;186;76;76;76;38
78;34;34;78;124;78
76;76;76;71;42;42
40;161;43;40;43;37
128;128;54;54;120;32
70;67;99;70;67;67
39;59;20;59;39;59
66;158;119;71;54;51
149;169;67;149;67;171
72;72;50;72;72;50
91;182;91;110;125;125
178;192;193;193;193;137
138;200;114;71;155;42
20;20;20;98;53;98
64;64;17;64;17;87
66;193;193;145;66;133
82;82;51;51;82;144
199;177;96;199;56;56
37;37;87;37;10;87
141;141;186;96;33;33
31;31;33;33;193;31
102;128;128;16;16;45
55;146;55;83;55;83
24;50;50;50;24;107
60;71;60;71;78;71
